summary,reviewText,overall,sentiment,enhanced_rating
Couldn't have been happier with it's performance,"This worked really well for what I used it for. So for my purposes it is getting full marks. This is an all around great, durable, and afforable sandpaper.

Pros:
-Grit cuts really fast and evenly. No random deep scratches like I have seen in some cheaper paper
-Didn't even have a hint of clogging up.
-The adhesive is just what I needed. No permanent, but wasn't going anywhere.

Cons:
-None",5,0.3,4.518518518518518
Good paper.,Fast cutting and good adheasive.,5,0.24999999999999997,4.6690000000000005
Handy!,"Worked great for my lapping bench.  I would like it if the adhesive were backed with waxed paper for storage and keeping the grit out, but all but the first 6 inches or so still functioned when it arrived.  I used rubber cement to remedy that.",5,0.6,4.044436507936508
As advertised,As advertised,4,0.0,3.44
seems like a pretty good value as opposed to buying it ...,seems like a pretty good value as opposed to buying it at the big box stores by the sheet.,5,0.38,4.668
Five Stars,Good Product,5,0.7,4.640000000000001
Works great on flat surfaces,This stuff is great. Adhesive on the back and you can place a strip on a superior flat surface such as a cast iron table saw wing or on a piece of granite countertop and you have a perfectly flat sanding board.,5,0.27812500000000007,4.147458333333334
Five Stars,strap and lap it with this roll and keep on moving,5,0.0,4.048046536796537
Five Stars,Works great on speed bloc sander.,5,0.8,4.8
works well,Only used a small amount ot the paper but it works with the porter cable profile sander,4,-0.125,3.74
Great product and comes in a number of grits!!,"Absolutely love this and my ""old"" Porter Cable 330!!

I also use this product on my hand sanding block.",5,0.5520833333333334,4.559611111111111
Works great on flat surfaces,This stuff is great. Adhesive on the back and you can place a strip on a superior flat surface such as a cast iron table saw wing or on a piece of granite countertop and you have a perfectly flat sanding board.,5,0.27812500000000007,4.147458333333334
Rehabilitate Tools,"I cut off little pieces and stick them to a piece of hard board, and use them to dress plane irons and chisels that actually have nicks in the edges.  It's a little coarse for sharpening, but it's good for removing material to get the backs of  plane irons and chisels flat, establish the bevel, get them square across, and get them ready for sharpening.  I have rehabilitated tools that I had quit using.",5,0.026041666666666654,4.369583333333333
Great Sandpaper!,"As a hobbyist, I frequently need to sand the surfaces of the items I create.  Being able to stick strips of this PSA sandpaper to a tongue depressor gives me the perfect control that I need to sand small areas.  Great sandpaper!",5,0.5583333333333333,4.375333333333334
Satisfied,Good product. I stick a length to my workbench where I carve and use my Dremel. Handy for the poor mans jointer trick too.,5,0.35,4.197555555555556
It sticks VERY well.,"You know that super sticky glue they put on insect and mouse traps.  Same stuff apparently, or maybe it's surplus industrial adhesive, but it's too strong.  Good luck peeling this stuff off of something.  Although if your sticking it onto a block of wood for a sanding block it works really well.",3,0.2738095238095238,3.1916666666666664
Works good,Worked well with the Proter Cable Profile sander just had to cut off the size needed to go on the profile . .,4,0.7,3.7394444444444446
Four Stars,The alternative,4,0.0,3.5
Love this stuff,"After trying to get the sandpaper latches to open on my palm sander to no avail, I got this adhesive-backed sandpaper. Stuck a piece on and it is still stuck and sanding after a week! Less waste too, since there's no need to wrap around to catch in the latches. I'd never used sticky-backed before but now I'm a convert.  Very quick to stick on.",5,0.11333333333333333,4.3490918964076855
Four Stars,"decent quality sand paper, it doesn't seem to last as long as other papers in same grits",4,-0.0016666666666666692,3.8916666666666666
Five Stars,Works flawlessly.,5,1.0,3.94
Great product!,"As stated in another of my reviews, this just great!
And ... it comes in several grits.",5,0.6666666666666666,4.710416666666667
Can't live with out it.,"I've been using this ""sticket"" sandpaper for years.  My son borrowed my 120 grit, and I already know it will never find it's way back home, so I ordered a replacement roll.  I always keep some 80, 120, and 150 grit in my shop.  I can't sleep at night if one of them is missing.  I love it.",5,0.10909090909090909,4.576666666666666
The Nitty Gritty,Its gritty and it sticks. Perfect for your pad sander or your wood sanding blocks.. I have several grits. So much cheaper than buying single 8x11 sheets.,5,0.1880952380952381,4.675282372598162
Great Sandpaper,"As a hobbyist, I frequently need to sand the surfaces of the items I create.  Being able to stick strips of this PSA sandpaper to a tongue depressor gives me the perfect control that I need to sand small areas.  Great sandpaper!",5,0.525,4.375333333333334
Five Stars,Great sandpaper,5,0.8,4.327
Great sand paper,"I have been using this all week with a sanding project I am doing with garden furniture... they work great... stick amazing.. and last a long time... Great product
I have been using this with Trade Associates AF44L 7 Piece Dura Block...they work great together",5,0.5357142857142857,4.827142857142857
WELL MADE PRODUCT,JUST STARTED USING THIS AND SO FAR i LOVE IT. GIVES MORE FLEXIBILITY FOR CHANGING OUT GRITS ON MY SPINDLE SANDER. STICKS TO SPINDLE BETTER THAN PRE-FORMED ONES.,5,0.4,4.630952380952381
Handy in a wood shop,"Use this in my woodshop, works great for facing table saw jigs for grip traction of work pieces. Use it for shop made sanding blocks, will by more when I run out.",5,0.6333333333333333,4.380140211640212
they work great..,"I have been using this all week with a sanding project I am doing with garden furniture... they work great... stick amazing.. and last a long time... Great product
I have been using this with Trade Associates AF44L 7 Piece Dura Block...they work great together",5,0.5357142857142857,4.787142857142857
"Good sandpaper, but...",the adhesive does not stick to wood as much as I would like it to.  The pieces come off too easily.,4,0.4444444444444444,3.8681111111111113
Absolutly the BEST,"I have a very old (20 plus years) Craftsman 1/4 sheet sander. I got it because you could cut down full sheets and clip them to the sander.  Well after 20 years the clips are just plain worn out and no longer hold the sheets in place.  Well 1/4 sheet adhesive backed paper is WAY too expensive, and I have not found any full sheet sticky back.  I was just about to toss the sander in the garbage when I stumbled across these rolls.  I decided to give them a shot and I'm so glad I did.  The adhesive sticks well to even my 20 year old rubber pad.  The sandpaper is very durable and long lasting.  I'm using this mainly for wood, but won't hesitate to go after metal or fiberglass (should the need arise).  At only 20 cents a pop this is one of the most economical adhesive backed options around.  I'm gonna have to order a couple other grits cause this stuff is great.",5,0.17641186299081033,4.220912068833943
Porter -Cable 120 Grit Adhesive-Backed Sanding...,"Very good and well made product etc, I use it to prepare surfaces for painting and other uses as well.",5,0.39249999999999996,4.155657407407407
Stickit sandpaper,This is an excellent product easy to use on my three block sanders. I keep all grits in stock. The adhesive does not dry out.,5,0.48888888888888893,4.532496031746032
The right tool for many jobs!,"I have restored many old desks which I acquired from a local University surplus auction.  These oak desks were very good quality, but they unfortunately had an ugly black top on them.  I am unsure of what the black surface is, but it seems to be some sort of plastic/synthetic.  After stripping the desks and removing the edge trim from the tops, I used Gorilla glue to attach furniture grade oak plywood to the black surface.  After making a new edge banding and using traditional finishing techniques, the desks look like a million bucks.  I experimented with other adhesives, but found Gorilla glue to be the absolute best for strength, working time, and cost.  There is a bit of ooze-out when clamping pressure is applied, but I just wait for the glue to dry and scrape the hardened seepage with a chisel befor sanding.  I highly recommend this glue!!!",5,0.14094269765322393,4.324374786977728
Five Stars,as described,5,0.0,3.8200000000000003
It lasts!,Use it to reattach soles to shoe.,5,0.0,4.212777777777777
Five Stars,"Love this stuff. It works great and is strong and long lasting. Metal, Rubber, Wood. Does it all.",5,0.33666666666666667,4.399583333333333
gorilla gluerilla is te best glue this is a good buy,gor,5,0.85,4.394916546416546
Four Stars,Works,4,0.0,3.44
Buy it now M,Michael & Bar's pos review convinced me 2 buy...it sticks,5,0.0,4.24
Three Stars,ran out so we ordered more,3,0.5,3.0999999999999996
GREAT GLUE AND REUSABLE CONTAINER,"Cap makes reuse easy by keeping spout open. This is a superior glue I've used for wood, shoe rubber and other heavy duty jobs.",5,0.26805555555555555,4.327203823953824
This is the best way to repair an air mattress hole of any ...,"This is the best way to repair an air mattress hole of any size! Cut a piece of any cloth and put glue on both sides and apply to hole. After about thirty minutes put any kind of paper over the cloth and press down to eliminate the bubbles. keep pressing out the bobbles till almost cured, or dry. About three hours. :)",5,0.4796296296296297,4.0883884126984125
gorilla glue sticks things together. really well.,"it's gorilla glue. read the directions, try not to make a mess, make things stick together incredibly effectively, like maybe epoxy level of effectiveness. note that the tip needs to be cut off, there's no weird trick to it, it just needs to be snipped off and then you can put the cap over it when you're done. additionally, when the directions say THIN LAYER, it's a thin layer, this stuff expands and you'll see some ""great stuf"" around the edges of your seal if you use too much.",4,0.134375,3.4367834595959597
Five Stars,this s--- really works- always have the product on hand,5,0.2,4.29
Five Stars,Best dependable glue I now use in many applications.,5,0.75,4.2999457671957675
Five Stars,Great Product,5,0.8,4.8
"Great Product, Highly Recommend","Great product, drill pilot hole in ceiling, squeeze gorilla glue into hole, dip ceiling hook into water, screw hook into pilot hole, wait until dry, enjoy peace of mind knowing shop lights won't come crashing down in while you sleep =)",5,0.34825396825396826,4.333830211640212
Gorilla Glue,Thanks this is just what I needed,5,0.2,4.452
Great value for the money.,Works great.  We have used it for many different things and it has glued everything.  My favorite glue.,5,0.52,4.739454545454546
Five Stars,I love this stuff especially for anything that will be wet a lot.,5,0.13333333333333333,4.448333333333333
This is the best glue I have ever used,"This is the best glue I have ever used...great holding and bonding power, on everything I have used it on, thus far.",5,0.7000000000000001,4.330518518518518
holds good on shoes,be ready expands alot,4,0.44999999999999996,3.972
Gorilla Glue eight ounce size.,"Gorilla Glue eight ounce size.
Most of us have been in a home repair situation that just keeps getting worse the more you get into it. When that happens worse means more cash to fix the problem. There are those who say just ""do it right"" or don't do it at all. You know who you are. I can agree with them, when there is money to use, but when there are no funds there is..... Gorilla Glue. Well here is my story.

I had a small problem that quickly spiraled into a carpenters truck payments. I had a loose toilet. Not a big deal right. Tried to usual tighter down the loose bolts. No help they just kept turning, which means the terrible and dreaded WOOOOOD ROTTTTTT.
Yes Houston we have a problem. The tiolet flange that holds it in place was rotten from some sneaky water leak somewhere not visible. This insidious leak had taken its toll and caused great damage under the bathroom tile.

In comes repair guy 1 then second opinion guy. Remedy; You gotta take that toilet out, bust out all that floor tile, cut out the sub floor, put in new sub floor, put in new tile, new toilet flange, and re set toilet then grout everything. Estimate to ""Do It Right"" nearly two grand. Since you have a carpenter, then a tile guy, then a plumber guy. My heart sank as I knew how much cash I had at the time.

My thoughts. The floor seemed good everywhere but around the flange. The toilet while it would turn and lift on one side was still holding fair on one side. If only I could just shoer this thing up where it would be stable. I wish I could just shoot something in there that would fix everything and not go in debt.

How about Gorilla Glue. No that would just make a bigger mess. No here me out this might work. No it won't Gorilla Glue expands and will screw up everything. All this was the conversation i was having with myself in my head.

Ok lets do this but how to get it under the toilet. I took the bottle of glue and went to the hose department at home depot and found some clear plastic hose that would fit on the end.

The process. I lifted up one side of the toilet to inspect wood damage and condition. The rot was in the past and little moisture was present so the leak may have been partly condensation gone wild. Good news. Gorilla Glue activates with moisture. Didn't know that, so the conditions here are perfect. What the glue was now to do is to bond with the bad wood becoming super strong, water resistant, and hard as stone. it will make a bridge so to speak with the bad wood and the good wood, and Gorilla will bond with porcelain like grout does but stronger bond.

The attack. Hose on bottle, one side of toilet is lifted, hose inserted, squeezing and not much is happening as this glue is thick. Plan B, set glue bottle on floor use foot pressure. Eureka we have glue flow. Pumped about two ounces all around the toilet. Luckily the high pressure from my foot did not make the hose come off and get all over my shoes and the outside of the toilet.

Ok ok you knew it was going to happen. Yes the hose did come off and glue spewed all over my shoes and toilet. Cleaned it off and we are done almost. Remember the glue does expand while it dries filling up gaps as it forms it bonds. I was ready with a box cutter coming back in every ten minutes to inspect and trim.

All in all it worked. Solid as a rock. No leaks. Used some white silicone caulk around the base. The choice was either eight bucks for the glue, or nearly two grand that could better be used for other things like beer, new flat screen tv, taking the wife out to dinner sixty times, or other electronic man toys.

This glue saved me. In life you come across small things that work their way your heart for how well they help you or serve a purpose. Your uses and millage of course may vary. Good luck always.",5,0.09539353452814993,4.208797135462577
Have Not Found Anything That It Did Not Work On....,"I have to say Gorilla Glue, has worked on everything
that I have used it on.
And I have used it often and on just about anything one
could think of.
I have used it on my camper floor, and shower, as well
as fixing a running light.
I used to repair the seal around my garage door, and a
broken handle on a city trash can.
It fixed a tear in camp chair, and a broken ice chest lid.
I had ordered a Tampa Rays coffee mug, and it came with
a broken handle, I glued it back on, just to see if it would work
on a jagged edge, instead of a nice smooth surface, it has held
for a year now.
Now, having said that, I must say, I have not put that particular
coffee cup, into the microwave, as I am not sure what that amount
of heat would do to the glue.
Make sure that you do not use more than it takes to do the job, as it
spreads when it gets wet.
I learned that lesson the hard way.
I always have a bottle of it with me, or at least within arms reach, because
you never know when it will come in handy.",5,0.07031249999999997,3.8550594035594035
Tough Stuff,Love this stuff. Foams up and bonds really well. Been using it for the longest time and never had anything fell apart. But it can get messy. It hard to judge how much to use.,4,0.0032407407407407385,3.3674074074074074
I love Gorilla glue,I love Gorilla glue.  If i want something to stay forever i generally use it.  You just need to account for the fact that it will expand as it dries.  So make sure that there is room for that otherwise it may ooze out of whatever you're gluing.,5,0.3875,4.424916546416546
Great glue-keep off your skin,"I've used this glue before and really recommend it.filles voids and drys like steel. Caution, use rubber gloves when working with this glue, It turns black on your hands and takes 4/5 days to wear off. Nothing will remove it from your skin. Great product, great vender. I will order from theses folks again as needed.",5,0.4866666666666667,4.131607142857143
Great glue,Works great on most everything. Glued some new shelf door holders in a fridegerator that was craked and kept falling off. Not anymore. love it,5,0.5472727272727272,4.554
8oz Original Gorilla Glue,8oz Original Gorilla Glue.  This is a good strong glue.  I use the full line of Gorilla products.  I can always count on the quality of their products.,5,0.44666666666666666,4.350325743428685
It Gorilla Glue,"It sticks like crazy to most surfaces. I bought these smaller packs as it tends to go off when opened. For anything that really needs to hold this is my goto product. Note this stuff foams a bit so not ideal for decorative joins but otherwise awesome.

TIP if contact between surfaces isn't tight, spray a little water on; it will make the glue foam up and bridge any small gaps.",5,0.0037698412698412686,4.06300546879591
This glue is AWESOME.,"If you need glue to fix most anything and your don't car what it looks like, just not to fall apart. . . well. .  this glue is for you.  It foams and fills before it dries.  Make sure you put something under the object being glued becasue when it foams outside the joint, the object will be glued to whatever surface it is sitting on.  I highly recommend the product.",5,0.43200000000000005,4.179589947089947
Mostly excellent,"Once you get familiar with with how this works, then it's easier to strategize how and when to use it.  It's very messy to work with and takes a long while to set up.  I've used GG (and other brands of the same type of glue - which, incidentally, seem to be identical to the point that I don't really have a preference) for countless things over the years:  I repaired the broken frame of a Nordictrack skier that developed a crack (I glued the crack and clampled it, as well as glueing and screwing a piece of wood to the side, along the crack and a few inches beyond on either side), put a kickboard on the screen door of our front door which is starting to deteriorate at the lower corner, built a small playhouse ladder, and about a million other things I can't recall.

It works well and bonds seem to be very strong.  I generally use glue as a supplement, not as the only source of bonding (if possible).  I've repaired some non-wood items as well.  Some have worked fine, some not.  As another review mentions, you can peel the dried glue off of the nozzle when you're opening it for another use - so it's probably not the best choice for plastics.  I've done some ceramics and it's been fine - the foaming as it dries can of course make the end results look less-than-perfect.

Overall GG is very useful, and there are plenty of things for which it works very well and where, say, super glue doesn't do the trick.  I don't know if it's better than wood glue for wood projects.  From what I hear it's not, but I don't always have wood glue around, so I'll use this.

The most important advice I can give is: don't buy too big of a bottle unless you really use it a lot.  When you're done using it, squeeze as much air out of the bottle as you can.  I've never been able to actually finish a bottle of this kind of glue, because as I get to the last third or so, it usally hardens or there's so much dried glue at the top of the bottle that I have to cut apart the bottle to get to the remaining glue.  Squeezing out as much air as possible before closing the cap will mitigate this to a large degree, but at some point you just can't get enough air out and so you start to see the crusty, hardened end of the life of your precious bottle of glue somewhere on the horizon.  It's the circle of life.  For glue, anyway.",4,0.17157467532467535,3.5416816652846066
Mediocre to Average at Best.,"I have tried three different types of Gorilla glue and this one is the best, although still VERY average.  I cannot recommend it as it is not truly ""general purpose"".  While it works decently, if you don't mind the excess foaming on paper to wood, wood to wood or cardboard to plastic, it totally fails on plastic to metal or brick.  It is WORTHLESS on brick to brick (yes they are bare, unpainted bricks), and don't even think about using it to stick anything to concrete blocks.

Their Product Description is all hype and I found to be totally untrue.

""Gorilla Glue is the finest all purpose premium polyurethane wood glue available today.""

* I have found several better products, including&nbsp;<a data-hook=""product-link-linked"" class=""a-link-normal"" href=""/Elmer-s-Ultimate-Glue-P9417-16Oz-Ultimate-Poly-Glue/dp/B000MVOXGO/ref=cm_cr_arp_d_rvw_txt?ie=UTF8"">Elmer's Ultimate Glue - P9417 16Oz Ultimate Poly Glue</a>&nbsp;and&nbsp;<a data-hook=""product-link-linked"" class=""a-link-normal"" href=""/Elmer-s-E9416-All-Purpose-Glue-All-Max-8-Ounces/dp/B0045PS6K2/ref=cm_cr_arp_d_rvw_txt?ie=UTF8"">Elmer's E9416 All Purpose Glue-All Max, 8 Ounces</a>&nbsp;just to name two.

""Gorilla Glue is environmentally friendly, incredibly strong, 100 waterproof, will not freeze, requires no mixing, does not become brittle with age and will not expand or contract in the glue joint.""

* It is NOT incredibly strong!!  I first tried to glue a plastic wheel barrow what has a 6 in split in it with this this product.  After TWO days of drying (and scraping a lot of foaming residue) I dumped a load of dirt and it immediately split on first load.  Okay, maybe not enough surface area to make a good bond.  I took a strip of flexible plastic and roughed up both original surfaces and the new reinforcement strip and surface that would be in contact with it with 80 grit sandpaper, AND I also CLAMPED the reinforcement strip firmly, but not tightly, in 3 locations.  Again, after 3 or 4 days (home owner, don't have to use wheel barrow every day luckily) of setting time I went to use wheelbarrow.  Put shovel in wheelbarrow and let handle drop to side.  Guess what?  Yup, you guessed it, crack split again faster than cheerleaders doing splits at end of their routine!  So much for strong.

* It has become brittle on two or three projects for me, mostly ones exposed to intense sunlight or freezing temperatures. And then FAILED.

As to water proof & requires no mixing, I guess these are correct, but so are almost all other resin and polyurethane adhesives; environmentally friendly -- what about it is enviro friendly?  More hype to get tree huggers and green freaks to buy a product I suppose.

* * Plus this stuff foams up worse than a dog that has just tried to eat a toad and is very messy to clean up and it surface even when capped tightly in bottle tends to become rock hard and requires coat hanger to break up to get to adhesive.

I have relegated what I have left to NON critical small insignificant wood/paper bonding and will NOT be purchasing again.",3,0.1000721684777807,3.145009732691551
Strong but very difficult to work with.,"Gorilla glue might be very strong but it is not user friendly for woodworking. It has some major drawbacks. It is not water soluble so you cannot wipe the excess with a wet rag (I had to use lacquer thinner). It expands quite a bit which means even if you wipe the excess initially, you are still going to have it coming out of the joint. Don't even think about using it to glue anything without using clamps, as the expansion of the glue will cause the parts to move. The bottle cap is cheap and it broke at the bottle when I tried to pull off the cap (which of course glued itself to the nozzle).
I've gone back to conventional woodworking glues and the new ones (tite-bond) are very strong so there is no real advantage to Gorilla glue.",1,0.11853896103896105,2.1286897220426635
FIVE Things you should know..,"1) Elmers ""Ultimate High Performance"" is a Polyurethane (PU) glue and it's as good as Gorilla (another PU Glue) (As far as I can tell) but cheaper. also used the PL brand glue and can't tell any notable difference between the three. Have not used Sumo and from what I understand it sets up faster and as a result apparently has a much more limited shelf life (this is generally not a good thing - see item #2)

2) This has a limited shelf life and you probably don't need as much as you think. PU glue foams up and you use a LOT less than other types of glue. 4 oz should be more than enough for most people, 8 oz is a BIG bottle - I can't even imagine buying the 16 oz bottle. PU Glues suck moisture out of the air so unless you plan on using it up within a year or two, a LOT is going to go to waste. Don't ask me how I know this.

3) PU Glue is FANTASTIC for lots of things but woodworking glues are still better for woodworking. They are stronger and you can't clean PU glues up with water the way you can even with the waterproof Titebond products. Also if you use biscuits you will have to moisten them separately to get them to swell.

4) KEEP OUT OF REACH OF CHILDREN AND ANIMALS! PU glue is waterproof and will swell and harden inside the digestive tract creating a blockage. There is NO antidote and surgery is typically the only solution. There have been MANY cases - just search Google ""Dog Gorilla Glue"" Wear gloves (rubber or vinyl) and use lots of wax paper.

5) Aliphatic wood glues (Like Titebond II) are still better for wood to wood bonding. Fine Woodworking did a test (Issue #192) and found Polyurethane glues to be about half as strong.

[...]

If you've found this review helpful, please let me know!",4,0.18602891156462584,3.423858505111446
Really Good Glue! Use With Caution! Recommended,"""Gorilla Glue"" has become one of the most used ""tools"" in our house. We have used it to repair wooden chairs, fix a wooden medicine chest, glue soles back on to sneekers, fill cracks in a wall, and at least half a dozen other fixes in the past month.

Here are my observations:

* You must read the directions!
* Surface needs to be damp for the glue to work
* Use clamps when possible
* It expands a *LOT*, use with caution or you might accidently glue your project to the table as it expands overnight! This happend to me :-)
* This is strong glue and hard to get off once it is on a surface

Highly recommended!",4,0.10267857142857141,3.5401256613756615
Really Good Glue! Use With Caution! Recommended,"""Gorilla Glue"" has become one of the most used ""tools"" in our house. We have used it to repair wooden chairs, fix a wooden medicine chest, glue soles back on to sneekers, fill cracks in a wall, and at least half a dozen other fixes in the past month.

Here are my observations:

* You must read the directions!
* Surface needs to be damp for the glue to work
* Use clamps when possible
* It expands a *LOT*, use with caution or you might accidently glue your project to the table as it expands overnight! This happend to me :-)
* This is strong glue and hard to get off once it is on a surface

Highly recommended!",4,0.10267857142857141,3.5401256613756615
Really Good Glue! Use With Caution! Recommended,"""Gorilla Glue"" has become one of the most used ""tools"" in our house. We have used it to repair wooden chairs, fix a wooden medicine chest, glue soles back on to sneekers, fill cracks in a wall, and at least half a dozen other fixes in the past month.

Here are my observations:

* You must read the directions!
* Surface needs to be damp for the glue to work
* Use clamps when possible
* It expands a *LOT*, use with caution or you might accidently glue your project to the table as it expands overnight! This happend to me :-)
* This is strong glue and hard to get off once it is on a surface

Highly recommended!",4,0.10267857142857141,3.5401256613756615
One Tough Glue,"Pros:
-Really tough glue
-More flexible than super glue
-Waterproof
-Works on many surfaces, metals, wood, ceramics, some plastics, etc. Best for wood applications.

Cons:
-It expands, drips and produce tiny bubbles during the drying process. This is my biggest gripe. Definitely not for repairing your Lladros or others applications that require hairline precision.
-Glue is not clear but yellow. Very noticeable, not good if you really want a clean finish.
-Make sure you really clean the tip of the bottle or it will be hard to open and use it the next time
-Expensive",4,0.09986111111111114,3.5519475568004983
Surprisingly effective...,"Our concrete driveway had dozens of cement patches (to fix concrete pops), many of which were higher than the driveway's level.  This grinding wheel, mounted on a 30-year-old 4.5"" right-angle grinder, easily smoothed the patches to the surrounding level. If you grind on a windy day, you won't even need a respirator.  Great product at a reasonable price.",5,0.38541666666666663,4.481166666666667
Does a pretty good job for the price,"Does a pretty good job for the price. It did the job I needed it for but wore out quickly. If you have a lot of grinding to do, invest your money in a diamond studded wheel.",4,0.44666666666666666,3.57
Perfect for my needs,Typical DeWalt high quality,5,0.33111111111111113,4.443888888888889
Three Stars,not used,3,0.0,2.94
Four Stars,Worked great for our projects,4,0.8,4.18
Angle grinder blades,"This is another great blade for my angle grinder that came in handy in mobile home demolition.  Hopefully, you won't use it very much, but it will
do the job.",5,0.5533333333333333,3.8472182539682542
Five Stars,A HIGH QUALITY PRODUCT THAT WORKS GOOD.,5,0.43,4.548
good buy,good buy,5,0.7,4.1
Worked great and has held up very nicely,Used this to shave down slump stone that was rough on a block wall. Worked great and has held up very nicely.,5,0.4840740740740741,4.68
Works well,Works well.,5,0.0,4.08
Gets the job done,Works as advertised.,4,0.0,3.2
Good Quality,"It's hard to draw that fine line of where the ol' Black & Decker reputation ended and the quality of DeWalt begins. So far I've never been disappointed with anything I've purchased with the DeWalt name on it, including this product. I know that I pay more for schtuff with the DeWalt name on it, but in the long run it's usually money well spent when compared to other products.",5,-0.0015151515151515173,4.190727272727273
Doing a difficult job,"It will take some time, as I am trying to even up and entire patio of wandering cement.  But eventually we will be done.  And the Dewalt small angle grinder kit I bought with it is too cool!  Power hand tools are so much fun.",4,-0.0025000000000000022,4.000666666666667
excellent,tried this out on a stone i needed to grind down for a perimeter wall i am building around my garden.  worked great.,5,0.5481481481481482,4.766666666666667
Dewalt Grinding Wheels,"These are great for any demolition or cleanup work you need to do. Priced competetivley here on Amazon, they give you exactly what you ask of your tools. They go to work and don't let you down. Have used them for several projects and they hold up to a beating.",4,0.22361111111111112,3.769444444444445
"I'm a lumber jack, and I'm OK...","Working solo I used one 2601Q to raise a 26ft long by 9 foot tall 2X6 wall with little problem. Jack tends to bind if the 2x4 is not smooth, and then the rachet requires persuasion using hammer taps.",4,0.015625,3.493938492063492
Love it...,"Slightly confusing at first, once you get things together and lifting - WOW - couldn't have raised my 9 foot shop walls without them. Make sure you get the wind hook safety attachment with them.",5,0.21000000000000002,4.51
"Perfect condition, works great.","How could you frame without these? You would need a bunch of people, that's how",5,0.9,4.74
Controlled chaos,"It takes a little practice to get used to these, and I kind of feel like it's a case of ""controlled chaos"" working with them. There's a lot of things that can go wrong, so they are potentially very dangerous. I didn't realize the first time I used them when you get to the very top of the lift, the weight of the jacks themselves will tend to push the wall over. I was trying to stop the wall from moving, and both of the jacks in  unison were fighting against me. I was very lucky that one edge of the top plate caught against an adjacent wall long enough for me to pull the jack out of place. I would have lost the wall otherwise.

After that first little adventure I started to tie rope to the wall, but this is also a case of controlled chaos. If your ropes are too long, they can stretch, and the bottom of the wall can kick in and go over too. I find it best to get the walls within about 3 inches of plumb, brace the wall and get rid of the jacks. Then, and only then, push the wall into plumb.

These are very handy, but I would advise anyone using them to start with small walls (10') or so before approaching anything much heavier.  I can also say it takes about 45 min. to set everything up vs. about 15 min. with a helper. Of course if you have no helper, these are gold. Use nice straight 2x4's and be certain everything is well secured. Double up your 2x4's at the base or use the wind kit.",3,0.11969246031746032,3.2327546296296292
Work beautifully,I bought two of them to build my house. They work beautifully and must if you are framing your house with only two people.,5,0.5666666666666667,3.82
Just Nails!,I bought these as a DIY'r who didn't want to by the  4K offered by the Big Box Stores.  They worked and didnot jam... recommend them if you have a situation like mine.,4,0.0,3.8369166666666668
Good Staples,"What can I say; they are staples. Shoot fine, don't jam my gun.",5,0.5583333333333333,4.320454545454545
Five Stars,it work so well,5,0.0,4.24
Works in new Bostitch HVY Duty Staplers.,"Cheapest staples on Amazon.
Works in new Bostitch HVY Duty Staplers.
Hair enzymes in the bread.",3,0.13636363636363635,3.0566666666666666
They work...,"They are staples...They work... Extra strong... Think staple size of a construction hammer tacker (not an exaggeration, actually that size)....",5,0.14444444444444443,4.1735569985569985
to small for wood working,maybe if u wanted to  upholster a seat on a chair ok other wise  not good for wood workers sad,1,-0.00416666666666667,2.285402661064426
Use what I can ??,"I ordered these along with an air stapler and also some 1 1/2"" staples. I got these first. And WOW.... did I get them. I opened the shipping box to find all the staples were already out of their box and all over the shipping box. There were alot of them broke apart and some were mashed almost closed. Yes, I will be able to use the majority of them , but I will probably find another way of getting my next staples. All it takes is a little TLC with the packaging to make sure it's safe. I know all packages that go across country or across town get treated like crap, but if you pack the majority of items right, they will endure alot of abuse and still stay intact. I just hope my other staples make it through....",3,0.08392857142857144,3.347714285714286
worth the $6,"Good replacement wheel, very low price, packaged and shipped very safe.",5,0.4125,4.109999999999999
Five Stars,happy,5,0.8,4.859999999999999
Five Stars,works and wears well and fit perfect,5,0.7,4.9
Okay,"Replacement for an old wheel.  Haven't used it yet.  Looks like the old one (most all new products are shadows of their former selves), so it's probably okay.",4,0.26233766233766237,3.54621645021645
Good quality chop saw wheel above cheaper alternatives,These are good quality abrasive chop saw wheels that seems to outlast cheaper saw wheels from Harbor Freight and others. I will buy again.,5,0.4666666666666666,4.68
I needed this saw a long time ago.,"Have only needed one so far, work fine.",5,0.11666666666666667,3.715
Five Stars,Works great for cutting metal pipes.,5,0.10000000000000003,4.8
Five Stars,Good price on a good blade.,5,0.7,4.58
works good and great price,works  good and great price,5,0.75,4.694166666666667
excellent product,"excellent products.  This cuts so fine I use it to trim off the end of my CIGARS.  Dewalt always good blades, wood and metal.",5,0.7791666666666666,4.97
Good disks,They work well,5,0.7,4.1066666666666665
cuts great. This blade seems to cut better than the ...,"Item exactly as advertised, cuts great.  This blade seems to cut better than the cheap Harbor Freight ones, but not very much better.",5,0.42857142857142855,4.311794871794872
Five Stars,Fast ship great product Thanks,5,0.39999999999999997,4.46
Good quality and seems to have more life than others I have used,This is a good blade for my chop saw.  I have used generic ones that may be just a bit lower cost but they seem to wear much faster than this one does.  First time buying one of these on Amazon and it was delivered well and quickly.  I will buy this again when needed.  The blade is well made and seems to be lasting.,5,0.3354166666666667,4.470297619047619
Three Stars,yup it's sandpaper all right,3,0.2857142857142857,3.625238095238095
Rips easily (a good thing in my case) and lasts through ...,Rips easily (a good thing in my case) and lasts through the job. I used this to sand down some wooden bedroom furniture to prepare it for painting. I think it did a wonderful job,5,0.4488888888888889,4.22
Five Stars,Quality sand paper....,5,0.0,4.473
Arrived on time and exactly as described.,Arrived on time and exactly as described.,5,0.25,4.246071428571429
Three Stars,like,3,0.0,3.122
Four Stars,Exactly what I needed. Well Packaged and as described.,4,0.25,3.83
Very good plain sandpaper.,This is a good quality sandpaper for softer woods such as pine. I does a good job sanding but does need replacing often as the abrasives fall off after one or two good uses.,4,0.4659523809523809,4.220000000000001
Five Stars,as expected,5,-0.1,3.9349999999999996
Five Stars,great paper and works really well.,5,0.5,4.73
NNothing else to say about good sandpaper.,It works for the project I needed. NNothing else  to say about good sandpaper.,5,0.7,4.295333333333334
Four Stars,As advertised,4,0.0,3.44
Great fit and thick plastic,"I used these tubes to clean my wood shop. I attached them to my 2.5 inch diameter hose&nbsp;<a data-hook=""product-link-linked"" class=""a-link-normal"" href=""/2-1-2-3-FT-TO-20-FT-E-Z-Flex-Dust-Collection-Hose-By-Peachtree-Woodworking-PW515/dp/B0048J0CGG/ref=cm_cr_arp_d_rvw_txt?ie=UTF8"">2 1/2""- 3 FT TO 20 FT E Z Flex Dust Collection Hose By Peachtree Woodworking PW515</a>&nbsp;and then clean all over the place. I compared them to my current wet-dry vac tubes; these are better made and fit my accessories better. My old tubes kept coming from each other and wobbled, but these tubes are solid.",5,0.2506944444444445,3.871619794198671
Five Stars,Worked as expected,5,-0.1,3.935
Five Stars,fit as advertised and work well too...,5,0.4,3.94
My new wet/dry vac came with two 20in tubes. ...,My new wet/dry vac came with two 20in tubes. add two more and now I can reach 6.66 feet. that is very helpful sometimes.,5,0.24318181818181817,4.106510101010101
This worked great for adding extension to my gutter cleaning attachment,"This worked great for adding extension to my gutter cleaning attachment. Now with slight difficulty, I can clean the second floor gutters without climbing up the ladder. Tip: if you are planning to clean gutters, do use duct tape on every joint.",5,0.36111111111111116,4.62
Five Stars,Fits and works great.,5,0.8,3.665
Four Stars,Worked well with the gutter cleaning kit.,4,0.0,4.18
My Fault,"Read closely, Two 20 inch tubes.",4,0.0,3.828183066933067
Extend your blower or vaccuum,I used these to extend my blower to get near the screens over my pool area.  Gets rid of those pesky pine needles in a jiffy!,5,0.125,3.690666666666667
Three Stars,Warped when exposed to the sun.,3,0.0,2.7995595238095237
not good in sunlight,fits well but distorts in sunlight,3,-0.35,3.2111111111111112
Five Stars,Works great,5,0.8,4.84
Excellent buy!,Seems to be first quality. Can't beat the price and free shipping!,5,0.5833333333333334,4.682666666666666
Five Stars,Fits as advertised.,5,0.0,3.88
Buy them. Well worth the price,Just what I needed,5,0.3,4.2
Lid,Sadly I had to purchase the lid separately but it fits great. Very solid and perfect design to fit the dedicated can,5,0.34,4.313257575757576
Good quality,It's holding up well outdoors.,5,0.7,4.555
RUGGED,HIGH quality and RUGGED,5,0.16,4.269555555555556
Five Stars,Useful,5,0.3,4.300787878787879
Hang on to your Lid,What's not to love? It fits and I did not have to purchase a complete new garbage pail.,5,0.24545454545454545,4.368
Five Stars,PERFECT!,5,1.0,4.908055555555555
Five Stars,The gold standard of trash can lids,5,0.0,4.15930426716141
Five Stars,Fits the Brute good. ,5,0.7,3.9699999999999998
Really strong!,These trash cans are really tough.  They are industrial strength.  This one will fit two tall kitchen trash bags if they aren't really stuffed. I only wish the lid came attached to the can.  But then it would eventually break off like my lesser quality can. I recommend!,5,0.12546296296296297,4.030833333333334
"Fits good, tough.","Fits good, tough.",5,0.15555555555555556,3.99
these lids are not as thick as the old style ...,these lids are not as thick as the old style and tend to warp. Rubbermaid must change their method of molding them so that the lid does not warp,3,-0.10000000000000003,3.085
the garbage cans are okay,"Ya have to buy the lid seperate from the can? Are you kidding me? Once I got past this insanity, the garbage cans are okay.",3,0.25,3.169090909090909
Five Stars,EXCELLENT,5,1.0,5.0
Five Stars,perfect fit and much cheaper then what the stores here want,5,0.5333333333333333,4.84
Glad they have lids now,The lids fit perfectly on the trash cans that we inherited.  Glad they have lids now.,5,0.6,4.01805426716141
Good,"What can you say about a trash can cover. It works, fits tight and is strong. And my aquarium water is safely covered.",5,0.3636904761904762,3.9513333333333334
Four Stars,the lid is much flatter than I expected!  I would prefer a bit of a dome as shown!,4,0.021875000000000006,3.435
Five Stars,lid that fits perfectly on my Rubbermaid Brute 44 gallon garbage can,5,1.0,4.48
We found them here and they fit perfect.,"Just what we were looking for.  We could not find new lids for our large, heavy duty trash cans as ours had gotten lost in a storm.  We found them here and they fit perfect.",5,0.42152133580705003,4.76
Five Stars,Snaps on very secure.,5,0.52,4.02
Covers trash.,Does the job,5,0.0,4.035
Must have,If you purchase the can this lid is a must.,5,0.0,4.637090909090909
it fits the garbage can. Sturdy well made thick,"Its a lid, it fits the garbage can.  Sturdy well made thick plastic",5,-0.30000000000000004,3.879090909090909
Five Stars,"works great,exact replacement",5,0.0,4.8
BRUTE 32 gallon cover for Rubbermaid trash can GRAY,"Rubbermaid 32 gallon cover for BRUTE commercial trash can, perfect fit, snug and made of strong material. Good drip lines so water will not pool for bugs. COLOR GRAY.",5,0.5066666666666666,4.545341836734694
Fits Ace Hardware 32/33 Gallon Trash Can,"Fits my Ace Hardware 32/33 gallon (can't read label any more) trash can perfectly, including latching.  Will see how long it lasts as the sun here in Southern California fries most lids within one year as they are outside year round holding various gardening supplies.",5,0.21875,4.281333333333333
Five Stars,Brutes are the most heavy duty you can find.,5,0.15,3.981333333333333
Five Stars,Fits nicely on the 32 gallon Brute trash can.,5,0.6,4.605083333333333
Five Stars,It is what I needed.,5,0.0,3.7933333333333334
Five Stars,Great Item,5,0.8,4.79375
OK but not like 100% Silicone Sealer,Not as good as 100% silicone sealer but it's less money and ok for my purposes.,3,0.3833333333333333,3.1799999999999997
Great product but not cheap,"The brute cans are as advertised, great product but also not cheap",4,0.30000000000000004,4.23
Five Stars,Very good,5,0.9099999999999999,4.562
Five Stars,very happy with purchase,5,1.0,4.84
Five Stars,exactly what was needed,5,0.25,4.063
Five Stars,It works fine.,5,0.4166666666666667,4.296666666666667
Lid Review,"What can you say about a garbage can lid. It works, lol.",5,0.8,4.0112575757575755
Holding up great,I've had a pair of these and the cans to match about 8 years now. All are in great shape still. Like these best of 3 different types I've bought.,5,0.65,4.605939393939394
It fits and is nice but is not as needed as I thought,"After it arrived, I remembered I never put a lid on the old can, so... It fits and is nice but is not as needed as I thought.",4,0.4333333333333333,3.4530000000000003
Shrinks - not suitable for outdoor use,"I used this product to fill 1/16"" - 1/8"" gaps on my house's siding last year when I repainted.  It's been 11 months since we painted and this Dap brand caulk is already failing in roughly 75% of the joints.  This stuff is terrible.

Update: reached out to DAP regarding their 40 year warranty and have heard nothing back.",1,-0.275,1.9032792467948718
Shrinks - not suitable for outside use,"I used this product to fill 1/16"" - 1/8"" gaps on my house's siding last year when I repainted.  It's been 11 months since we painted and this Dap brand caulk is already failing in roughly 75% of the joints.  This stuff is terrible.

Update: reached out to DAP regarding their 40 year warranty and have heard nothing back.",1,-0.22916666666666666,1.8743651053807304
Great all-around caullk,"<div id=""video-block-R3ACEOTGM9B3VL"" class=""a-section a-spacing-small a-spacing-top-mini video-block""></div><input type=""hidden"" name="""" value=""https://images-na.ssl-images-amazon.com/images/I/C1nY6-1yeSS.mp4"" class=""video-url""><input type=""hidden"" name="""" value=""https://images-na.ssl-images-amazon.com/images/I/71gJrAZHMuS.png"" class=""video-slate-img-url"">&nbsp;This is my go-to caulking for most construction and sealing jobs.  It is reasonably priced, easy to apply, long lasting, paintable, and cleans up with water.

One trick for painting is to make sure that you prime first with a stain-killing type primer to avoid a more glossy look than the rest of the painted surface.

I use the white and clear mostly, unless there is a direct color match with something like pre-painted siding, for example.",5,0.23125,4.370149762935477
Hope it lasts.,"Purchased this to re-caulk the kitchen sink, works as it should.",5,0.0,4.68
Keeps racoons out.,These cans and lids are the only ones that racoons have not been able to open aside from being nearly indestructible.,5,0.15,4.077637600494743
Five Stars,Did the job,5,0.0,4.32
Five Stars,good,5,0.7,4.562
"ridiculous that they don't come with the cans, had ...","ridiculous that they don't come with the cans, had to purchase separately and at 11 bucks a piece, thought that was a little high, oh well, they got me, had to have them",3,-0.17354166666666665,3.0432304567413264
Perfect Cover for Toro collapsible Yard/Garden debris container,Great for protecting the contents of the Toro collapsible yard/garden debris container from rain and critters when one needs/wants to leave the container outside. This lid actally fits snuggly over and grips the outer edge of the container's opening.,5,0.6,4.150607142857143
Five Stars,Good seller A++++++,5,0.7,4.562
Good product. Received in good condition,Good product.  Received in good condition.  This lid and the container are quite strong.,5,0.6466666666666666,4.58
Good value and good product,Works great and a much better deal than buying local.,5,0.54,4.681666666666667
Five Stars,Exactly as advertised. Works well.,5,0.25,3.76
Five Stars,"exactly as advertized, quick shipping",5,0.29166666666666663,4.185555555555555
Lid by itself,It was a little frustrating to have to buy the lid to the trash can separately.  It was quite pricey too.  Really curious why they are not sold together.,5,-0.22916666666666666,4.144759259259259
Perfect fit for the Rubbermaid Brute 32-gallon trash can...,"Trash cans deserve to have their contents concealed. This is the companion lid for the&nbsp;<a data-hook=""product-link-linked"" class=""a-link-normal"" href=""/Rubbermaid-Brute-32-Gallon-commercial-trash-container/dp/B0085OEE1E/ref=cm_cr_arp_d_rvw_txt?ie=UTF8"">Rubbermaid Brute 32 Gallon commercial trash container</a>.

Fits its 32-gallon trash container companion perfectly. Reduces 100% of the unsightly visuals of the can's contents, and all but the strongest scents.

Select with confidence for your 32-gallon Brute.",5,0.6,4.560083333333333
Not good for outdoor use ! !,"I ordered one of these for a 32 gallon can I was getting.  Soon realized as I looked at it, that it was perfectly flat, so wouldn't allow rain or snow to slide off it, and I expect ice would probably crack it at some time in the future.  I returned it for another, on my dime I might add, and got a domed version to fit the can.",1,-0.03125,2.407746031746032
"Bad smell, didn't work well b",This is a toxic cancer causing product off gassing in your house.  The smell it terrible the product shrunk after being applied and cause stretched holes that lead to leaks.... Go get some silicone or an ECO-Bond Heavy Duty you will be much happier,1,-0.35,1.5275
"Terrible smell, ugly results",The reason it's not more than $2 is because it should be sold in the dollar store.  If you respect your house at all you won't use this smelly junk,1,-0.65,1.7116666666666667
Good quality and price,"Works good, sticks to pretty much anything.",5,0.46249999999999997,4.545
Five Stars,"Good for bathrooms, doors, etc",5,0.7,4.622
Five Stars,best caulk,5,1.0,4.72
Good Caulk,"Haven't had the time to use this Caulk, but I think it will be the answer to my leaky window problem.  JB",3,0.7,3.511109444444444
mislabeled color,"I have used this brand for years, but this time when I ordered two CLEAR, I recieved two WHITE, it says clear on the tube but they are very white. very disappointing, I am using it to glaze cabinet glass, white will not work.",1,-0.09666666666666666,1.9339598717948718
great caulk,great product. works as described,5,0.8,4.8
Works fine.,What's there to say? It is a vacuum hose attachment. It works and there are no moving parts to break. Does that work?,5,0.20416666666666666,4.257916666666667
Great folks to deal with,Worked as advertised. Great folks to deal with,5,0.8,4.6154166666666665
Fair Deal,just a stock brush..........good price,4,0.7,4.2675
Does the job,As advertised,4,0.0,3.44
Cut a small slanting tip off the tube and this will work great. Use Youtube if you are inexperienced with caulking ...,"Buy a caulk gun and use these larger tubes over the small ones - this will go much further for the $!  We use this type of caulk for doing windows, caulking between wood, etc.  This is NOT for bathrooms!  Cut a small slanting tip off the tube and this will work great.  Use Youtube if you are inexperienced with caulking - very easy and it makes a huge different for window seals and bathrooms!  We sealed some walls of a room that someone had built in our barn.  Worked great for keeping the dust out!",5,0.20102564102564102,4.107111111111111
Five Stars,Great item.,5,0.8,4.79375
Great caulk,"I was worried when this came out white, but thankfully it dried clear. Works good. Great company.",5,0.3666666666666667,4.208666666666667
Five Stars,good,5,0.7,4.562
Good caulk,Worked great in my bathroom project.,5,0.75,4.771
Great soft and easily removable,Great soft and easily removable.  I used it to seal up gaps around the frame of window screens.  It comes off easily so I can remove them if needed.,5,0.44285714285714295,4.039666666666667
Good brush.,Well-made.,5,0.7,4.364494047619047
Five Stars,"Best value, quick ship.",5,0.6666666666666666,4.77
Good product,"Wish the bristles were a little fuller, but overall good product for the price...",4,0.303125,4.08
A little disappointed with the price,A little disappointed with the price. I don't see any reason this small piece of plastic should cost 8 dollars. I was also expecting higher quality for the money.,4,-0.3125,3.8625
Four Stars,works ok for its purpose,4,0.5,3.8200000000000003
great for filling gaps in odd places,I dug 3k sqft of baseboard out from between a textured wall and travertine tile. this stuff enabled me to fill the crevace left behind and then seal the gaps when the baseboards were replaced. I love this stuff.,5,0.14666666666666667,4.6866666666666665
ok,It's fine.,3,0.45833333333333337,3.38
Five Stars,GREAT PRODUCT.,5,0.8,4.8
It Is What It Is,"I would have given it four stars simply because it is a functional brush attachment for my Shop-Vac, but I now have a Kenmore Canister Vacuum Dusting Brush Sold by: GoVacuum which turns out not to fit my Kenmore Canister Vac, but does fit  my Shop-Vac and is much nicer than the  Shop-vac 906. Since the latter brush is not worth returning, I will keep it as a back-up in case something awful happens to the Kenmore Canister brush, but I would not buy another Shop-Vac 906. If you are looking for a brush attachment for your 1 1/4 inch shop vac, check out the Kenmore Canister brush before you buy this one.",3,-0.019791666666666666,3.3839814814814817
easy to use,easy to use;works well;suggest purchasing a cap for the tube in case you don't use it all at once to keep it from drying out,5,0.43333333333333335,4.410666666666667
always liked dap,"I always trust the brand, and this at a couple dollars each it was a sweet deal. It works just as it should.",5,0.475,4.402628205128205
Cheap and works great,This is half the price of the hardware store and does exactly the same thing. I needed one but I bought 5 because you will never see that price again!! Get it NOW!!,5,0.2566666666666667,4.4905952380952385
it's OK,Thin row of limber bristles... but that's about all you can get any more. Not like they used to be.,3,0.19999999999999998,3.317460317460317
Five Stars,Works for me!,5,0.0,3.94
"A good product for the money for your Shop-vac,,,","This is a good attachment product for your Shop-vac,,, I would have given it a 5 star, but some of the brush fibers come out with use,,,",4,0.7,3.4746064814814814
Same As Original,"I was going to buy this brush vac at HD but I thought $9 was outrageous for something so simple and cheap to make.  So, I bought two here and if the shipping is included you wind up paying about $3.50 per brush.  Since they don't last for ever having an extra is good. I can't see any difference in quality with the one that came with my Shop Vac.  I use them to suck up sanding dust before finishing furniture and wooden bowls-they work fine.",5,0.08916666666666666,4.060023148148148
I use this every day when I clean out my ...,"I use this every day when I clean out my pellet stove, really knocks down the ash from door window and sides of stove.",5,0.19444444444444445,4.308333333333334
Four Stars,Fits and works well.,4,0.0,3.385
helpfull part,i give this 5 star .. about my self i need this part to use it in car or windows or sofa,5,0.0,3.6133333333333333
Good for plaster dust,I bought it to be able to pick up plaster dust without plugging up the regular filter.  Works well for the purpose.,4,0.39999999999999997,3.6736887445887447
"Works well, particularly when vacuuming up very fine particles such as drywall dust.","This is a review of the Shop-Vac 9067200 10-14-Gallon High Efficiency Disposable Collection Filter Bag, 2-Pack.

Darn these are expensive. I go through these bags pretty quickly because I've been doing a condo reno and am busting out a lot of drywall. It's the kind of fine dust that will ruin a shop vac if you don't have sufficient filters. This does the trick and installs easily. Keeps the shop-vac from spewing out dust as fast as I am sucking it in. Without this filter, sucking up drywall dust is a lost cause.",5,0.23651515151515154,4.066322222222222
Five Stars,works as advertised,5,0.0,3.76
Five Stars,Fit exactly and work great at a good price.,5,0.5375000000000001,4.48
Great bags,The usual high quality from Shop-Vac.,5,0.2366666666666667,4.217228549228549
"Pricey, but they do work","Dry wall dust will not escape these. Cleaned an entire new house after the drywall finishers left and went through four of these bags, but the inside of my shop vac showed very little evidence.",5,-0.03481060606060606,4.183321262071262
If it's adusty job you need this.,This is a very important accessory and really helps when you have a dusty job. They hold a lot and do not typically plug up until completely full.,5,0.15066666666666664,4.22
great vacuum bag,"I use these in my Rigid and WAP vacuum cleaners.  They are far superior to Rigid's bag, definitely worth the extra cost.",5,0.2690476190476191,3.8510521817363923
Great bag for fine drywall dust!,"Great bag for fine dust, I have used these for several years now.  They are a little expensive but worth the cost.  I use these with Shop-Vac's Ultra Web Cartridge just to catch any remaining dust.  I am confident in using this combination for sanding drywall in my finished house with little to no release of any additional drywall dust.",5,0.24625,4.112079797979798
Three Stars,Very good.,3,0.9099999999999999,3.5620000000000003
Replacement bags for my Shop-Vac 9633400,"I picked these bags up to add to my Shop-Vac 9633400 ordered here on Amazon.  When I first got my vacuum I used it heavily after some big project work.  Everything got dirty and clogged after the big clean-up, so now I've got a new filter with bags to keep things clean for more normal usage.

These bags fit perfect, and work exactly as expected.",5,0.14574592074592074,4.083507936507937
Nice,Works great at a good price,5,0.6999999999999998,4.691666666666666
Highly recommended.,"These work as advertised.  If you are working with drywall, or cement / mortar, the fine dust you'll be vacuuming up, will clog your circular paper filter and cause your Shop-vac motor to burn up.  You must use these bags, or remove and clean your circular paper filter very often.  I got tired of the later and purchased these bags.  Never been happier.

Highly recommended.",4,0.12904761904761905,3.653111738261738
"Used these bags in a 16 gallon, 4hp shop-vac ...","Used these bags in a 16 gallon, 4hp shop-vac to clean ash out of a burn pit and a fireplace. These bags are what I use to clean out fireplace ash at the end of a season or when the fireplace has been sitting for a couple of days and there's no way to pick up a hot ember.",5,0.3277777777777778,4.215788073038073
Does a wonderful job,"If you do any vacuuming this is the way to go. The bags aren't cheap but they hold a lot of dust preventing clogging of the cartridge filter. Prior to using these I'd have to clean the filter several times a day and get dust and grit all over myself. With the bags, do go several days of sanding and cleanup before the bag needs replacement and the cartridge filter is relatively clean. Don't get any dirt on you when you remove the bag.",5,0.30476190476190473,4.069295887445888
Bag and Go,Keeps the inside of your Shop Vac nice and clean. Do I have to tell you that you can't use these paper bags when doing wet clean-ups?,5,0.2888888888888889,4.173234654234655
Four Stars,Fits my 12 gallon 6.5hp shop vac,4,0.0,3.401
Great Fit,Great fit and they work very well.,5,0.52,4.389333333333333
Neater and Handier Way to use Your Shop Vac.,"I use these to line my shop vacs now for all purposes except when picking up water.  The internal bag contains the junk you pick up and keeps the dust down from the exhaust. I used to dread the day I had to empty the old shop vac. Generally there was all sorts of crud in there and there was no way to clean it out without getting dust everywhere. Now I just pull out the bag and toss it in the trash.
  These particular bags fit pretty well at a good price.",5,0.17777777777777778,4.215527389277389
Thanks,These work fantastic for sanding drywall!,5,0.35,4.42
Good fit for my machine.,Fit perfectly in my old Dayton Wet Vac.,5,0.3,4.49
ShopVac high efficiency bags,"These bags are original ShopVac brand.  They work extremely well when vacuuming small particulates (drywall dust, fireplace ash, etc.) and are the same bags as the big box stores but at a much cheaper price.",5,0.051428571428571435,4.1825341047841045
Great bags,"Bought the two pack for my Craftsman  XSP 12 Gallon 5.5 Peak HP Wet/Dry Vac  Model 12006.  I'm using the standard white/red stripe filter.

I needed to sand a couple rooms worth of drywall/joint compound.  I tried sanding with my Dewalt Sander with the vacuum attachment.  The shop vac was shooting out the exhaust a fine dust cloud.  Basically, the standard filter is not enough to stop all drywall dust.  And, after a short while, it totally clogs the standard filter.  However, when used with these bags, you basically get no dust shooting out the shop vac.  And, your standard filter stays clean.  Highly recommend for doing drywall or other fine dust collection application.  Clean up is a snap.  Simply take the bag out and toss in the trash.  Without the bag, its a big dusty mess.",5,0.10591666666666669,4.143314935064935
"A Quality Vacuum Bag, Ugly Yellow Color","Any old bag will do, until a cheap one breaks apart as you're trying to change it. When it comes to vacuum bags, you usually get what you pay for. Although these are not the cheapest I could use in my Shop-Vac, they're durability makes them worth the extra couple bucks.

For those who don't know, you should never use a vacuum bag with your Shop-Vac if you intend to suck up liquids. Moisture will turn any vacuum bag to pulp. Refer to the manual for instructions on how to configure your Shop-Vac for wet cleanups.

I can't think of anything I would change about these bags, except maybe the color. Why do they have to be yellow?",5,-0.021794871794871787,4.237283882783883
Four Stars,Have only used one so far but fit and function seem to be spot on for my unit.,4,0.16666666666666666,3.6189999999999998
Great bags,This bags are kind of expensive but they trap fine dust and particles so you don't end up breathing them in. I only use about 2 bags a year so they aren't a major expense in spite of their price.,5,0.2298611111111111,4.146847596847596
Dust Killer,I like the idea of dust free handling of dirt and dust.  You can open the end of the bag dump the contents and stapple the bag back closed.  Have gotten three to four uses on reusing the bag before tossing it.,5,0.07500000000000001,4.19456746031746
Only way to go for dusty pickup.,I wish I had known about these from the beginning. Even works for graphite with no mess. Just toss the bag when full and you are done.,5,0.009374999999999994,3.9790277777777776
A shop-vac necessity,"We buy these high-efficiency bags for our aging shop vac, because they work the best.  They collect every bit of dust, dirt, debris and fuzz and protect the filter from getting dirty too quickly, and the motor from damage.

We don't bother using less expensive ""regular"" bags, since these are large capacity and not that expensive ($6 each)",5,-0.027380952380952367,4.235313325563325
Vacuum saver.,"I bought this for a&nbsp;<a data-hook=""product-link-linked"" class=""a-link-normal"" href=""/Vacmaster-VBV1210-Detachable-Blower-Wet-Dry-Vacuum-12-Gallon-5-Peak-HP/dp/B0023EY052/ref=cm_cr_arp_d_rvw_txt?ie=UTF8"">Vacmaster VBV1210 Detachable Blower Wet/Dry Vacuum, 12 Gallon, 5 Peak HP</a>&nbsp;with a&nbsp;<a data-hook=""product-link-linked"" class=""a-link-normal"" href=""/Vacmaster-VCFH-Hepa-Fine-Dust-Cartridge-Vacuum-Filter-Retai/dp/B002MUAGEQ/ref=cm_cr_arp_d_rvw_txt?ie=UTF8"">Vacmaster VCFH Hepa Fine Dust Cartridge Vacuum Filter & Retai</a>

What can I say - if you hate cleaning the junk you vacuumed, and if you like keeping your tools clean: buy this. I know it is somewhat expensive, but it is all worth it. They hold great, they don't tear, and they are big. Try it - you probably won't go back to no-bag vacuuming.",5,0.05075757575757576,3.8716216016316007
Four Stars,good,4,0.7,4.062
Five Stars,WORKS GREAT,5,0.8,4.84
Five Stars,Work great,5,0.8,4.3
Five Stars,AWESOME nails just like you buy it at your local stores.,5,0.5,4.203888888888889
These work great with little to no jams,These work great with little to no jams.  But get a much bigger box than you think you'll need.  You'll save more in the long run.,5,0.2392857142857143,4.546666666666667
Works perfectly great price,Outstanding!,5,0.7125,4.7476666666666665
Five Stars,Gtrat product,5,0.0,4.640000000000001
Great nails,I have bought nails at the big box store and the plastic strips ALWAYS are poor quality and I get misfeeds.  These have never caused a problem.......about 5 boxes through my Hitachi so far a NO issues.......,5,0.125,4.23
A box of nails,Not sure how you rate a box of nails! You open the box and there they are. They fit my nail gun and they come out when I pull the trigger.,5,0.029166666666666674,4.039977272727272
nails,"I would reccomd these nails for anybody who owns a nial gun to use on thier next project, buy now.",5,0.0,4.38125
Five Stars,WORKS GREAT,5,0.8,4.84
Nice price,Good product,5,0.6499999999999999,4.58
Five Stars,what can I say nails,5,0.0,4.2
Five Stars,Excellent.,5,1.0,5.0
Five Stars,great item but the gun was a POS had to returned the nails,5,0.8,4.26125
Five Stars,gr8,5,0.0,4.0
Buy the big box.,Just make sure you have a lot more than you need.,5,0.3333333333333333,4.048958333333333
Five Stars,These work great in my Bostitch F21PL Round head nailer.  I have bought several boxes of them.,5,0.20000000000000004,4.803333333333333
Four Stars,"good product, but a bit pricey.",4,0.7,3.8725
Five Stars,Good product,5,0.7,4.640000000000001
Five Stars,Good job,5,0.7,4.23
Overpriced,$17 per 500 box?  Overpriced!,1,0.0,2.1195497835497834
Great nails,I have bought nails at the big box store and the plastic strips ALWAYS are poor quality and I get misfeeds.  These have never caused a problem.......about 5 boxes through my Hitachi so far a NO issues.......,5,0.125,4.23
B&C Eagle Round Head 2-3/8-Inch x .113 x 22 Degree Bright Framing Nails,"I've found these B&C Eagle full round head nails to be decent. They worked fine with my Porter Cable FR350 framing nailer. These nails came in a 500-count box and were more expensive per stick than buying in bulk, but I don't use bright 2-3/8"" framing nails that often so didn't want a pile of them hanging around after the job was done.",4,0.2148148148148148,3.5527748917748916
High quality nails. They don't jam or stick. I like the rack you can get different lengths from the same manufacture,Not a jam at all. High quality nails. They don't jam or stick. I like the rack you can get different lengths from the same manufacture,5,0.05333333333333334,4.292
A box of nails,"You open the box and there they are! I loaded them into the nail gun, pulled the trigger and they came out.",5,0.0,4.125810606060606
Nails,"As long as these are the correct thickness and angle for your nailer, you should have no problems. I had only one misfire and I think it was my own fault.",4,0.0875,3.036833333333333
Nails for the Gun!,"This box of 500 nails are ideal for the DIY'er.  You go to the big box store and they have them in 2500 or 5000.........okay for the contractor but way too many for around the house.  This way I have a good assortment of the nails that can be used in my gun - without breaking my wallet.  Sometimes when you can't find the nail you need at Amazon, check out the Home Depot that has tool rental - you can get them there in small amounts....they don't gouge you either!  These nails are quality nails and I recommend them without reservation, my gun has never jammed or had a malfunction.",5,0.30624999999999997,4.148727272727273
These are awesome!!,"These are awesome!!!!!!! After scratching up my wood floors by using subpar stick on pads (that would just collect dog and cat hair and ultimate fall off).. These are very secure. Now.. If they wear out, how will it come out and will a new one go in without slipping out of the existing hole. I don't know.  But I do know that they allow the furniture, dining room chairs and table to slide without complaint and WITHOUT SCRATCHING YAY!! :)",5,0.3234517045454545,4.663392857142857
A-1,"The product is good solid,and sturdy. Good company,knowledgeable,and helpful people.",5,0.7,4.38
Five Stars,"delivered promptly, performs as advertised",5,0.0,3.94
DEWALT Grinding Wheel,"These are great for any demolition or cleanup work you need to do. Priced competetivley here on Amazon, they give you exactly what you ask of your tools. They go to work and don't let you down. Have used them for several projects and they hold up to a beating.",4,0.22361111111111112,3.6914444444444445
"Easy to change, embedded mesh & rugged","I bought 2 of the dewalt brand cutting/gringing wheels - the 1/8 for a narrow kerf and where I was mainly going to cut, plus the 1/4 for surface finishing or post welding touch up.

You need to hand tighten these with the arbor lock button pressed pretty good or they will spin themselvs off when the trigger is released due to the weight and inertia.  There is no locking system used on these since they have embedded screw threads that mate with the arbor.

The embedded mesh lets you do face work even with withe 1/8"" blade, so it's sort of a do-all, but for work where I want to bear down on it I bought the 1/4""

The dewalt quality is definitely here in these cutting surfaces, from the threadded screw-on convenience to the mesh in the compound to protect against breakage.",5,0.052160493827160495,3.91342151675485
Five Stars,Works as advertised.,5,0.0,3.76
Good product. If you have a lot of grinding ...,"Good product. If you have a lot of grinding that needs to be accomplished, buy several. They will wear out very quickly but they are cheap so buy several.",3,0.3476190476190476,3.5620000000000003
great price,works fine,5,0.6083333333333334,4.363333333333333
Great quality,Typical DeWalt high quality.  Works very well,5,0.24833333333333335,4.420444444444445
Slices Right Through Bricks and Concrete,"<div id=""video-block-R1R0UOWWZ8JCJQ"" class=""a-section a-spacing-small a-spacing-top-mini video-block""></div><input type=""hidden"" name="""" value=""https://images-na.ssl-images-amazon.com/images/I/C1LhXuIckqS.mp4"" class=""video-url""><input type=""hidden"" name="""" value=""https://images-na.ssl-images-amazon.com/images/I/71ehSEIaPlS.png"" class=""video-slate-img-url"">&nbsp;At this low cost, I bought six of these just so I'll have back-ups. As you can see in my video, it makes very quick work of concrete and is a bit slower going through dense brick. But it will definitely cut through any masonry and is very good for cleaning out old joint work.

A few safety tips, as I mention in my video, when cutting masonry:

 I always wear good eye protection when cutting with my grinder, as dust and bits of rock will really fly around!
 A dust mask or respirator is also key, as the dust masonry cutting puts off is pretty impressive.
 Gloves are also key, just because of all the flying rock and dust
 Note that some people run their grinders without the guard on when cutting masonry, but I prefer to keep that safety guard on their and just cut on the front 1/2 of the wheel

I've used DeWalt products for many years now, and totally swear by the quality of their tools. This masonry cutting wheel is no exception -- you can do quite a lot of cutting with this wheel before having to install a new one.

.................
This product was NOT given to me as part of any promotion. I bought it after doing some comparison shopping and this review is entirely the result of my own opinions and use of the product.",5,0.07435992578849719,4.1385956790123455
Five Stars,"Seems fine, haven't used yet.",5,0.4166666666666667,4.35
Four Stars,fits well,4,0.0,3.385
1/4 wheel is better for surface grinding,"I bought 2 of the dewalt brand cutting/gringing wheels - the 1/8 for a narrow kerf and where I was mainly going to cut, plus the 1/4 for surface finishing or post welding touch up.

You need to hand tighten these with the arbor lock button pressed pretty good or they will spin themselvs off when the trigger is released due to the weight and inertia.  There is no locking system used on these since they have embedded screw threads that mate with the arbor.

The embedded mesh lets you do face work even with withe 1/8"" blade, so it's sort of a do-all, but for work where I want to bear down on it I bought the 1/4""

The dewalt quality is definitely here in these cutting surfaces, from the threadded screw-on convenience to the mesh in the compound to protect against breakage.",5,0.05956790123456787,3.9551543209876545
Good price too,These are quality wheels. Good price too.,4,0.7,4.08
Five Stars,Good,5,0.7,4.562
Great,Worked Great on my Dewalt angle Grinder,5,0.8,4.660666666666667
Highly recommend.,Bought it to get rid of the sharpness from some pieces of metal and did not regret it. It worked perfectly. The surfaces were smoothed out with no issues of getting cut. Highly recommend.,5,0.43999999999999995,4.1956
Five Stars,Worked great,5,0.8,4.621428571428572
Five Stars,Worked great,5,0.8,4.621428571428572
Not the right size for my grinder,"I bought these to go with our Makita grinder, which by all purposes, looked like they should fit.  However, once we took them out of the box and tried to use them, it was obvious that they wouldn't fit my grinder.  They looked like they would work adequately, but perhaps I should have researched them a bit more before purchasing them.",3,0.31984126984126987,3.6346666666666665
Four Stars,OK,4,0.5,3.88
Perfect for my needs,Typical DeWalt high quality,5,0.33111111111111113,4.443888888888889
Top quality and great price...,Solid Dewalt product.  The unit is incredibly strong and rigid making it impossible to believe it would not apply pressure evenly.  It is top quality as I expect and the Dewalt genuine name is unquestionable.  Love these Dewalt products.  I buy them whenever I get the chance.,5,0.30833333333333335,4.128757575757575
OEM is best,cut my oil tank in half,5,0.4166666666666667,4.618222222222222
Good cut-off wheel,Is as expected. Cuts like a dream and lasts as long as any.,5,0.18333333333333332,4.0633333333333335
Four Stars,very good grinding wheel.,4,0.9099999999999999,3.4576587301587303
Five Stars,Works,5,0.0,3.94
Three Stars,works ok do not last long as some others,3,0.15,3.3200000000000003
Good product,On time and as advertised,4,0.7,3.62
great product.,"Slow shipping, great product.",3,0.43333333333333335,3.76
Five Stars,Great product,5,0.8,4.8
I thought it was flexible like a flapper,"Very stiff, I thought it was flexible like a flapper. This cuts metal.",4,-0.2785714285714286,3.416910052910053
Five Stars,Fast ship great product Thanks,5,0.39999999999999997,4.46
Five Stars,works good,5,0.7,4.76
Five Stars,Does the job.,5,0.0,4.16
Four Stars,DEWALT ANYTHING IS GOOD,4,0.7,4.164
Top quality disks for your angle grinder,"These do the job and last a long time.  No complaits, the quality of DeWalt comes through again.",5,0.15,4.348166666666667
Five Stars,nice,5,0.6,4.672
Nice strong discs,Have only used once but these are some tough discs.,5,0.1611111111111111,4.163333333333333
Five Stars,As expected,5,-0.1,3.9349999999999996
"As long as they make them, I will continue to buy them.",Quality metal grinding wheel.  Makes short work of rusted or corroded fasteners.  I repair equipment that usually suffers from moisture damage and this wheel eats right through the rust.,4,-0.09107142857142858,3.8176349206349207
worked awesome and didn't have any issues,"Used to shave down jagged edges on a metal/iron gate, worked awesome and didn't have any issues.",5,0.6148148148148148,4.34
Out lasts the generic many times over.,I've used no name cheap disks.  The Dewalt disks last four times longer! although the May not cut as quickly.,5,0.24666666666666667,4.363333333333333
DEWALT DW4523 4-1/2-Inch by 1/4-Inch by 5/8-Inch General Purpose Metal,Great for grinding sheet metal on auto body work and also chassis.  Last longer than I had expected.  This is the threaded screw on type grinding wheel which makes for fast and easy changing of disk.,5,0.2305555555555556,4.142730158730158
Five Stars,gift,5,0.0,4.0
Five Stars,It's a grinding wheel. performs as stated and works with my little grinder quite well.,5,-0.1875,4.516924242424242
Five Stars,Very happy with purchase.,5,1.0,4.84
Worth the money,I have always had good lock with these cutoff disks.  The last a long time and cot through most metals.,5,0.29,4.357759259259259
Five Stars,Great! Thanks!,5,0.625,4.365
Five Stars,"Worked great, nice having  bigger vac attachments",5,0.4666666666666666,4.68
"Qualty, lasts a long time","Quality wheel, most DeWalt stuff is good!",5,0.44166666666666665,4.256666666666667
Happy vac,"I don't get the negative reviews...  It was as described and works great!  I have the wall mounted vac with 20 foot hose.  It is a love hate relationship, works great at that length for dust and light debris.  However it cloggs with any significant amount of material,  this hose solved that problem.",5,0.346875,4.069654521404521
Good Quality,"It's hard to draw that fine line of where the ol' Black & Decker reputation ended and the quality of DeWalt begins. So far I've never been disappointed with anything I've purchased with the DeWalt name on it, including this product. I know that I pay more for schtuff with the DeWalt name on it, but in the long run it's usually money well spent when compared to other products.",5,-0.0015151515151515173,4.190727272727273
"Good tool, good quality, good price.","This is not a high end disk with a high price, but it does a great job for the money.  Dewalt has done an excellent job with their abrasive grinder disks.  They are well balanced, do not experinece excessive fast wear, and still do not break the bank.
Enjoy buying in confidence.",5,0.433,4.469333333333333
outstanding grinding wheel,never expected this grinding wheel to be so thick when it arrived.  didn't read the specs to well i guess but extremely happy with the performance of the product,5,0.2625,3.913269841269841
"Good product, good price","This product is well made, functions as described, fits or otherwise conforms to it's intended purpose, there were NO negative issues at all.",5,0.5166666666666666,4.58
Excellent Product,"DeWalt makes good blades.  Some will argue they are expensive, but in the long run they out last the competition.  Just be sure to follow to follow the safety instructions.  I recommend w/o reservations.",4,0.27499999999999997,3.8496969696969696
Great product,We seem to use a number of these restoring an old tractor. These have lasted the longest of any of the products we have tried.,5,0.45,4.430416666666666
DEWALT Grinding Wheel,"These are great for any demolition or cleanup work you need to do. Priced competetivley here on Amazon, they give you exactly what you ask of your tools. They go to work and don't let you down. Have used them for several projects and they hold up to a beating.",4,0.22361111111111112,3.6914444444444445
Works well,"Easy on, easy off. I haven't used it much yet but it seems to works well for its purpose. Good price too.",5,0.44166666666666665,4.384952380952381
Four Stars,work,4,0.0,3.7399999999999998
Two Stars,I returned it because it didn't fit.,2,0.4,3.004
Great upgrade for your shop vac,"Works great. It's a perfect fit for my 6 gallon shop vac. The larger diameter increases suction power compared to the 1 1/4"" diameter hose, and I can suck up bigger things without worrying about it getting plugged all the time.",5,0.5,3.9158136446886447
Five Stars,good quality product.,5,0.7,4.734999999999999
Five Stars,It work's great!,5,1.0,4.3
"High quality rubber like material, useful for odd size couplings","Ideal for odd sizes.  What I didn't realize is that this adapter is made from a rubber like compound, not the hard plastic used for almost all adapters.  It is conformable and you simply cut off (I used a hack saw) the portion you don't need.  I had an odd coupling between a Festool vacuum and a small Jet sander and this is the only way I could make the connection work.  The cut end is rough and I suppose I could use a sander or fine knife to trim the edge but it hasn't proven necessary.  Quality is good, material is conformable, highly recommended.",5,0.09291666666666666,4.484115740740741
must have,useful,5,0.3,4.300787878787879
Best option in many situations when mating vacuum hoses,"Not perfect but there are no real alternatives so I make these work. No standard sizes for vacuum hose fittings in the USA so these adapters are needed. Even with power tools the USA manufactures have 1"" ports and companies like Bosch us 30mm ports or 1.18 inches in outside diameter.

I tape them to the adapter hose with duct tape and it works for my purposes. Sometimes I have to use a bridging section of metal or plastic pipe. I make the best out of what is a bad situation. Not a big deal as I buy one of these when buying a new vacuum or power tool with a dust port. Add $10 to the cost of the tool or vacuum which is hardly a big deal.",3,0.08686868686868689,2.542533422717633
Five Stars,Works as expected. I don't have to move the vac as much now,5,0.05,3.84
Don't buy unless you like throwing your money in the trash.,"Crap.  Doesn't fit my shop vac hose and Amazon wouldn't take it back, so I literally bought it and threw it in the trash.",1,-0.13333333333333333,1.8398809523809523
Five Stars,works good,5,0.7,4.76
Good Deal,"It arrived in good time, works great & did not cost a lot. I do recommend this seller.",5,0.7333333333333334,4.746666666666666
This should come with the Shop-Vacs from the factory,"Having purchased an already expensive shop-vac that came with a tiny 1/2"" or 1"" hose I was already disgruntled about buying this. It works the way it should but my shop-vac has lost suction due to the increase in hose diameter and it doesn't work as great as it should. Needless to say I will be purchasing a Craftsman shop-vac down the road.",2,-0.08009259259259259,2.7456410256410253
Best Accessory Kit!,"This is an excellent accessory kit. I upgraded to the 2.5"" hose and attachments because my small hose would get clogged every easily. Now with the bigger hose nothing gets clogged anymore. I'm surprised at the increased amount of suction I'm getting with the bigger hose. You have to be careful not to suck up your tools because they will easily fit down the hose. If you have a powerful shop vac that is still using the 1 1/4"" hose, you are missing out on a lot of power.

I like getting two extensions with this kit. You can put them together with a utility nozzle and vacuum without having to be bent over. It's also great that this comes with a hose. Most places charge more than this kit for just the hose alone. The crevice tool is big and doesn't get clogged. It still can fit into a lot of small spaces.

I found this on amazon after looking at my local stores for some 2.5"" shop vac attachments. These accessories were about $9 plus tax each. The cheapest hose I found was $20 plus tax. This kit makes sense if your looking to upgrade to a 2.5"" hose and Amazon has a good price on it.",5,0.2461640211640212,3.852921717171717
Works perfectly with DEWALT D26451 after cutting off smallest tip,"I had originally purchased this for my DEWALT D26451 Orbital Sander. I first was trying to figure out in what ways I could get it to fit so at first I was disappointed because the smallest end would not fit, but the larger end would fit, but then when the other end was hooked up to the hose it simply was too small to slide on the ShopVac, what I did find though was that on the small end, simply by cutting off a single tier to the adaptor that the next notch up fit my DeWalt with a slight bit of modification. I give it 4 stars because after I cut the small end off it does exactly what I need it to, I took away a star because I had to modify it, but other than that, this thing worked beautfully for what I needed it for... so If you have a DEWALT D26451, THIS WILL WORK, but you will need to cut the smallest tip off using a razor and trip up the inside of the cup and need to stretch it slightly and after that it just slips on like a glove. Since I purchased this exclusively for use with my D26451 modification was not a big deal and especially since the modification was a simple and easy 2-minute fix.",4,0.007539682539682542,3.837214285714286
Shop-Vac Accessory Kit,This kit is a great way to get the most out of your shop-vac.  It includes all the attachments you need to clean up any mess.,5,0.3729166666666667,3.9301641737891737
Four Stars,A useful tool.,4,0.3,3.809111111111111
Selection of 4 sizes.,I used this to make an adapter for connecting my ShopVac to my Dewalt cutoff saw. I just cut  off the sections that I didn't need. Very easy to do.,5,0.5633333333333334,3.955771978021978
You can have mine for free,"This is a turd in the salad bar.  It does fit my Shop Vac straight extensions, but not my hose and not my tools.",1,0.3333333333333333,1.691646164021164
universal tool adapter,"Not very useful.  the sizes I need are not adaptable.
I have a output of 2"" dia. this connection does not fit
the output hose.",2,-0.10512820512820513,2.681899470899471
I got mine at HD,"This is truly a universal adapter. With different diameters you can easily cut it to size that fits your vac. It will adapt to shop vacs as well as household vacuum. I use it to attach to my Makita circular saw and hook it up to the Rigid 12 gallon shop vac, and it works beautifully.",5,0.255,3.676971052096052
Shop-Vac 906-87-19 Universal Tool Adapter,"I have found this Shop-Vac universal adapter to be extremely handy and have several that I use all the time. I've trimmed some of them down to use with specific tools, but others I left full length. They will fit, or can be made to fit, the dust ports on several of my tools, including my Dewalt DW423 RO sander and Makita 9220 belt sander as well as the coupling on my 1"" Porter Cable vac hose. I have one that is trimmed all the way down to the largest cuff and permanently attached to my Makita 2703 table saw dust port and another along with a 2"" rubber Fernco connector that is permanently attached to my Delta 28-150 band saw so I can quickly connect my 2-1/2"" Ridgid shop vac hose whenever I use them. These adapters are a little expensive for what they are, but have work well for my needs and really do seem to last. Some of mine are probably around ten years old now and have had heavy use, but are still fully functional, so I think they were well worth the expense.",5,0.07070105820105821,3.6654537037037036
Nice Idea,I have 3 of these to accommodate several tools that need dust collection. it has all the popular sizes ready to trim.,5,0.35,4.280714285714286
Works with Festool,"Cut the first node off and the inside of the next one fits
over the 27mm port on Festool sanders, routers, jigsaws.
The outside probably fits inside the port on the saws, or close
enough.

My Festool saw is in another state away so checking isn't
convenient - this widget does lack the groove in the rubber
that helps hold the Festool hose inside the saw port however,
so this is probably not optimal for use with the saws.

The material is flexible rubber, not rigid plastic.  As such
it stretches a bit and is carve-able with a knife to make it
fit.

I'm using this to adapt a Festool sander to a Kobalt brand
wall-mount vacuum. Compatible with the Kobalt hose and with
the Festool port. Works great and no threat of popping off
in use.",5,0.18020833333333336,4.030097282347283
Missing two important features...,"It boils down to this: this is an entirely featureless, overpriced piece of short plastic pipe. But it does exactly what it needs to do.

This coupling isn't really a sawed-off pipe section; it's a molded piece with good dimensional tolerances and finished edges. It is an external coupling, so it grips the hose ends around their exteriors, and uses a good friction fit to hold them together. Since it couples externally, it doesn't act to decrease the vacuum hose diameter at the point of connection.

Two weaknesses:

(1) most of my hose connections have locking levers that latch into grooves on the attachment pieces to prevent them from pulling out. This coupling doesn't have any such grooves, so it's friction fit only, unless I want to come up with something quick and dirty to latch one hose end to the other (such as a wire loop).

(2) it's completely indistinguishable from any cut ABS pipe laying around, and I fear can be easily lost. This coupling really ought to  be brightly colored, and/or have distinguishing marks of some sort on it, so it doesn't inadvertently end up in the scrap bin. Nothing a wrap of bright yellow vinyl electricians tape won't solve.",4,0.18251028806584363,3.5146256613756615
Five Stars,aok,5,0.0,4.0
Works for me,I use this coupling in setting up my dust collection system in my garage shop,5,0.0,4.1644234006734
Four Stars,Good product.,4,0.7,4.140000000000001
Shop vacuum attachments.,Definitely works well when combining two shot vacuum hoses.,5,-0.005555555555555556,3.855304887364098
Good addition to shop vac,A bit pricey for what it is but it works great and should last a long time.,4,0.3625,3.79125
Doesn't Provide Enough Grip To Maintain Connection,"The purpose of this coupling is to connect a second length of hose to standard hose that came with my Shop Vac. However, despite purchasing this Shop-Vac coupler and a Shop-Vac hose extension of the proper diameter, this coupling does not provide sufficient grip to keep the two hoses connected. I had to put a layer of duct tape on the cuff of each hose before inserting them into this coupler, then duct tape them together on the outside of the hose and coupler in order to prevent the hoses from slipping out and apart at the slightest nudge. If I'd known I was going to need to use duct tape to hold the hoses together with this coupler I would've simply doubled up on duct tape and done without it.",2,-0.014285714285714287,2.5412559523809524
Three Stars,"Piece of overpriced plastic that connects two 2.5"" hoses.
Suited my needs.",3,0.0,3.4138621794871797
Great coupler,Great coupler,5,0.8,4.72
I need to keep better inventory of my dust collector attachments,"I need to keep better inventory of my dust collector attachments, as soon as I received it I found two more in my shop.",3,0.5,3.1788333333333334
Shop-Vac 90686 2.5-Inch Hose Coupling,"It's just a black plastic coupling, but is durable and an exact fit for the cuffs on my 2-1/2"" shop vac hoses. I use it mainly to couple an extra 8' hose to my regular vac hose when I need the additional length. It's probably a little expensive for what it is, but you need it when you need it, so is pretty much a must have item for your shop.",4,0.04125,3.041722883597884
Just what i needed,I needed to connect two hoses. and this works perfectly. Well made like all other shop vac items just check your diameter first!,5,0.3958333333333333,3.8449999999999998
Good Coupler,"Attaches my 2.5"" shop vac hoses together and does not slip off or come loose. It is a hard plastic and is fairly durable.",5,0.2578525641025641,3.7920231481481483
Perfect fit on a Ridgid shop vac,This coupling was a perfect fit on my Ridgid shop vac hoses. I can couple several hoses securely which allowed me to place the vacuum further away while dog grooming.,5,0.3989583333333333,4.264291666666667
Tight Fit,"The instructions say to use the brush with the guards on.  I have a 4 1/2"" Porter-Cable and it is a very close fit.  The brush sparks on the guard but cuts fine.  I guess the 4"" wheel would have been better in my situation.  You'll probably have to take the guard off if you do much with this brush.  I also have a smaller cup brush and don't have any issues like this one.  I gave it Stars because it does what it is supposed to do.",4,0.24226190476190476,3.840327380952381
good enough,"it works and holds up fairly well, just wish they were easier on the wallet",3,0.4666666666666666,3.0236805555555555
Great attachment for grinding off rust,This is one of the grinding attachments my husband had me get for him to go with the new grinder.  The sole purpose was to grind rust off his lawn machines.  This one allowed him to get into areas that the others couldn't go.,5,0.31212121212121213,4.43402380952381
Five Stars,Great last for ever,5,0.4,4.8
Five Stars,Did a great job,5,0.8,4.16
"Works, but wear protective clothing.",It works well for removing rust and old paint.  You have to wear protective clothing because it does shoot the occasional wire.,4,0.05,3.2632692307692306
Five Stars,Good,5,0.7,4.562
I do not like the bits of wire that break off of cheap ...,I believe in name brand when it comes to wire wheels. I do not like the bits of wire that break off of cheap brand wheels and stick into my arm. Dewalt wire wheels do hold up and last longer than others.,5,0.26666666666666666,4.4636581196581195
Handy,I had a damaged spray in truck bed.  Some very rough edges had to be removed before it could be re-sprayed.  This brush on my Dewalt grinder did the job.  Also cleaned rust off metal gate.  Very handy.,5,0.4166666666666667,4.593333333333334
Five Stars,Good,5,0.7,4.562
It's a little too aggressive for aluminum but works great on steel,"Tough polish wheel, hours of use and i'm not sure it has shed anything yet. It's a little too aggressive for aluminum but works great on steel.",5,0.09768518518518521,3.97875
"Does as advertised, and Amazon prices Rock!","THis is for gross removal of rust, crud and corrupted material in a hurry, using a right angle grinder motor. It certainly works, just remember it
is not a Dremel and will walk all over you if you don't hold the motor tight! It certainly does work and did a good job on my vintage trailer frame.
Use good goggles 'cuz whatever you're blasting will fly all over the place cuz this means business!",4,0.36138392857142854,3.58
Indispensable!,This wire wheel is a beast ! It eats paint and rust for breakfast. Used it to strip a Bilco door in conjunction with paint stripper. Made the job much easier.,5,0.4125,3.7447692307692306
Four Stars,strong,4,0.4333333333333333,3.7668333333333335
Five Stars,VERY GOOD,5,0.9099999999999999,4.562
Five Stars,"Tight quarters wire brush, works well",5,-0.17857142857142858,4.625624999999999
One of the best wire wheels out there,"One of the best wire wheels out there.  Here's the scoop, you can pay more for this one or you can buy cheap import junk wheels and burn through 10 of them before the DeWalt wears out.  These are the finest of wheels",5,0.725,4.299209401709401
Five Stars,Work great,5,0.8,4.3
Five Stars,OK,5,0.5,4.38
Five Stars,GREAT,5,0.8,4.8
Five Stars,works great for slag removal.,5,0.8,4.84
Rough.,"Well, this is aggressive. I thought I would take some UCoatIt epoxy off the floor, and not only did it do that, but it actually removed the concrete in BIG chunks.",5,0.010000000000000004,4.0014576118326115
Four Stars,works well on the side of materials,4,0.0,3.6399999999999997
Five Stars,Excellent brush,5,1.0,4.9399999999999995
Five Stars,Good Quality!,5,0.875,4.7
Made in USA!,"Good quality, fair price,  bought to have on hand in case needed.",5,0.7,4.6555
Five Stars,As expected,5,-0.1,3.9349999999999996
One Stiff Brush makes The Rust Retreat,Tough brush for the angle grinders. Very stiff brush that can remove the most stubborn material with your 4 inch angle grinders. This is a versatile accessory and tool guys love accessories. I was removing rust from an old fire place damper and it was like Rustzilla offering a satisfying domination over the forces of corrosion and gunk. If the wife get the hubby one of these she will have total control over his will power for weeks. Maybe not.,5,0.08978174603174603,4.451119047619048
Five Stars,good price does what its supposed to.,5,0.7,4.08
Best for removing most of the rust on anything from auto frame rails to heavily rusted wheels.,No more wires being spun off and hitting you and going all over. The TWIST wheels and TWIST cups are the way to go. I have had even brand name regular wire wheels send wires into my flesh and into the work area.,5,0.21000000000000002,4.373125097125097
Fit nicely on my 4 inch hand grinder,No issues and works well.  Fit nicely on my 4 inch hand grinder.,5,0.5,4.187968253968254
Five Stars,Great! Thanks!,5,0.625,4.365
It was exactly what I expected,It was exactly what I expected,5,0.07500000000000001,3.98
Good Quality,"It's hard to draw that fine line of where the ol' Black & Decker reputation ended and the quality of DeWalt begins. So far I've never been disappointed with anything I've purchased with the DeWalt name on it, including this product. I know that I pay more for schtuff with the DeWalt name on it, but in the long run it's usually money well spent when compared to other products.",5,-0.0015151515151515173,4.190727272727273
great wire wheel,what can I say about a wire wheel but it removes rust and paint :) good quality from DeWalt  Thanks .,5,0.55,4.568125
Very durable wheel,This product is by far one of the best wire wheels I have ever used.  The price and Quality are definitly of the best of best.,5,0.6599999999999999,4.885
Excellent wire wheel/carbon steel.,"This is excellent ""havy rust removers"" I purchase this Dewalt DW4930 4 inch cable-twist wheel to remove rust. And with 5"" grinder is perfect solution for removing rust from metal.",5,1.0,3.743193473193473
Five Stars,Does what I purchased it to do.,5,0.0,4.0
Seem to be the same superior quality as classic Irwin products,"Super pleased and just what was expected from a quality outfit like Irwin. I found the design of the drill bits especially useful in enlarging existing holes in addition to boring fresh new ones. Unlike many drills, these drills boar a clean, smooth hole with no burring. Used both on wood and steel with the same performance and through the various usages, no sign of wear or deterioration of the product. It maintains its sharpness without any distortion from friction.

The various sizes included in the kit fulfill every drilling and/or boring requirement.

The carrying case and the form fitted material which the bits rest in make it super convenient to locate the exact size bit needed for a given job.

My husband still has Irwin bits that have lasted him for years. He works in the trades and relies on quality tools and equipment and Irwin has always performed at the highest levels. While it remains to be seen if these will stand the test of time some of his original bits have, they seem to have the same quality about them as the others.",5,0.13625541125541124,4.190786552726573
"High Quality Set, More Useful Than You May Think","This Irwin 10225 Unibit product is high quality set of step drills, made in the USA, that comes in a substantially padded protective case. While it does cost significantly more than competing off-shore bits it is also significantly superior in all respects.

The Good:
Thickly padded, zippered blue case.
Smooth, sharp cutting edges allows one to produce clean accurate holes with ease in thin metal, plastic and wood.
Pointed tip does indeed prevent the bit from wandering or skipping when starting a hole.
Two of the four bits have shanks formed to fit 1/4 hex drivers. The amazon product photo does not show these newer driver style shanks (at the time of this review).
Markings are highly visible and easy to read.
The quality workmanship of this product is obvious. Finely machined, highly visible markings, and a beautiful storage case.

The Bad:
There really isn't anything serious to complain about, so consider the following list to be nit-picking
the two smaller sized bits can be a bit difficult to extract from their padded slots in the case. (I warned you I was nit-picking!).
The smaller two bits fit standard 1/4 hex drivers, but the shank section before the groove is a bit shorter than normal. This is no problem whatsoever in magnetic drivers. In my non-magnetic Makita impact driver the bits had slightly more in-and-out play than usual, but it did not affect drilling performance in my testing.

Price:
This is an expensive set of bits - it costs more than my first drill press did! If you wish to experience these high quality bits at a lower cost, there may just be a way to do so. Simply do what we all love to do on amazon - shop around!

A quick amazon search of Irwin Unibit"" reveals that the price of these bits is largely related to their size - for example the largest bit (#4) is roughly half the cost of the entire set. If all you need is one of the smaller two bits, either can be had for under 16 dollars with prime shipping. If you can live without the largest bit, a set of three can be had for about 43 dollars (there is no case, and the third bit is slightly different than the set reviewed here, but seems comparable).

Ive posted a price-comparison chart in the photos accompanying this review.

Of course this information is only current as of the posting date of my review, as prices can, and probably will change in time.

Summary:
If you enjoy using top quality tools then this set is worthy of your consideration.

If you like short reviews - stop here!

On the other hand, if you like lots of extra information, then please by all means read-on

The 4 bits in this set are labelled Irwin Unibit 1, 2, 4 and 21. The three smaller bits are self starting, and the forth is for enlarging. All these bits can be purchased individually here on amazon.com.

All have hex shanks for positive slip-free use in standard drill chucks. The #1 and #2 bits will also fit in standard 1/4 drill drivers, impact drivers, etc. At the time of this review, the amazon description states they have a 3 flatted shank which is not accurate - mine have six sided shanks, also known as hex shanks.

Each bit is described in detail below. Its difficult to produce tables in these reviews, so Im listing each bit one at a time.

Iwin Unibit #1:
Irwin Item #: 10231
Hole Sizes: 1/8 - 1/2
Step increment: 1/32nd
Number of steps: 13
Step Height (i.e. max material thickness): 1/8
Overall Length: 3-1/8
Shank Size Across flats: 1/4
Drill Chuck Required to hold shank: 1/4

Iwin Unibit #2:
Irwin Item #: 10232
Hole Sizes: 3/16 - 1/2
Step increment: 3/8
Number of steps: 6
Step Height (i.e. max material thickness): 3/8
Overall Length: 3-1/8
Shank Size Across flats: 1/4
Drill Chuck Required to hold shank: 1/4

Iwin Unibit #4:
Irwin Item #: 10234
Hole Sizes: 3/16-7/8
Step increment: 1/8
Number of steps: 12
Step Height (i.e. max material thickness): 1/8
Overall Length: 2-7/8
Shank Size Across flats: 11/32
Drill Chuck Required to hold shank: 3/8

Iwin Unibit #21:
Irwin Item #: 10221
Hole Sizes: 13/16 - 1-3/8
Step increment: 1/8
Number of steps: 10
Step Height (i.e. max material thickness): 1/8
Overall Length: 2-7/8
Shank Size Across flats: 7/16
Drill Chuck Required to hold shank: 1/2
Note: this bit requires a pilot hole, 3/4 diameter or greater.

Size of case: 7W x 4-7/8D x 2-1/4H

I happen to own a low cost import set of step drill bits (a Neiko 10193A set, in near new condition). It is immediately obvious that the Irwin bits are better quality than the Neikos in appearance and legibility of the step-size markings. Ill post a picture showing an Irwin and Neiko side by side. In use the Irwin bits cut sheet metal faster, producing smoother edges (less burrs) and more well rounded holes. For rough work on a tight budget the Neiko may be a good choice. Otherwise Id recommend the Irwin bits.

When is a step drill better than a standard metal drill bit?

When drilling sheet metal. You get better formed holes, less burrs, and less grab as the bit exits the material. As hole diameter increases these differences become even more pronounced.
Less torque required. With wider diameter holes, a standard drill bit is engaging the entire diameter of the material at once. Whereas a step drill engages a fraction of that. This results in easier drilling, and less torque on ones wrists and hands. The workpiece is also less likely to be torn out of your hand when your grip is not firm enough.
When a standard drill bit is too long. Step drills are shorter than standard drill bits. For example a 1/2 (max) step drill is about half the length of comparable metal drill bit.
Its possible to de-burr holes with a step drill by just allowing the next step size to lightly touch the material before you stop drilling. It takes a bit of practice, but can save time especially when drilling a lot of holes.
If you need to enlarge an existing hole, and want it well centered on the original hole. This can work nicely even in wood, when drilling with Forstner (flat bottomed) bits - the Unibit can cut a 1/8 starter hole which is just enough to keep the Forstner bit centered.
Smooth cutting step drills - like these Irwin bits - cut plastic sheet much better than regular bits, especially as hole sizes increase. I found it easy to produce clean edged, accurate holes with the Irwin step bits in my handheld drill. Trying to use standard bits often made a mess of things, unless the holes where small (say less than 1/4 diameter).
A single step drill bit might save one the hassle of carrying a set of standard drill bits, but of course only when all the material you are drilling is thin enough.

When is a standard metal drill bit better?

When you want to make no mistake about drilling too large a hole. A regular drill bit always makes the same hole size - no need to count the steps - which can be very reassuring when drilling into a valuable workpiece.
In thicker heavier material, or when you need non-through holes. Step drills just aren't designed to do this.

Other details and observations:

Use step bits to quickly measure the diameter of existing holes. Just insert the bit until its snug and read the diameter from the it. Of course the step drill needs to have high quality markings for this to be practical.
Enlarge an existing hole, while keeping the center of the hole unchanged.
You can (almost) double the effective depth of cut of your step drill if you are able to drill in from both sides of a hole. I was able to consistently drill accurate, well formed holes in wood that was 5/8 thick using the Irwin #2 bit using this technique.
I was able to produce accurate, clean holes in 3/4 fir plywood with each of the 4 drill bits, as long as I drilled it to the maximum diameter of the bit. So if you live with 1/2, 7/8 or 1-3/8 holes, you are not really constrained as to thickness of your wood. The bits all cut quickly and cleanly through the material. Of course this is a very special case, but I thought it worth mentioning nonetheless.
On review claimed that these bits cut in two directions. To test this I tried making holes in hardwood by running my drill in reverse. It worked poorly, cutting action much slower and the quality of the hole was not as good as running the bit in a normal (clockwise) direction.
In hardwoods, I found step drills to be a quick and effective way to remove the ragged edges and slivers on the back sides of freshly drilled holes. You do need a light touch, and a bit of practice to obtain consistent results.
Always work safe and remember these wise words: DONT DRINK AND DRILL!. (I think Homer Simpson deserves credit for this, but I cannot be certain.)

I hope you found this glut of information useful. If so your feedback would be much appreciated.",5,0.13035325948561244,4.281201114874665
A long time fan of Irwin's tools.,"I own several Irwin tools and think they are well made and basically a one time purchase since they are durable and won't require replacement unless you lose it or it is stolen. These heavy duty bits are great for drainage holes or really any stepped hole. The zippered case is very well padded and sturdy. They may seem a bit pricey  and overkill for homeowners use, but I've learned the hard way that it is better and usually easier for the do it yourselfers to have reliable tools that makes the project go easier with considerably less frustration. Also the big orange store carries this brand and is competitive on certain items if you need it in a hurry.",5,0.11968864468864465,4.179058738873759
Really excellent,"My husband has worked as an HVAC mechanic and was looking forward to trying out this set of Irwin step bits. Just today he got that opportunity when he had to enlarge holes on a commercial exhaust fan and drill a 3/4"" knock out for electrical. The bits cut right through the heavy metal with no problem or heat build up.

They come in a really nice case they came in and make for easy retrieval from your truck when you need them.

 I would highly recommend these drill bits. I am very satisfied we are planning on getting a lot of use from them.",5,0.36613095238095233,4.320786552726573
Mr. Man is loving this set so far,"and has been been using them for the last 30 days in his work room that was previously known as our garage. He finds these just right for drilling holes into stainless steel, copper, brass, aluminum, plastic and vinyl. The Single-flute cutting edge has great control & the Hex shank prevents slipping in drill chuck.

Unibit #10231 aka #1: Hole Sizes 1/8"" - 1/2""; # of Holes = 13; Maximum Material Thickness = 1/8; ""Fractional Self-Starting"":

Unibit #10232 aka #2: Hole Sizes 3/16"" - 1/2""; # of Holes = 6; Maximum Material Thickness = 3/8;

Unibit #10234 aka #4: Hole Sizes 3/16"" - 7/8""; # of Holes = 12; Maximum Material Thickness = 1/8;

Unibit #10221 aka #21: 10 hole sizes (13/16"" to 1&3/8""); Maximum Material Thickness = 1/8; ""Fractional Hole Enlarging""\

I found a great video on YouTube ""IRWIN Unibit Step Drill Bits by Tools In Action"" that you might find informative.",5,0.18354978354978355,4.151940838440859
Can't Live Without Them,I didn't realize how I could live without this set of Unibits until I put them in my drill case.  Buy them and you will never regret it.,5,0.13636363636363635,4.417989843816315
Great for fiberglass,"I'm doing a fiberglass car project, and these things leave much nicer edges than my normal pilot point bit sets. And even on un-masked gelcoat, this leaves minimal cracking. (Though I'd still recommend using masking tape, and cutting in towards the gelcoat).

I like the right-most one, which has long steps -- it helps get nice straight holes, even through a fairly thick piece of fiberglass. The only minor thing is that I wish that there was more variety in sizes. The bigger one is, if I recall correctly, 3/4"" at the largest. If the set had a narrow, medium, large one, it would be slightly more versatile, than the current set which has 2 narrow ones, and a medium one.",4,0.09246031746031744,3.8643095238095237
no longer worth buying.,"I have used these for years, but the current production is of inferior steel. Very soft and does not cut well at all. Suitable only for soft metals. Irwin seems to have outsourced the production to the lowest bidder.",1,0.18000000000000002,2.2549047619047617
Great  Product.,Great  Product.,5,0.8,4.8
Super sharp points and easy adjustment,"Super sharp points and easy adjustment. Only purchased this divider to work with nautical maps for fishing, I can't complain about it!

However it does ship in some sticky grease-like oil.",5,0.18333333333333332,4.184066666666666
General tools,"works great , use for lathe work",5,0.42500000000000004,4.510297619047619
Five Stars,Good!,5,0.875,4.562
Good buy for the price,The points are not exactly the same length but they are perfect for what I use them for and are very well built. I'm sure they will last me a long time.,5,0.278125,4.547499999999999
Will buy more when these are all used up,I have used a lot of these grommets over the years. Works great.,5,0.65,4.2
Very nice kit!,"This kit is ideal for putting grommets on things. Was hesitant to buy at first, as kits tend to usually be cheaply made. This one however, is very nice. I will be able to get many uses out of this. Just don't expect the wood block to last as long as the other parts. I would buy again.",5,0.413,4.433158410138249
Exactly as described and arrived on-time.,Exactly as described and arrived on-time.  Takes about two minutes to install a grommet into anything reasonable.  All the parts seem to stand up to use and the grommets hold tight.,5,0.13035714285714284,4.27
"Works, but mine did not look great.","I have used this for about 40 grommets, and while I did get better by the end, none of my grommets looked ""nice"". They work, and these were better than other ones, but they definitely did not look professional for me. The first couple were a disaster, but like I said, I got ok at it after about 40. The biggest trick was to use a solid concrete surface as the base for the hammering.",3,0.20624999999999996,3.3600000000000003
Five Stars,Used this to add eyes to those cheap tarps.  Works well.,5,0.4,4.02
Four Stars,Happy with this grommet set!,4,1.0,4.2
Good for price,"Good kit for this price.  Includes the everything you need to install grommets except the hammer.

The grommets themselves are decent quality.  Time will tell if they hold well and don't rust.  My package was slightly opened and most of the contents spilled into the box.  2 of the washers were missing, so I didn't get 24 complete grommets.  I got 22 complete grommets.  Its not the end of the world.  I only needed about 1 for my project, and Imagine only needing 1 every now and again.

Everything functions as I imagined.  The wood piece is small and isn't really that hard.  Its hard enough to punch holes through the fabric with the hole punch.  I would not say the hole punch is super sharp, but it does work.  I went through 2 layers of Sunbrella Marine fabric with ease, and I can see this working with up to about 4 layers.  Your best bet is to use a heavier hammer and swing light, as opposed to a light hammer with a heavy swing.  I found that a 2.5 pound hammer was ideal.  With this hammer, the grommet installation is a piece of cake.  Just tap lightly a few times, check it, tap a couple more times, check it, light taps to snug it down.  Do not over hammer or the anvil gets stuck in the grommet and can be difficult to unstuck.

The hole punch seems durable enough for 100 uses or more.  The grommet installation tool seems durable enough for several hundred grommets or more.  The hardwood piece is probably only good for a few dozen cuts.  No big deal, I did not expect that to last long.

Overall, I would buy this again at this price.  I would recommend this for occasional grommet installation for the home user.  Not really a pro tool, so don't get your hopes up.  This is really more for repairs than for production.",5,0.13974867724867723,4.020397749604893
Would recommend,Great value,5,0.8,4.76
Very bad quality control,Very bad quality control. The punch was .011 larger diameter than the hole in the die. I just tossed it in the trash.,1,-0.6066666666666666,1.940371794871795
Five Stars,Worked great in repairing a large tarp.,5,0.5071428571428571,4.781428571428572
Simple and Works,Very simple design that seems to work well for what I needed. I put some grommets on some lightweight carpet for travel trailer outdoor door mat and can stake it down using the grommet holes and grommets to keep from ripping carpet. This item is simple and works.,5,-0.038888888888888896,4.274090007215007
not bad,Little loose but works well.,4,0.028525641025640997,3.103168498168498
Four Stars,works pretty good doe's the job,4,0.475,3.7343333333333333
Works great. Would by again,Product as described. Works great. Would by again.,5,0.8,4.82
Amazing value in this nice little grommet kit!,"I don't install grommets everyday, so justifying spending hundreds of dollars on a production press just wasn't in the budget.  For those of us with smaller projects to do, this kit was perfect!  It has everything you need to get the job done.  The anvil portion, arguably the most important part of the kit, is very well made.  I'd give it 5 stars.  The wood block is just a piece of oak.  The cutter works okay, I'd give it 4 stars.  The grommets I'd say are not the best, so I'd probably give them 3 stars.  But again, the most important part is the anvil and this kit delivers a top notch anvil that will pound hundreds and hundreds of grommets.  I was using the cutter on some nylon webbing, so it didn't cut the best.  I suspect it works far better on leather or cotton.  Regardless, it did work, it just wasn't awesome.  The grommets are pretty light weight.  I've definitely used heavier grommets before.  That said, they were free and come with the kit and they work fine and seem to hold tight.  How they'll stand up over time I'm not sure, but I'll just have to see.  So if you want super nice top notch grommets, you'll probably have to buy those separately.  Overall I give this kit 5 stars because it delivers an excellent anvil and it's very affordable.",5,0.38829205069124423,4.388209325396826
Good in a pinch.,"Good in a pinch. I wouldn't recommend this if you have a lot of grommets. An inexpensive, low pressure grommet machine would be nice.",5,0.5,3.9327126924001927
Good grommet maker.,I have a tarp with grommets that ripped out.  I put new grommets into a webbing strap and my wife sewed the webbing onto the tarp.  This worked very well.  The Grommet maker is easy to use.,5,0.36742424242424243,4.28851547017797
Five Stars,does the job,5,0.0,4.16
good hand tool,"excellent tool, you must sharpen it before serious use",4,0.45555555555555555,4.000101010101011
Five Stars,Heavy duty!  thanks.,5,-0.024999999999999994,4.261666666666667
Didn't cut at all,Tried it on aluminum and a steel hole I drilled and does not cut. Seems the blades were ground flat. Had to return.,1,-0.025,1.782913544973545
Five Stars,works,5,0.0,3.94
Four Stars,A little cumbersome to use but works great..... what do you expect for the price,4,0.30625,4.225238095238096
Good product but I ended up returning,"Sees good and sturdy, I didn't end up using this in the end",5,0.7,4.210806878306878
Five Stars,Tools are great.  DD,5,0.8,4.72
"Easy, fast application","Thinner than what we need on some applications but works, and when pushed for time, just the trick.",4,0.31666666666666665,3.319166666666667
Work as they should.,Work as they should.,4,0.0,3.5199999999999996
This are for light duty applications only.  Made in India.,This are for light duty applications only.  Made in India.,2,0.2,2.8274999999999997
A good grommet starter kit,"A good-quality grommet kit (made in India) that is affordable for small jobs. Depending on the fabric or the material, the most challenging part is usually punching the hole. The hole size needs to be precise and clean. For some materials, I trace the size of the hole, fold that material through the middle or diameter of the hole and cut out the semi-circle with a pair of curved finger nail scissors.",4,0.24583333333333335,3.4986755952380952
Good Grommets,Seem okay.  can't use right away but package arrived fast and new.,4,0.3644155844155844,3.9134848484848486
Five Stars,Good product and right about price,5,0.4928571428571428,4.558571428571429
May be a better grommet out there but have not found it yet.,"Well for the price, but better on thicker material. Like other customers, they recommended going slow when using the cutter as well as ""crimping"" the grommets with a hammer, utilizing General Tools grommet kit. Installing these grommets on polyester shade material, the grommets cut through, but ""installed"" reinforced packaging tape on both sides, with the tool cutting a perfect hole. The tape worked very well. Used inside a green house so not worried about corrosion or heavy duty strength, very little weight applied on these grommets with no wind.",4,0.052840909090909084,3.9114321368446365
Worked for the purpose- thin shade on inside of greenhouse,"Reviewed directions for use in the reviews and questions, but used for a thin shade material and the outside of the grommet cut the material. The cutter worked well for it's purpose, and only needed it for light duty. Sure it would be okay for medium duty applications, and thicker material.",4,0.08571428571428572,3.5630681818181817
Easy to Use and Sturdy Results,"We bought this kit to use on a replacement awning we made.

Long story short: the grommets installed well and we ended up with a very sturdy end result. Don't be afraid to use some force when cutting/punching your fabric and the rest is easy.

Long story long: I did not try the cutter/punch straight out of the box. I felt I could sharpen it up a little bit first, so that's what I did. I chucked it in the drill and took a file to the cutting edge as it spun. I can't say it made a huge difference in sharpness, but I do believe it helped. When cutting your material, hit the punch hard with a hammer, rotate, and repeat. Usually 3-5 quick and heavy blows were enough to cut through my two layers of heavy material. I hit it until the punch was stuck in the wood behind the material-- then I knew I had gone completely though.

Actually installing the grommets was the easy part. Line things up and hit the big punch with a hammer to seal things down good. Rotate the metal punch with your fingers, hit again, rotate back a bit and hit one last time. It was quick and easy.

All in all, I was impressed with the professional look this gave our awning and I am very happy we used this kit.",5,0.07986111111111112,3.925061477873978
So far lasted over 2 years in rain & snow,"These work great,
We use them for our side by side rear curtain to keep the rain and snow off of us. These have help up just fine in rain & snow for over 2 years",5,0.4388888888888889,4.2605
Five Stars,Great kit,5,0.8,4.4025
Five Stars,High Quality Merchandise & Fast Shipping,5,0.18,4.419424242424243
Five Stars,good,5,0.7,4.562
Here is the replacement kit.,Hard to find relacement kit does the job. Shortage of rings remains a problem however the grommets do the job they are intended to do. Priced reasonably and delivered promptly. Recommended.,4,-0.04583333333333334,3.737658410138249
"easy, works","Simple, easy, works, priced right.",4,0.28809523809523807,3.9342380952380953
Five Stars,Good product,5,0.7,4.640000000000001
General grommet-repair kit commentary,"Last year, I purchased a #2-plain General grommet-repair kit from Amazon to compare it with the equivalent Lord & Hodge kits.  The contrast was remarkable!  The Lord & Hodge sets were domestically-manufactured and met all of my expectations.  The General set, in contrast, was cobbled together in India and was garbage.  A couple of the grommets were pitted on the margins, and one of the male components was bent.  Two more set imperfectly and had to be removed, a problem which I haven't encountered elsewhere.  I finally got around to weighing the respective grommets and found the General submission to be roughly 30% underweight.  Brass foil.  Although the first commentaries could be considered somewhat subjective, the weight differential isn't.  Additionally, I strongly suspect the setting tools are inferior to L&H's, a rough brinell test having indicated that the anvil material is softer.",1,0.15148809523809523,2.177196025733526
Nice heavy set.,"Excellent set for setting grommets that comes with everything you need except the hammer.  It even includes a little chunk of hardwood to use under your grommet setting anvil.  (That bit is greatly appreciated, since it protects your table or desktop, and I never take the time to go dig one out when I'm in a hurry.)

The punch is not sharp enough to cut through heavy canvas, but it marks it so you can cut it out with scissors.  Good value.",4,0.21944444444444444,3.9685477873977875
Works great,"I used this tool to put eyes into a sheet of canvas to use as a sunshade. Works great, well made, no complaints. I thought the little square of hardwood they included would be redundant but actually it's really useful, I tried using pine instead as a backstop and it was way too soft.",5,0.26875000000000004,4.57
Grommet insertion tool,This is a decent tool. I could have given a 5 star except for one minor issue I had with the hole cutter. The crimping section worked as advertised and rolled the grommet crimp as expected. The hole cutter was a bit dull. i sharpened it after the 1st hole because it did not cut cleanly. Overall worth the money.,4,0.004166666666666661,3.478024235209235
Easy and satisfying,"It took a bit before I did all the pieces right side up and not backwards, but once I did I was very happy with them/",5,0.5547619047619048,4.1
Great little grommet kit!,"This kit has everything you need to install 24 grommets. I saw another reviewer complain that he thought it was 48 and only got 24, but the General Tool website says 48 pieces and 24 grommets, which is right. Another complained about lead. A trace amount of lead is often used for lubrication purposes to prevent the grommets from sticking to the punch, causing you to destroy the grommet to get it off. You'd have to suck on a grommet for a while to get lead traces into your system, so keep them out of your mouth and you'll be fine. It's a good little kit and will help you get more use from old tarps, or help you in other DIY projects that call for grommets.  The materials are good quality and the grommet halves are accurately made to fit together well. At a great price, you can't ask for more!",5,0.2628058862433862,4.25395303030303
old fashioned handtool,This sturdy tool does the job quickly and effectively. What more could I ask? It's so simple and strong it will out last me hands down.,5,0.22638888888888886,3.88
Excellent Shop Rags!,"I have been using these rags in a box for about ten years now for clean up in my woodworking, auto, and leatherwork. They are a great, tough, absorbent, cheap (around 0.06 cents apiece in bulk), disposable alternative to more expensive cotton rags.  No, these rags are not made out of cotton but are a felted wood fiber. They are super absorbent, better than cotton, and when you get them cruddy you can just toss them rather than face the wrath of your significant other after you run a bunch of oily rags through the washing machine! They are not affected by oils, alcohol,  or any solvent you might find in normal shop use. One great benefit, at least for me, is that they do not ""shed"" little pieces of fiber like cotton rags do when you are applying,  or cleaning up, stains or wipe on finishes. One final caveat is to be sure that you are buying these towels from ""fulfilled by Amazon"" so you get the 8 box case rather than the scam artist who is selling the single box  for the case price!",5,0.1601537698412699,4.286666666666667
Five Stars,"Been using these for years, very tough.",5,-0.5055555555555555,4.450740740740741
Five Stars,GREAT RAGS,5,0.8,4.365364087301588
Great price on lightning deal,Just what I needed.  Great price on lightning deal!,5,0.9,4.595416666666667
Rags,"Not much to say about these, this was a great deal and I couldn't pass these up, these towels are good for anything.",5,0.4666666666666666,4.533975198412699
Five Stars,best ofg this type product on the fahreakin planet--thanx---One of the best products of its type I've ever used,5,1.0,4.672
Five Stars,good product - fast shipping.,5,0.44999999999999996,4.4534242424242425
Strong and Sturdy,"I buy for bike repair and maintenance.  Great, strong paper towels that are much stronger and longer lasting than regular kitchen paper towels.  I almost want to wash, dry and reuse them.....",5,0.2571428571428572,4.376194444444445
Excellent PerformingTowels,I normally buy the Scott blue shop towels but I thought I'd give these A try they work very good. The price was cheaper then the blue towels. I gave five stars for excellent performing product. I would highly recommend this product.,5,0.45999999999999996,4.56
Five Stars,love them,5,0.5,4.583333333333333
Five Stars,Nice thick rags and nice sturdy box. Throw one of these in my truck tool box.,5,0.3,4.516
"Kimberly-Clark Scott 75260 Rags in a Box, White, 200ct Box",I use these rags in the garage for clean-up and light cleaning as opposed to an old wash rag or towel. These absorb must better and then you throw away - simply. The costs is very low for the amount and number of uses you get from this box. Hope this helps.,4,0.16666666666666666,3.834530753968254
Five Stars,rags in a box whats not to like,5,0.0,4.225364087301587
A great rag,I really like these scott rags in a box.  They come in handy for my use.  I think they serve the purpose well.  Great for clean up for me.  A hard to beat product.,5,0.4125000000000001,3.983530753968254
Scott Wipes,Happy I bought this at the price listed as I have paid almost $20.00 for the same product but with less quantity. These work great in conjunction with paper towels and sponges. These can actually be rinsed out and dries almost immediately. I have saved a lot of money on buying paper towels since I started using this product.,5,0.28666666666666674,4.449956349206349
"The wipes are great, even the box is useful!","I use wipes of this exact brand extensively, which I usually buy by the case. I use these wipes for cleaning a variety of things, most of them disgusting or very bad for you. What I like about these wipes is that they don't tear easily, they don't shed a lot of lint and they dispense cleanly from the box (one at a time).

The box itself has some measurement guides, so that when you're trying to guess the exact size of a given nut, bolt or assorted part you can refer to the actual box. These can save lots and lots of time, from someone having to find a tape measure or a ruler.",5,0.0679166666666667,3.8195497835497836
I love my towels!,"These towels are easy, convenient, and strong. You get 200 in a nice dispenser you can carry around. They are great for everything and you can re-use them. Highly recommended!",5,0.5152777777777778,4.5129166666666665
Great shop towels,"Great shop towels.  I previously used regular Bounty paper towels in my workshop, and they worked fine except in rare cases where I needed something more ""cloth like"" and the paper towels would tear.  These towels have the extra strength to fulfill this role.",5,0.33125,4.6002777777777775
Four Stars,good,4,0.7,4.062
Four Stars,Not as durable as I expected. Lightweight.,4,-0.1,3.435
Four Stars,"Great product, easy feed until you towards the end, then they clump up and are hard to remove.",4,0.3138888888888889,4.22
Glad I bought them,What I expected. Handy dispenser for shop rags.,5,0.3333333333333333,4.187030753968254
Five Stars,Bring on the oil spills.,5,0.0,4.0
Five Stars,ok,5,0.5,4.38
Five Stars,ok,5,0.5,4.38
Good towels.,"Nice, absorbent, low lint towels in a dispenser box.",5,0.4333333333333333,4.414861111111112
Great for my garage,"I bought these for my home garage and they seem to work just fine.  They do tend to break down and leave a little bit of dust from the paper fibers after a bit of use, but they're still good enough for glass and Windex.",4,0.2622685185185185,3.7099444444444445
Excellent Product,Being a retired auto/truck mechanic I've been using these shop towels for years and they work great for me. There great in the garage and around the home there very strong. I would recommend this product.,5,0.7908333333333334,4.5922777777777775
my small voice,they last so much longer than the normal paper towel I realize they're normally only used with men but from a woman standpoint they're durable and reliable and seem to clean so much better and when cleaning they work perfectly,5,0.24583333333333335,4.0662698412698415
Five Stars,Excellent towels for everything.,5,1.0,5.0
A great compromise between kitchen-type paper towels and cotton shop towels.,A great compromise between kitchen-type paper towels and cotton shop towels.  I use these all the time when working with metal and wood projects.,5,0.8,4.357956349206349
Five Stars,My favorite disposable shop towels and I have tried many,5,0.5,4.404375
: ) No problems.,:) No problems.,4,0.5,3.8225
Five Stars,JUST KEEP MAKING THEM,5,0.0,3.952857142857143
Five Stars,good,5,0.7,4.562
old reliable,"decent. i have been using these for years. they work fine. not a huge fan of the way the towels come out but i think it's more a function of the hole design vs. the towels themselves. also, my box arrived like it had been used in a game of dodgeball. but, the box still works and the towels are tough.",4,0.027777777777777766,4.112916666666667
Great towels for the garage,"Great towels for the garage. More durable than the standard paper towels. I tried buying those ""recycled t-shirt rags"" but they weren't great quality so I figured I'd try these and I'm glad I did.

I found that these work great for auto detailing because they don't leave behind any little fibers like some paper towels and rags do.",5,0.4013888888888889,4.619583333333333
Five Stars,great,5,0.8,4.8
Good quality rag alternative.,Fits in my garage cabinet perfectly and is uber handy. Good quality rag alternative.,5,0.75,4.734999999999999
One of these is probably worth three or four of a common paper towel,Oh these are great these are always great better than the regular paper towel and I hide mine so that I have them when I really need strength and absorbency,5,0.3285714285714286,4.212928571428572
Good deal.,As expected.  Good deal.,5,0.4333333333333333,4.605
Four Stars,Great shop towels. Marked down one start because the quantity was low considering the price.,4,0.18611111111111112,3.6329166666666666
These are awesome. Reasonably durable,"These are awesome.  Reasonably durable, and they don't leave any fibers behind on sensitive surfaces.  They'll absorb a good amount of fluid as well.",5,0.3500000000000001,4.5
Good shop towels,"Love the shop towels, but prefer them on a roll (which I buy from Costco when they have it).",4,0.6,4.012916666666667
Three Stars,good just to expensive,3,0.09999999999999998,3.342833333333333
Four Stars,great shop towels,4,0.8,3.863472222222222
Favorite Towels,"I have been using these in my home shop / garage for as long as I can remember and they are my all time favorite. They hold up to use and reuse as well. My only wish is that they would change the color of the towels to anything other than blue when you are something like 10 away from an empty box, otherwise you don't know you are out until you pull out the last one.",5,0.090625,4.5129166666666665
great for random cat messes.,"I use these for cat cleanups around the house.  no longer need to burn through regular paper towels.  These are super absorbent and easy to store.  I just put the box next to my laundry machine and can grab them whenever needed.  No more running out of paper towels.  Not much to say, these are thick, absorbent and reasonably priced.",5,0.06166666666666667,4.444623015873016
Fragile when compared to Scott 75260,"As far as I can tell, there isn't a difference in the intended use of&nbsp;<a data-hook=""product-link-linked"" class=""a-link-normal"" href=""/Blue-Scott-Shop-Towels-In-A-Box-75190/dp/B00004TBJD/ref=cm_cr_arp_d_rvw_txt?ie=UTF8"">Blue Scott Shop Towels In-A-Box  75190</a>) from&nbsp;<a data-hook=""product-link-linked"" class=""a-link-normal"" href=""/Scott-75260-Rags-in-a-Box/dp/B00004TBJF/ref=cm_cr_arp_d_rvw_txt?ie=UTF8"">Scott 75260 Rags in a Box</a>. These is a big difference in their durability. Fact of the matter is, these things constantly rip like wet toilet paper when you put them to serious use. I've developed these expectations that it will be useful for work, in part due the product being called a 'Shop Towel'.",2,-0.009166666666666662,2.7460920164208935
Three Stars,tanks,3,0.0,2.94
Always happy with irwin step bits.,I love irwin step bits and this one wasn't an exception.  Took out nice soft copper very easily. with no real signs of wear after going through about 1/4 of copper.,5,0.41055555555555556,4.182284929349949
very good tool,Contains all common size I need and the cutting edge is sharp.  I bought this to make a hole for gasoline can vent cap.  The bit was very aggressive through the plastic.,5,0.01699999999999998,4.069429658489659
Four Stars,Irwin makes acceptable tools.,4,0.0,3.7693739963739965
Worth it,Works like a charm on tougher metals than the TiN coated bit.,5,0.3,3.94
Five Stars,Always a handy drill to have around.,5,0.6,4.388222222222222
Excellent product -- Functions as intended -- No complaints here --,Excellent product -- Functions as intended -- No complaints here --,5,1.0,4.279999999999999
Five Stars,BUGGA IS CHERRY!!!,5,0.0,4.0
Very handy for sheet metal,"Cuts holes cleanly and quickly,  I've mostly used it on aluminum which it cuts like butter, although it often leaves a large burr on the back side that has to be trimmed away. The distance for each hole size is quite small, so it's only useful for thin material.",4,0.16788359788359786,3.4833844444444444
how did I ever get by without a step bit???,I use it all the time; how did I ever get by without a step bit???,5,0.0,4.147271766771787
Five Stars,did the job,5,0.0,4.32
Five Stars,the best,5,1.0,5.0
This is an awesome device for drilling through thin stock,"I'd always thought these things were a gimmick.  No longer!  This is an awesome device for drilling through thin stock.  Quick, and nice clean holes.",5,0.34285714285714286,4.628
Five Stars,works good,5,0.7,4.76
Five Stars,fast ship works good,5,0.44999999999999996,4.53
"High Quality Bit, Works well in Plastic, Metal, Wood","This Irwin 10232 Unibit is a high quality set step drill, made in the USA. While it does cost more than competing off-shore bits it is also significantly superior in all respects.

The Good:
Smooth, sharp cutting edges allows one to produce clean accurate holes with ease in thin metal, plastic and wood.
Pointed tip does indeed prevent the bit from wandering or skipping when starting a hole. No counterpunch or pre-drilling required to achieve accuracy.
The shank is formed to fit 1/4 hex drivers. The amazon product photo does not show these newer driver style shanks (at the time of this review).
Markings are highly visible and easy to read.
The quality workmanship of this product is obvious: sharp, finely machined, highly visible markings.

The Bad:
There really isn't anything serious to complain about, so consider the following list to be nit-picking
The bit fits standard 1/4 hex drivers, but the shank section before the groove is a bit shorter than normal (see photo). This is no problem whatsoever in magnetic drivers. In my non-magnetic Makita impact driver the bit had slightly more in-and-out play than usual, but it did not affect drilling performance. (I warned you I was nit-picking!).

Summary:
If you enjoy using top quality tools then this set is worthy of your consideration.

If you like short reviews - stop here!

On the other hand, if you like lots of extra information, then please by all means read-on

The bit has a hex shank for positive slip-free use in standard drill chucks. This #2 bit also fits in standard 1/4 drill drivers, impact drivers, etc. At the time of this review, the amazon description states they have a 3 flatted shank which is not accurate - mine has a six sided shank, also known as a hex shank.

Irwin Unibit #2:
Irwin Item #: 10232
Hole Sizes: 3/16 - 1/2
Step increment: 3/8
Number of steps: 6
Step Height (i.e. max material thickness): 3/8
Overall Length: 3-1/8
Shank Size Across flats: 1/4
Drill Chuck Required to hold shank: 1/4

I happen to own some low cost import step drill bits (a Neiko 10193A set, in near new condition). It is immediately obvious that the Irwin bits are better quality than the Neikos in appearance and legibility of the step-size markings. Ill post a picture showing an Irwin and Neiko side by side. In use the Irwin bits cut sheet metal faster, producing smoother edges (less burrs) and more well rounded holes. For rough work on a tight budget the Neiko may be a good choice. Otherwise Id recommend the Irwin bits.

When is a step drill better than a standard metal drill bit?

When drilling sheet metal. You get better formed holes, less burrs, and less grab as the bit exits the material. As hole diameter increases these differences become even more pronounced.
Less torque required. With wider diameter holes, a standard drill bit is engaging the entire diameter of the material at once. Whereas a step drill engages a fraction of that. This results in easier drilling, and less torque on ones wrists and hands. The workpiece is also less likely to be torn out of your hand when your grip is not firm enough.
When a standard drill bit is too long. Step drills are shorter than standard drill bits. For example a 1/2 (max) step drill is about half the length of comparable metal drill bit.
Its possible to de-burr holes with a step drill by just allowing the next step size to lightly touch the material before you stop drilling. It takes a bit of practice, but can save time especially when drilling a lot of holes.
If you need to enlarge an existing hole, and want it well centered on the original hole. This can work nicely even in wood, when drilling with Forstner (flat bottomed) bits - the Unibit can cut a 1/8 wider starter hole which is just enough to keep the Forstner bit centered.
Smooth cutting step drills - like this Irwin bit - cuts plastic sheet much better than regular bits, especially as hole sizes increase. I found it easy to produce clean edged, accurate holes with the Irwin step bits in my handheld drill. Trying to use standard bits often made a mess of things, unless the holes where small (say less than 1/4 diameter).
A single step drill bit might save one the hassle of carrying a set of standard drill bits, but of course only when all the material you are drilling is thin enough.

When is a standard metal drill bit better?

When you want to make no mistake about drilling too large a hole. A regular drill bit always makes the same hole size - no need to count the steps - which can be very reassuring when drilling into a valuable workpiece.
In thicker heavier material, or when you need non-through holes. Step drills just aren't designed to do this.

Other details and observations:

Use step bits to quickly measure the diameter of existing holes. Just insert the bit until its snug and read the diameter from the it. Of course the step drill needs to have high quality markings for this to be practical.
Enlarge an existing hole, while keeping the center of the hole unchanged.
You can (almost) double the effective depth of cut of your step drill if you are able to drill in from both sides of a hole.
I was able to produce accurate, clean holes in 3/4 thick fir plywood when I drilled it to the maximum diameter of the bit. So if you live with 1/2 holes you are not really constrained as to thickness of your wood. The bit cut quickly and cleanly through the material. Of course this is a very special case, but I thought it worth mentioning nonetheless.
One review claimed that these bits cut in two directions. To test this I tried making holes in hardwood by running my drill in reverse. It worked poorly, cutting action much slower and the quality of the hole was not as good as running the bit in a normal (clockwise) direction.
In hardwoods, I found step drills to be a quick and effective way to remove the ragged edges and slivers on the back sides of freshly drilled holes. You do need a light touch, and a bit of practice to obtain consistent results.

If you would like to see more images of bits, test cuts, and so on, please see my review of the Irwin 10225 Unibit set.

I hope you found this information useful. If so your feedback would be much appreciated.",5,0.12868502362777173,4.210534762046233
favorite uni-bit,use this bit all the time as i find it is a very useful drill bit. i find it quicker to use than changing drill bits.,5,0.445,4.264784147724168
Irwin bits last long,"I hadn't used these up until a few years ago, but since then I find them much more convenient than normal bits for most purposes.",5,0.15,4.3375883838383835
Irwin 15101 Unibit1T Titanium Nitride Coated 1/8-Inch to 1/2-Inch by 1/4-Inch Shank Step Drill,"This Irwin step-drill was reasonably priced and has lasted about the longest of any I've had in this size range. I keep a bit of this size in each of my drill storage cases and since this 1/8"" to 1/2"" size bit is also the one I tend to use most with my cordless drill, I keep one in the nail set holder of my tool pouch, so it's always ready to go. It is just the right size to make a hole in metal enclosures for the draw stud of my 1/2"" Greenlee manual KO punch, which I will often use to make the hole for the draw stud of the larger KO punches, so it gets used quite a bit for that. With this size bit, over time I usually seem to end up snapping off the 1/8"" tip then grinding it down to a new larger point so I can continue to use it. So far, this bit has managed to keep its tip, so not sure if it's just luck or if maybe there is something to the titanium nitride coating after all, but either way I'm happy with this step-drill and will buy again.",5,0.13054353054353054,4.210163060663081
"Nice, clean, perfect holes","I needed to make larger holes in steel sheet metal. Traditional drill bits bind up in the hole when you get close to fully drilling through the hole. Adjustable circle hole cutters and expanding bits can be dangerous if used free hand, and sometimes even used in the drill press. All of these types can twist your wrist badly if you are using them free hand.

I decided to try this step bit and see how they worked. It was fantastic! I drilled a large enough pilot hole with a twist bit, and then started feeding the step bit in the hole. It cut smoothly and did not bind up at all. The hole it made was perfectly round and no burs left on the front side. It did leave burs on the backside of the metal, but I simply did a very light drill with this step bit on the back just enough to knock off the burs. Presto...a clean wonderful hole was drilled quickly.  I am now a true believer in step bits.

This bit also kept its edge very well. I highly recommend this product.",5,0.21243809523809523,4.1047841477241676
A must for your drill!,"These are great for boring holes at the precise diameter for wood, metal, plastic and other material. these are a must for your tool box.",5,0.018750000000000017,4.275385398325419
Works like a chRm,Made quick work of enlarging a couple of holes on my recent project.  The bit is very sharp and made nice clean holes.  Recommend this item.,5,0.22749999999999998,4.3680519480519475
These are great drill bits.,These are great drill bits.,5,0.8,4.3351646273660975
You get quality and service life,"This is the 3rd Unibit of this size in the last 10 years that I have owned, it is not that it is poorly made, its just that I keep using them.  This is the only bit that I have found that I can cut gasket foil, if I do not have a punch that size (requires some trickery).  It has many, many uses and I keep finding new ones.  I have tried other brands but in this style, of the major brands, this last the longest of the non-impact tapered bits.  I have run it at 7,500 rpm without incident and as slow as 2 rpm on 1/8"" titanium sheet (prepunched starter hole).  The Unibits may seem expensive when compared to HF or other cheap brands but with these you get quality and service life.",5,0.01063311688311688,4.212320651897123
Irwin Unibit cuts very nicely !,"After wasting my money on a less expensive but poor quality step drill, I moved up to this Irwin Unibit # 1 .  Yes, the Irwin costs more initially, but this Unibit cuts so smoothly that it rivals the precision of a chassis punch.  I bought this Unibit to drill 15/32 inch holes in steel sheet metal for mounting toggle switches .  This Irwin bit quickly cuts clean holes, with no burrs on either side of the hole.  Amazing !  I do drill a small pilot hole first, and I use a light lubricant spray as a cutting oil.  ( Hmmm...,maybe my lady friend will buy a whole set of these bits for my birthday !  )",5,0.1538888888888889,4.141494104434125
"High Quality Bit, Works well in Plastic, Metal, Wood","This Irwin 10231 Unibit is a high quality set step drill, made in the USA. While it does cost more than competing off-shore bits it is also significantly superior in all respects.

The Good:
Smooth, sharp cutting edges allows one to produce clean accurate holes with ease in thin metal, plastic and wood.
Pointed tip does indeed prevent the bit from wandering or skipping when starting a hole. No counterpunch or pre-drilling required to achieve accuracy.
The shank is formed to fit 1/4 hex drivers. The amazon product photo does not show these newer driver style shanks (at the time of this review).
Markings are highly visible and easy to read.
The quality workmanship of this product is obvious: sharp, finely machined, highly visible markings.

The Bad:
There really isn't anything serious to complain about, so consider the following list to be nit-picking
The bit fits standard 1/4 hex drivers, but the shank section before the groove is a bit shorter than normal (see photo). This is no problem whatsoever in magnetic drivers. In my non-magnetic Makita impact driver the bit had slightly more in-and-out play than usual, but it did not affect drilling performance. (I warned you I was nit-picking!).

Summary:
If you enjoy using top quality tools then this set is worthy of your consideration.

If you like short reviews - stop here!

On the other hand, if you like lots of extra information, then please by all means read-on

The bit has a hex shank for positive slip-free use in standard drill chucks. This #1 bit also fits in standard 1/4 drill drivers, impact drivers, etc. At the time of this review, the amazon description states they have a 3 flatted shank which is not accurate - mine has a six sided shank, also known as a hex shank.

Iwin Unibit #1:
Irwin Item #: 10231
Hole Sizes: 1/8 - 1/2
Step increment: 1/32nd
Number of steps: 13
Step Height (i.e. max material thickness): 1/8
Overall Length: 3-1/8
Shank Size Across flats: 1/4
Drill Chuck Required to hold shank: 1/4

I happen to own some low cost import step drill bits (a Neiko 10193A set, in near new condition). It is immediately obvious that the Irwin bits are better quality than the Neikos in appearance and legibility of the step-size markings. Ill post a picture showing an Irwin and Neiko side by side. In use the Irwin bits cut sheet metal faster, producing smoother edges (less burrs) and more well rounded holes. For rough work on a tight budget the Neiko may be a good choice. Otherwise Id recommend the Irwin bits.

When is a step drill better than a standard metal drill bit?

When drilling sheet metal. You get better formed holes, less burrs, and less grab as the bit exits the material. As hole diameter increases these differences become even more pronounced.
Less torque required. With wider diameter holes, a standard drill bit is engaging the entire diameter of the material at once. Whereas a step drill engages a fraction of that. This results in easier drilling, and less torque on ones wrists and hands. The workpiece is also less likely to be torn out of your hand when your grip is not firm enough.
When a standard drill bit is too long. Step drills are shorter than standard drill bits. For example a 1/2 (max) step drill is about half the length of comparable metal drill bit.
Its possible to de-burr holes with a step drill by just allowing the next step size to lightly touch the material before you stop drilling. It takes a bit of practice, but can save time especially when drilling a lot of holes.
If you need to enlarge an existing hole, and want it well centered on the original hole. This can work nicely even in wood, when drilling with Forstner (flat bottomed) bits - the Unibit can cut a 1/8 wider starter hole which is just enough to keep the Forstner bit centered.
Smooth cutting step drills - like this Irwin bit - cuts plastic sheet much better than regular bits, especially as hole sizes increase. I found it easy to produce clean edged, accurate holes with the Irwin step bits in my handheld drill. Trying to use standard bits often made a mess of things, unless the holes where small (say less than 1/4 diameter).
A single step drill bit might save one the hassle of carrying a set of standard drill bits, but of course only when all the material you are drilling is thin enough.

When is a standard metal drill bit better?

When you want to make no mistake about drilling too large a hole. A regular drill bit always makes the same hole size - no need to count the steps - which can be very reassuring when drilling into a valuable workpiece.
In thicker heavier material, or when you need non-through holes. Step drills just aren't designed to do this.

Other details and observations:

Use step bits to quickly measure the diameter of existing holes. Just insert the bit until its snug and read the diameter from the it. Of course the step drill needs to have high quality markings for this to be practical.
Enlarge an existing hole, while keeping the center of the hole unchanged.
You can (almost) double the effective depth of cut of your step drill if you are able to drill in from both sides of a hole.
I was able to produce accurate, clean holes in 3/4 thick fir plywood when I drilled it to the maximum diameter of the bit. So if you live with 1/2 holes you are not really constrained as to thickness of your wood. The bit cut quickly and cleanly through the material. Of course this is a very special case, but I thought it worth mentioning nonetheless.
One review claimed that these bits cut in two directions. To test this I tried making holes in hardwood by running my drill in reverse. It worked poorly, cutting action much slower and the quality of the hole was not as good as running the bit in a normal (clockwise) direction.
In hardwoods, I found step drills to be a quick and effective way to remove the ragged edges and slivers on the back sides of freshly drilled holes. You do need a light touch, and a bit of practice to obtain consistent results.
Always work safe and remember these wise words: DONT DRINK AND DRILL!. (I think Homer Simpson deserves credit for this, but my memory is imperfect.)

I hope you found this glut of information useful. If so your feedback would be much appreciated.",5,0.134338924963925,4.209403981779002
No Brainer,This is one of those simple items that you have to have...and wished you invented it. It does exactly what it says and makes carrying sheet goods by yourself a much easier job.,5,0.15,4.020659340659341
stanley yellow panel carry jig,"this is a great tool if you carry panels or rock sheets.  it is light, good grip, easy on the wrist when you carry.  gave it to the 9 year old grandson to help carry some 1/2"" plywood.  he figured it out real quick.  he said carrying plywood was easy.  this is better than carrying panels the old way with twisting your wrist.",5,0.3966666666666667,4.0875462962962965
Worth it. More ergonomic.,"These make moving sheet goods much much easier. They help keep the sheets low against your side while keeping your upper hand across your chest instead of over your head.

The weight is pulling straight down on your arm so there is very little lifting so it's more like carrying a bucket or a bag.

People complain about lifting sheets onto the tool. Of course you have to slightly lift the sheet to get it underneath. I rest often rest them on my foot while I install the carry tool.
You need to have the tool close to center for balance and your upper hand can balance the sheet.
Some grip tape or sand paper would help but I have needed anything.
I don't have any problems carrying only one sheet.

I have 2 different brands of these.
They are both made the same and are very strong.",5,0.09983506944444442,4.239103785103785
Handy panel carrier,"Great way to carry awkward or heavy panels, makes a two person job into a 1 person.",5,0.14999999999999997,4.147157407407407
"If you carry plywood of any size, or drywall ...","If you carry plywood of any size, or drywall, even if it's just once piece here and there, this is must have tool. For the price, get three, as they tend to disappear. I hade a steel one years ago, but somebody needed it more than I did. You simply have to put this in your tools that get a bit dusty from time to time, but when you must carry 4'x8'(12') panels, you will be grateful this cheap tool was in your arsenal. MUST HAVE tool !!!!!",5,0.275,4.3085
Gravity is getting stronger for sure...,Does make carrying plywood panels easier. The only problem is that my knuckles rubbed on the panel as the handle is not bent far enough in for hand clearance. I may add something to bump out the handle. Since this is the only carrier I have used I can't comment on its worthiness compared to other designs. It does help and is strong enough even thought they didn't waste any plastic.,3,0.07870370370370369,3.081586165577342
You Need a Door Removal Tool for Your Jeep? Here You Go!,"PERFECT for removing or installing the doors on my 2013 Jeep Wrangler JK. These doors are much heavier than the ones on my older TJ, which are essentially hollow, with just the window glass and no wiring or any real crash bar (sadly). The JK doors are like 80 pounds each, and my little wife can easily lift up the door hinge pins from the hinge halves on the body tub, then carry the door to the car port where we hang them when not on the vehicle. She also can easily carry them out to the Jeep and lift and align the hinge pins, dropping them home, with no assistance by me. This is not what this tool is made for, but it does the job PERFECTLY!",5,0.2645833333333333,4.201157557720057
Five Stars,Works great.,5,0.8,4.84
Five Stars,Boy these made caring easy.,5,0.43333333333333335,4.417333333333334
"If you work with sheet goods, you need this in your shop.",Light weight and very handy.,5,0.5900000000000001,4.3875
Useful for plywood or drywall,More useful than I expected it to be. I use it for plywood and drywall. Just be sure to get the tool in the center of the sheet and remember which way you want the sheet to end up where you are going!,4,0.22916666666666666,3.6556593406593407
Five Stars,Great.,5,0.8,4.8
"It's a piece of plastic, shaped the correct way for the intended task","IT doesn't make stuff weight any less, but it does give you freakish gorilla like arm length with which to get a better grip. Plus no sharp edges/splinters into your fingers.",4,0.13194444444444445,3.5544223484848487
Must have item,A must have item for carrying 4 X 8 plywood or wall board.,5,0.0,4.92
"OK, but handle could use another 6""",Works well. Handle could be a bit longer.,4,0.5,3.7372
About the best way to handle drywall without a helper...,"Carrying sheet goods solo is a fact of life for me, and getting them from the street up to wherever I happen to be working in the house can present a challenge.

I've happily used a Gorilla Gripper for ply for a number of years, but the Gorilla is no good on drywall, which it treats like eggshells.

The Panel Handle shares a similar problem with the Gorilla: namely, stairs. However, with the Gorilla, I can shift my grab point forward a foot to cause the ply panel to hang down at the back, raising up the front corner and preventing me banging into the nose of the stair tread. With this Panel Handle, I don't have the similar flexibility, since the drywall isn't being ""gripped"" quite the same way -- it just takes a little more thought and finesse to climb to the next floor.

But overall, this is a good labor saver. It doesn't make a 50+ pound sheet of 1/2 inch rock any lighter, but it DOES make it a bit less unwieldy, and more likely to make it to the project area without any cracks, scrapes, or dings.",4,0.15531045751633987,3.644900081400081
a MUST HAVE for homeowners,BUY THIS ITEM. anyone can carry some 1/8 laminate sheeting - but it takes a real man to carry some 1 1/8 plywood up the stairs without some help. you can even carry two 1/2 pieces of sheetrock without separating the sheets. makes for less trips.,5,0.016666666666666677,4.163546296296296
Handy extra hand to have,"Works just as billed, price seemed high, but if it were cheaper, mfg might have suffered. And I'd hate to use a cheaply built version and have it fail.",5,-0.023333333333333334,4.146761904761904
Must have handle,"I agree with lots of others, it is a Must Have!

Unless you are an Orangutan your arms are not long enough to carry 4x8 sheets of material, do yourself a favor and get one, or two.  I just ordered a second one to use when two people are lugging some heavy sheets it will be real easy with the added horsepower of a helper as we have to lug up steps and a steep slope.  One can do it by himself with the Carry Handle but with a helper and a second handle it will be a walk in the park.

It is plastic but seems sturdy enough to last if you don't abuse it or run the truck over it.  I like the idea another poster did adding sandpaper to create a non-slip grip on the panel as on an incline or stairs the sheets do tend to want to slip and that is a bit dangerous trying to capture an errant panel and not fall down the stairs yourself.

The slipping problem is the reason for the four stars, otherwise it is great, get a couple.",4,0.03495370370370371,3.6968666666666667
I use it frequently,"I use this to move drywall and plywood when I have to move it any distance by myself.  The handle is angled away from the face of the sheet, is comfortable, and just the right length, leaving your other hand free to balance the top edge of the sheet.  I'd give it 5 stars if Stanley improved a few things just a bit: First, if they reduced the front-to-back depth of the bottom just bit and made the retention lip a bit higher, the sheet would feel a little more secure (it's not worth carrying more than 2 sheets anyway, as it becomes too hard to balance).  Second, if it could freestand a little more securely, it would be that much easier to get a sheet on the thing.  It's a pain in the neck when it falls over.  In spite of all that, it's still the sheet carrier I reach for most often.  Cheap, strong, and reliable.  Bright yellow makes it hard to lose, too.",4,0.20329670329670332,3.647828125
Maybe I'm just bearing down too hard but I wish they were a bit more sturdy.,decent quality but they wear out too quickly for me.  Maybe I'm just bearing down too hard but I wish they were a bit more sturdy.,4,0.07569444444444443,3.2042361111111113
Five Stars,LOVE IT !!!!,5,1.0,4.583333333333333
Five Stars,great,5,0.8,4.8
"Great value, high quality.","Excellent value, high efficiency cutter. Removes material very fast. I was looking for a cutter that would work on styrene models, and this was recommended, and it works very well. I bought a variety of this type of cutter, and so far they have all exceeded my expectations.",5,0.3828571428571429,4.3975517676767675
Cuts steel fast without noticeable wear,This tool performs as advertised. I used it to ream out a steel gate hinge cylinder and enlarge a lock strike.  It did the jobs quickly and showed no signs of wear.,5,0.26666666666666666,4.049604797979798
"Yes, it cuts into tropical HARDwood!  =:-D","- This works far better than the 115 Cutter for my purpose, which is cutting a 1/8"" ""lip"" into 1/4 to 5/16"" hardwood - mostly tropical hardwood.  With definite emphasis on the ""hard"" part!  Now, granted, the 115 *is* described as being designed for ""soft"" materials, and I *had* looked at the fluted Tungsten Carbide cutters, which are described as being ""for hard materials"", but I wanted a larger cutting head and, most especially, something with a cutting surface on the flat end, not just the sides.
 - I have the Dremel mounted vertically in the Dremel Workstation, at the height I need to make the ""lip"".  (Wood is bottom-side up for this - I need to follow lines I draw on the wood, which is why I'm not using the mini-router-table...)
 - The multitude of ""mini-teeth"" on this are sharp enough to bite into the hardwood, are juuuuuust large enough to not clog up, BUT small enough so that they don't ""catch"" onto particularly hard and/or convoluted sections of the wood grain;  the 115 cutter has flutes, and they would catch of those sorts of areas, and literally grab and fling the wood out of my hands unless I kept a constant ""death grip"" on it, which I just can't do.  I had bought something that was described as being a double-cut tungsten carbide burr (a diamond-shaped pattern rather than the straight flutes), and it didn't do much more of anything other than burn the wood.
 - But this 9933 cutter WORKS!
 - There *is* a technique to it, to be sure - it's a Dremel tool after all, not an industrial super-router ;)  It will also make the wood smoke and start to burn if left in one place too long, and that's on the minimum Dremel speed!  Also, if the wood is pushed into it *too* hard, it will ""choke"" to where the Dremel tool can't spin.  But with patience and keeping the wood moving in a smooth motion, this little burr definitely does what I want to do, HOORAY!!!",5,0.027013305322128853,3.8199084690893903
Best bit I've found for shaping wood,"i first bought one of these back in the late 90s, on the advice of a friend who really knows how to shape wood. I was building a custom stock for a target air rifle using mainly rasps and scrapers, and my friend advised me that these bits easily carve through wood without excessive grabbing or tearing the surface. They cut very fast, too, using a light touch that doesn't load down the motor on your Dremel tool, and they last a long time. The price may seem high compared to, say, those little sanding drums that come with Dremel tools, but this bit will outlast dozens of the tiny drums and cut a lot better, too. Do your shaping with this bit, and save the little drums for finish wirk with fine grits.",5,0.1397953216374269,4.06763966578998
Quality bit,Dremel always has made quality products.  Although expensive the bit works well for quickly removing excess wood.,5,-0.08333333333333334,4.527959064327486
"Haven't used yet, but I can tell by the ...","Haven't used yet, but I can tell by the feel of grit and construction that it's going to work very well. I sure wish it came yestreday! I did some grinding last nite and it would have saved me an hours work!",5,0.27499999999999997,4.211666666666667
Five Stars,Thanks.,5,0.2,4.45
Five Stars,Very good ask expected.,5,0.40499999999999997,3.935
Used to polish pipe that I made into Yeti straws. Really made it shine,Used to polish pipe that I made into Yeti straws. Really made it shine,5,0.2,3.7345904761904762
Five Stars,great,5,0.8,4.8
Five Stars,I LOVE IT ,5,0.5,4.583333333333333
Five Stars,Works well.,5,0.0,3.94
why i chose it,Fits and works and also because it is not reversible it is quickly in need of replacement.  The solution is to always run it at max speed and use a delicate touch.  There is no substitute. If you need one of these this is the one to buy.,5,0.016666666666666663,4.361944444444444
Very nice tape for electronics,Very nice tape for electronics,4,0.78,4.172000000000001
Great Quality  fair price,Great Quality  fair price,5,0.75,4.6455
Five Stars,Great Product!! Will Definitely Purchase Again!! :D,5,0.6666666666666666,4.640000000000001
Five Stars,Great tape. Way better than the cheap stuff. Stays on and keeps joint dry. Worth the higher cost.,5,0.36388888888888893,4.3152333333333335
Very good tape.,"This is very good tape. I use it in or outdoors, vehicles, indoors, etc. Mine came in a plastic case which i liked.",5,0.8066666666666666,4.717555555555555
Five Stars,Great product,5,0.8,4.8
Great product,3M tape!,5,1.0,4.727777777777778
Great tape for all uses.,This is a very high quality electrical tape. I've used it also to wrap the handles of my pull-up bar and it does a great job at that as well. It sticks hard and the gauge of the tape is thick. Compared to tape i had bought at radioshack this is far superior.,5,0.28804761904761905,4.645360795454545
Another great product from 3M,This is amazing electrical tape.  Once you apply it is not going anywhere.,5,0.7000000000000001,4.699777777777777
Five Stars,Great,5,0.8,4.8
Five Stars,Good tape.,5,0.7,4.561999999999999
Five Stars,great stuff,5,0.8,4.2
Five Stars,Exactly as described.,5,0.25,3.925
Four Stars,its e-tape,4,0.0,4.2620000000000005
Good tape,"Not much to say, it's 3M 88 electrical tape.  It works well for its intended purpos.",5,0.3,4.569222222222223
Love this tape,Love this tape. By far gets the best wrap around my connections. The only down side is it dries out after a few years of being on,5,0.2492063492063492,4.608333333333333
Great tape for several uses.....easy to remove if need be.,Great tape for several uses.....easy to remove if need be.,5,0.4,4.374831746031746
Good quality,It does the job.  Good quality electrical tape.,5,0.7,4.638333333333334
Great tape!,Best electrical tape I have used!,5,1.0,4.690333333333333
Tape that stays put!,I've bought those budget electrical tapes that were hard to get to stick when applying and would come off weeks later.  Stays attached during hot and cold days and on hot equipment.  Used to buy all the time until buying budget multi-rolls at big box stores.,5,-0.06527777777777777,4.26863782051282
"If you need electrical tape, this is the one you want.","Everybody needs electrical tape around, can't go wrong with 3m 88.  Best quality tape there is.",5,0.25,4.682
Three Stars,ok,3,0.5,3.38
Five Stars,"It's 3M so you know it is good,  recommended.",5,0.7,4.5183333333333335
3M makes great electrical tape,"3M makes great electrical tape.

Adhesive keeps tape where it belongs but is also easy enough to remove is necessary.

Very solid tape, nothing punctured.",5,0.33888888888888885,4.690333333333333
Five Stars,Great stuff.,5,0.8,4.2
Big as big can get (or at least i think),If you constantly need to keep buying electrical tape due to those small rolls. or if you want to make one hugs tape ball this is a great thing to get. Way bigger than it looks in the picture.,5,0.015625,4.643666666666666
Five Stars,This is awesome electrical tape. Life is too short to save 50 cents on cheap tape.,5,0.4666666666666666,4.612
Large Roll; Quality; Plastic Case and Lid a nice surprise and keeps the Tape clean in tool boxes. Good value here.,"It's your standard electrical tape.  I was surprised by how large the roll was.  You get a lot more compared to the more typical, smaller rolls at the store.

I also like that it comes with a basic, not to strong but still nice to have plastic cover with lid for the tape keeping big it clean in your tool box.  That was a nice surprise.",5,0.2957983193277311,4.369340649801587
A+,BIG roll. Well worth it.,5,0.15,4.43
It is quite simply the best and only tape I carry for all my electrical ...,This is the only electricians tape I will buy. This stuff when wrapped twice will not leak water or unraveling it gets old or hot. It is quite simply the best and only tape I carry for all my electrical needs.,5,0.2611111111111111,4.672000000000001
Five Stars,It is good,5,0.7,4.562
good good good good good good good good good good ...,good good good good good good good good good good good good good good good good good good good good good good good good good good good good good good good good good good good good good good good good good good good good good good good good good good good good good good good good good good good good good good good good good good good good good good,5,0.700000000000001,4.784
quite simply the best electrical tape I have ever used,"best electrical tape I have ever used period

stands up to engine heat, cold of winter, it's pretty thick and does not lose it's stickiness and come part over time like cheapies

this is thicker than the Super 33, which I'm also very happy with it, this Super 88 is probably overkill for what I use it for in my car

very happy with this purchase and price, will be buying more in the future, no more no name cheap stuff!",5,0.3404761904761905,4.695267094017094
Use where ever electrical tape is needed.,Use it all over where electrical tape is needed.,5,0.0,4.737555555555556
"Real 88 Tape, Nice and Thick & Insulating","Great tape.

Real 88 tape. Noticeably thicker than cheaper electrical tapes.

Has held up well on all cat-chewed, knife-nicked, and furniture-squished power cables.",5,0.3,4.352013431013431
Four Stars,"As described, fast shipper.",4,0.2,3.3200000000000003
This is the electrical tape to buy. Don't mess ...,This is the electrical tape to buy.  Don't mess around with anything less and remember to stretch it about 30-50% every time you use it ;),5,-0.06666666666666665,4.537555555555556
Four Stars,good stuff,4,0.7,3.8
best general-use electrical tape in my book,What can you say - 3M 88 - the best general-use electrical tape in my book,5,1.0,4.6466666666666665
So far so good,Tape is nice. Very flexible. Time will tell how it holds up as most electrical tapes start to get melty over time.,5,0.41999999999999993,4.32088319088319
Five Stars,way better then standard walmart off the shelf tape.,5,0.25,4.38
Five Stars,very good tape,5,0.9099999999999999,4.561999999999999
Five Stars,Works great. Home owner for around the house electric needs and modle electric train hobby.  George,5,0.8,4.123657875457876
Safety & Savings,"Electrical tape is a must in active households.  For example, after running over my vacuum's cord one time too many, I repaired the cord instead of paying $30-plus dollars for a replacement.  With safety in mind, I know I can trust the 3M Scotch brand -- besides which, this electrical tape saves real money!  Recommended.",5,0.15208333333333335,4.545333333333334
This is the good stuff,"Scotch Super 88 is the good stuff.  If you do not know what you are looking for, you can easily be fooled by other electrical tape brands that simply do not perform well.  I often use this outdoors on radio towers and it gets a lot of direct sunlight, wind, rain, snow and ice.  No problems after several years.  The tape stays where you put it and does not fall apart like some of the cheaper alternatives.",5,0.2677083333333333,4.5412393162393165
Four Stars,Gets the job done.,4,0.0,3.6
Four Stars,Good quality electrical tape.  Shipped quickly.,4,0.5166666666666666,4.237
It is packaged nicely having the little case to keep it in so ...,"It is packaged nicely having the little case to keep it in so that it doesn't collect dust or stick to anything and this stuff seems to stick nicely. I just used it in my car; wrapped it tight and I have a feeling that it will last! It is exactly what I needed and for a great price too!

I recommend this to anyone who needs a high quality, efficient electrical tape!",5,0.26964285714285713,4.241189814814815
It's 3M and it works,It is 3M and it is electrical tape but make sure you know what you are getting because they are different I needed this because the 88 is tougher but again it is tougher so it doesn't snap as easy as the 33. Good tape get it if you need it.,4,0.4083333333333333,3.9706944444444443
Five Stars,work well,5,0.0,4.24
Good as always,Commodity.  Excellent 3M as usual,5,0.48333333333333334,4.97
Excellent tape,"Great tape, very sticky, nice plastic storage container to keep it clean.  Yeah sure you can get 10 rolls at harborchinesecrap for a few bucks, but I've used that stuff too and it's worthless.  There is a lot of crap electrical tape on the market today, but this is quality stuff.  Spend extra for tape that sticks, but this.",5,0.16666666666666669,4.531816840277777
"Scotch Super 88 Electrical Tape, .75-Inch by 66-Foot by .0085-Inch","Scotch Super 88 Electrical Tape, .75-Inch by 66-Foot by .0085-Inch  This is a thicker tape.  I use when I know i need that extra strength.",5,0.2222222222222222,4.3831279178338
its what it says it is,"no deception here if you know what this is than this is what you are looking for, if not than this is one of the best electrical tapes there is it works great for most occasions",4,0.7666666666666666,4.058148148148148
You get what you pay for with this tape.,"Ive been an electrician on/off for about 45-years and there is definitely a difference in electrical tapes. I have used about every type out there and always come back to this whenever I need a quality tape job that is exposed to anything like under the hood or outdoors. I have used those less expensive bulk brands because I tend to cheap out at times and I usually end up regretting it unless Im using it for something I don't care about like holding some wires together in an enclosed box. Those cheaper tapes will not hold anything for long when exposed to heat, oils, sunlight and/or cold. I wrapped some connections  in my engine compartment with this because the tape that was already there was a gooey mess and not holding anything together as it should this tape looks as good a year later as it did the day I put it on. Its pricey but well worth it if you want to tape something thatll hold. I noticed that when the power company connected my new 200-amp service they used this tape to wrap the connections for the service entrance and its holding fine in blistering desert summer heat and sub-zero winter cold.",5,-0.025909090909090902,4.374286314380065
Works fine for me,"I got this because I needed something to hold up in outside weather conditions for some electrical wire connections for some things I am connecting outside the house. This tape works well holding up to the heat and rain that it is exposed to daily. It is suppose to handle temperatures up to 221 degrees and hopefully it won't get tested to that degree outside. This is very easy to use and easy to apply and reapply. So far, no moisture and protects my wiring very well. I got this for around 4 dollars.",4,0.19037037037037038,3.6755848484848483
Good tape,"I don't always use electrical tape, but when I do, I use Scotch Super 88 electrical tape. Use the good stuff.",5,0.5777777777777777,4.317208333333333
Excellent Tape.,"I've used over a dozen different types of Electrical tape over the past 40 years; And Scotch brand continues to be the best (and most expensive). I use this brand when I need the tape job to last a long time. Cheaper tapes tend to get brittle with age, loose their stick, or get gummy.",5,0.18034188034188034,4.316528101528101
Good stuff.,"This tape holds strong and is tough. Certianly not cheap-tape, also doesn't leave behind a nasty residue on things. Good stuff.",4,0.0074074074074074,4.025
Excellent tape,"Once you go 3M, you never go back! Honestly, once you try them, all others will seem either too stiff, too soft, too wide, too narrow, too sticky or not sticky enough... Well, well, well, this is it then!

This is perfect for heavy duty jobs. For every-day stuff I use&nbsp;<a data-hook=""product-link-linked"" class=""a-link-normal"" href=""/3M-Scotch-Super-33-Vinyl-Electrical-Tape-75-Inch-by-66-Feet/dp/B00004WCCL/ref=cm_cr_arp_d_rvw_txt?ie=UTF8"">3M Scotch Super 33+ Vinyl Electrical Tape, .75-Inch by 66-Feet</a>.

Don't think twice, don't look at other crappy tape, and don't bark at the price - you'll get a hefty roll with plenty of tape for the price, but most importantly you'll enjoy every time you use it :) Have fun...",5,0.2525910364145658,4.370283723406718
Five Stars,it does what it is supposed to do.,5,0.0,4.279999999999999
The adhesive given to this Super 33+ Vinyl Electrical Tape is weaker than the adhesives used for duct tapes,"The messy, black smudge that can be seen at the edges of this electrical tape can be removed by wasting more tape.  The assumption with buying this 3M Scotch tape is that performance is the most important virtue and that 3M Scotch brand has experimented with dozens of different adhesives before choosing this adhesive.  Many brands of duct tapes and electrical tapes use inferior adhesives that will disintegrate if left exposed to the sun.",4,0.2074074074074074,4.077138888888889
I use this on outside radio antenna connections where it ...,I use this on outside radio antenna connections where it is exposed to summer and winter extremes.  It works well in keeping moisture out and it holds up well to the weather extremes.,5,0.0,4.131900192400193
"If you store it in the container it comes in, this will be the best electrical tape you ever use.","Seriously good tape. Miles better than every cheap roll out there you can buy. Tears well without excessive stretching. Very sticky and the adhesive does not give out in hot weather. Highly recommend you store it in the container that it comes in. In fact, I'd go as far as to say it's not even an option. Just use the plastic container.",5,0.3400000000000001,4.059384920634921
I'll buy it again and recommend it.,A bit expensive compared to the cut-rate brands but this is what you want on hand if your time means anything to you. You never have to unwind and rewind because the tape failed to stick or conform to the shape of the object. I'll buy it again and recommend it.,5,-0.5,4.097733333333333
Changed?,"I am wondering if the adhesive formula for this industry standard tape has been changed, as some wire that I wrapped with this tape and placed in direct sunlight had the adhesive turn runny in the heat. As a result the end of the tape started to unwind.  I had to secure the end of the tape wrap with small cable (zip) ties.",3,0.0625,3.2545109690656564
Nice thick tape that stays put,Works very well.,5,0.16666666666666666,4.417362962962963
this is real electric tape,This is the same tape they have made for the last 40 years I . I have used it for that long and it is great stuff for home or job it's strong and seals tight  the other one is scotch 88 it's the heavy version of this and it's great to.  This is not that crappy Chinese tape this is far stronger and won't rot in the sun we used it on boats in florida and it stays put .this is real electric tape not pvc .,5,0.1522893772893773,4.624116666666667
This stuff is top notch,"Best type of electrical tape available.

It's pricey, but I refuse to use that cheap junk that other companies make.  Junk just falls apart.  This stuff is top notch though.",5,0.4458333333333333,3.894074074074074
Great product.,Great product. A little expensive.,5,0.22812500000000002,4.8
Five Stars,Best I've used,5,1.0,4.68
buy it !!!,"works great, priced right",5,0.5428571428571429,4.323333333333333
"Spendy tape, but worth it.","This is by far the best electrical tape,  strong, sticky and doesn't dry out.  The only tape I'll use for electrical applications",5,0.29444444444444445,4.622
Four Stars,You can always rely on 3M to provide excellent adhesive products and this is no exception.,4,1.0,4.3966666666666665
Great Buy!!,The regular great product at a super price!!,5,0.5802083333333333,4.79
It's 3M - don't have to say more.,It's the best tape money can buy!,5,0.75,4.859999999999999
But very good electrical tape,What's there to say.  It's electrical tape... But very good electrical tape.,5,0.9099999999999999,4.555555555555555
Four Stars,works,4,0.0,3.44
Five Stars,"Satisfied, Meeting our requirements.",5,0.5,4.469797979797979
USA rules with this BEST tape on earth for electrical apps,There is absolutely NO option to this tape . Can be used underwater for submersible pumps. I have pulled them after 15 years in a well and the tape is still sticking! This is the Rolls Royce of the electrical tape world. 3M is above reproach.,5,0.2916666666666667,4.699777777777777
Boo Amazon!,"This is normally great tape, but I ordered direct from Amazon and the adhesive is all dried out.
Plus, it won't let me return it.

What a waste of money...",1,0.12499999999999999,1.9052936507936509
Five Stars,Best tape you can buy,5,1.0,4.953333333333333
TAPE IT UP!,"you would think Tape is Tape. Well that is not correct.
I used 3-m tape at my employment for years, large telecom company. we had switched to another company for a while and wow what a difference. I am sure there is other good tapes out there, but I am willing to buy 3-m because I know their product.
If anyone knows of other 5-star tapes-let me know.
one of the tricks to keeping the tape from melting and getting sticky, keep the plastic container. Now that I am retired I don't use as much and the plastic cover seems to help.",5,0.21428571428571427,4.430483506944444
Last tape you'll ever need,"The absolute BEST electrical tape in existence! I've tried others over the years, but 33+ has been my go-to for 20+ years. Nothing else compares to it's strength, flexibility, water/heat/UV resistance, longevity, etc.

Can't say enough about this tape. I'd gladly pay 2x as much (but I'm glad I don't have to).",5,0.34285714285714286,4.7201249999999995
great product.,"Fast shipping, great product.",5,0.6,4.511666666666667
My favorite tape.,"For reasons unknown my company buys every color in this line BUT black. They buy 3M's 1700 series, a thinner tape. Obviously I use what they supply at work, but I buy 33 for my use out side of work. 1700 sucks, 88 is great but is too heavy for most applications.",5,0.12916666666666668,4.477916666666667
Excellent electricians tape,Excellent quality tape,5,1.0,5.0
Great product!,This is so much better than the cheap tape I used before! Adhesion is great - none of that peeling off that happens to cheap electrical tape if you look at it wrong.,5,0.44999999999999996,4.447647058823529
High quality good product,"Unlike some bulky electrical tapes I've used in the past, this tape is thin and very flexible. It holds well even to surfaces that aren't that clean.",5,0.12944444444444445,4.588
"Perfect, thanks!","Perfect, thanks!",5,0.625,4.45
The best electrical tape I know of,This is the best electrical tape I know of for general use.  I've been using it for ages.,5,0.6833333333333332,4.982
Five Stars,Great stuff,5,0.8,4.2
Great Product - High Quality,Great Product - High Quality,5,0.48000000000000004,4.487666666666667
Five Stars,OK,5,0.5,4.38
Five Stars,"This tape is much better than ordinary electrical tape, very useful especially on my truck electric needs.",5,0.16,4.372
Great quality,Great quality,5,0.8,4.691
Works as expected,Works as expected.,5,-0.1,3.875
Useful for a huge varity of fixes. Everyone should get one for in the house.,The best,5,0.5666666666666668,4.398
Five Stars,Great,5,0.8,4.8
Paid $4 for three pieces,Cant go wrong with 3M product,5,-0.5,4.276666666666666
quite simply the best electrical tape I've ever used,"best electrical tape I have ever used period

stands up to engine heat, cold of winter, it's has a good thickness and does not lose it's stickiness and come part over time like cheapies

this is thinner than the Super 88, which I'm also very happy with it, I use the Super 88 in my car

very happy with this purchase and price, will be buying more in the future, no more no name cheap stuff!  get it!",5,0.433974358974359,4.633650793650793
Good electrical tape,"I've used several brands of electrical tape, and this 3M one has held up for several years. I don't often use it, and some brands tend to fall apart or lose their stickiness after a while.

It's now about a year later and it still works great.",5,0.3,4.595888888888888
5 stars,5 stars.  best tape around,5,1.0,4.74
Awesome tape,A little more expensive then other tape but worth it. Adhesive is much better and doesn't get gunky over time.,5,0.2125,4.146273317492319
Five Stars,Great tape. Sticks well,5,0.8,4.4
Five Stars,good,5,0.7,4.562
It's tape. It sticks to stuff. What else ...,It's tape.  It sticks to stuff.  What else can I say?,5,0.0,4.58225641025641
Four Stars,no issues,4,0.0,3.506869212962963
Five Stars,good tape,5,0.7,4.561999999999999
Five Stars,works great!,5,1.0,4.84
Five Stars,Good Stuff,5,0.7,4.3
"Great tape, one of only I would recommend for electrical projects","Great tape, one of only tapes I would recommend for actual electrical projects.  I buy the 10pks of cheap black ""electrical tape"" for other things, but this is the only tape I will use for actually wrapping wires.  It stays stuck, and stretches to fit well, without ""creeping"" back or peeling over time.  Works very well in range of temperatures",5,0.17756410256410257,4.4963999999999995
Best electrical tape,The 3M Super 33+ electrical tape is the best vinyl tape in the market.  I've tried others (even 3M's cheaper line) and most have the problem of the adhesive becoming gummy and oozy after it gets old.  Not so with the Super 33+; it's the only electrical tape I'll buy.,5,0.46458333333333335,4.750888888888889
good tape makes the difference,"good tape makes the difference, and if you plan ahead you can order this and not be stuck with walmart tape.",5,0.7,4.623541666666666
Five Stars,Good quality,5,0.7,4.7
Good stuff in my opinion.,"Gotta love 3M tape. It just works right every time. On the other hand, just how much can I write about......tape.",5,0.31214285714285717,4.802
Best tape I've used!,"I've used several rolls of the cheaper stuff from the big-box stores and other brands.

3M makes the good stuff.  Sticks much better than other brands, and is very pliable and durable.  I've never had it come undone.

I'd say it's worth spending the extra buck or two for safety!",5,0.27222222222222225,4.433333333333334
Holds up well in direct sunlight and cold tempatures.,"Bought some of this after a recommendation from a friend, have only used a small amount so far, but will only be buying this stuff form now on. No its not the cheapest, but the little I have used has been left out in the sun in my truck on 90+ degree days, the old stuff I pulled off kept sliding off, getting sticky in the heat and sun. This lasted through late august early September, and now winter to this point. Has been out in the garage or in the truck the whole time, through cold and heat still looks as good as it did the day I put it on.",5,-0.045535714285714284,4.176374958374958
If you want what might just be the best electrical tape in the world for your project,"If you want what might just be the best electrical tape in the world for your project, this is the ticket. Do not be fooled by that cheap third cousin twice removed electrical tape. This is the prize you desire. It will not turn to goo and fall apart in the heat. Nor will it become a rock in the cold laughing at you while trying to peel it apart. It stays useable in just about any condition you want to be working in, and most you do not want to be in as well. That is where it really counts. If you are not a hack, you buy this tape. If you are a hack, aspire to be better and buy this tape.",5,0.375,4.672000000000001
"Legendary 3M quality, with the premium 3M price",Best electrical tape I have found,5,1.0,4.507361111111111
33+ is the only electrical tape you should use.,"Its 33+, what can I say. This was an add-on item at a great price.",5,0.4,4.577680555555555
Five Stars,best electrical tape out there,5,1.0,4.918666666666667
Five Stars,Excellent high-grade electrical tape.,5,1.0,4.982
Five Stars,AAA,5,0.0,4.0
Tape It Up,Great value,5,0.8,4.76
Super- 33+ has got to be the very best. I've been using it for decades and it's ...,Super- 33+ has got to be the very best. I've been using it for decades and it's always been great.,5,0.6933333333333334,4.7595833333333335
Five Stars,ok,5,0.5,4.38
Great Tape!,This is my favorite elec tape.,5,0.75,4.543333333333333
Five Stars,"As advertised, would order again if I need it.",5,0.0,3.94
"3M Scotch Super 33+ Vinyl Electrical Tape, .75-Inch by 66-Feet","The 3M Scotch Super 33+ Vinyl Electrical Tape, .75-Inch by 66-Feet is probably the best electrical tape out there.
What else can i say, its the best!  Good price, fast delivery.",5,0.5944444444444444,4.436044584500467
The only electrical tape to use for most jobs.,"Anywhere you need electrical tape, you should use Scotch 33 or better.  Cheap electrical tape doesn't stay on over time and can cause equipment to be unreliable at best and deadly at worst.  Working in the Navy and for many years in commercial and industrial electronics I can say without hesitation that this is the only tape to use when reliability counts.  Sure it costs a little more but it's still pennies per usage.",5,0.22604166666666667,4.697555555555556
Still the best,"Just another great product from the best supplier. Been using ""33""/""44"" for years and will continue to until I run out.",5,0.9333333333333332,4.750666666666667
The Cadillac of electrical tape,When you want the best this is it!! It stretches nicely without breaking and holds well. It also does not come unraveled in a few weeks like the cheep import stuff does.,5,0.46666666666666673,4.593095238095238
Good high quality tape,Very sticky and stretchy. Use this stuff on all my electrical jobs around the house and car in place of heat shrink. Gold standard.,5,0.265,4.509555555555556
3M Scotch Electrical Tape,This is a premium tape and very good.  I use this for electric work and for my job installing satellite internet.  Its holding power is far better than other cheap tape and it lasting power is second to none. Also Amazon has this at a very good price.  I also like the plastic box that holds it.,5,0.33687500000000004,4.621672222222222
Great tape,I think this is the best tape you can buy. One time i shorted out a battery to a meter that had a section taped with this tape and the insulation burned off most of the wire but the tape never melted. I will always buy this tape.,5,0.7666666666666666,4.59
nothing to report on electrical tape....it works,"Arrived quickly and far cheaper than buying it at a store.  If you can wait the few days, it is a good buy and I have never had issues with Scotch brand tape.",5,0.23333333333333334,4.416957264957265
Best all-around electrical tape you can buy!,"Don't waste your money on the cheap roll at the hardware store that will dry out and get brittle or have the glue separate.  Great product, would recommend to any DIY're or anybody in the market for some electrical tape.",5,0.36388888888888893,4.680888888888889
Good Quality Tape,"Great Quality Tape for electrical purpose.
We use this brand for electrical needs  and such.  Will not buy the cheaper electrical tape again.",4,0.5,3.9753333333333334
It's OK,"It's the same old Scotch Electrical tape, seemingly with no improvement over the past 40 or 50 years. It's OK, but I'd expect a bit stronger glue after all these years of advancement in sciences and technologies.",4,0.16999999999999998,3.88
Very good electric tape,"I've used this product for a few years both indoors and outside and it has stood the test of time. Most recently I dismantled an outdoor circuit that was covered with this tape. By the time I got it all cut away, I was cursing. That's how well it stood up. I now use no other tape for electrical work. Be careful, 3M makes different grades of electric tape and not all of them are as good as the Super 33+.",5,0.2205833333333333,4.50825
Great tape,"Once you go 3M, you never go back! Honestly, once you try them, all others will seem either too stiff, too soft, too wide, too narrow, too sticky or not sticky enough... Well, well, well, this is it then!

This is perfect for every-day stuff. For heavy duty jobs, use the thicker&nbsp;<a data-hook=""product-link-linked"" class=""a-link-normal"" href=""/3M-Scotch-Super-88-Electrical-Tape-75-Inch-by-66-Foot-by-0085-Inch/dp/B00004WCCP/ref=cm_cr_arp_d_rvw_txt?ie=UTF8"">3M Scotch Super 88 Electrical Tape, .75-Inch by 66-Foot by .0085-Inch</a>.

Don't think twice, don't look at other crappy tape, and don't bark at the price - you'll get a hefty roll with plenty of tape for the price, but most importantly you'll enjoy every time you use it :) Have fun...",5,0.2408263305322129,4.395275553472078
This is great tape,I do not recommend getting cheap electrical tape. This is worth every penny. It works very well and stays in place. I highly recommend this tape and from Amazon.,5,0.372,4.402920227920228
A must have product for every handyman's toolbox!,"I am always fixing something and that includes electrical issues.  This industrial grade electrical tape is ideal for sealing your electrical wire splices to provide water tight protection and insulation.  Carefully applying multiple overlapping layers can increase electrical insulation and waterproofing protection.

This tape is also UL and CSA listed and it is weather resistant and flame retardant.  I always have multiple rolls of it in my garage and it works not only around the home but also on cars, electronics and outdoor seasonal wiring for safety.

It is rated for splicing cables carrying up to 600 Volts and has a dielectric protection of 5Kv/mm.  Using multiple layers helps to properly insulate your electrical connections to the safety level you need.  This is a good product and highly recommended for use in working around your home or garage.",5,0.14814285714285713,4.467208333333334
Good duct tape.,"Reliable, and reasonable priced duct tape.",4,0.44999999999999996,3.566957671957672
Good strong  tape that stays on,"Excellent tape, we use a lot of it.",5,0.7111111111111111,4.695333333333333
Five Stars,very good .,5,0.9099999999999999,4.562
Five Stars,"this is a great duct tape to use on more then one thing, holds and is strong",5,0.5777777777777778,4.014259259259259
Spare Tape,"Decent price, thin tape, easy to tear by hand, I would definitely recommend this if ya need a spare one in places, one for you're car, one in your garage, one in your shed, definitely worth it.",5,0.1,4.150216840277778
Five Stars,Made in USA and it's top shelf.,5,0.5,4.007216175359033
Five Stars,Good product. A little expensive for what I was using it to repair.,5,0.004166666666666652,4.245625
A superior product!!!,"If you don't have any ""self-fusing silicone tape"" in your shop, you need to buy 3 rolls right now. The first time you use it, you will understand exactly what I am talking about. I don't care what fancy expensive electrical tape you have used in the past, it absolutely does not compare.",5,0.17653061224489794,4.513888888888889
Didn't work on a supple garden hose,"Made a couple of attempts at fixing a leak in a very flexible garden hose, but it didn't work.  Not surprising in retrospect, since this stuff sticks only to itself, and hence has to press tightly against the object to be fixed.  Can't do that with a supple hose, except maybe by deforming it to the point of uselessness.",3,-0.0457142857142857,3.0754878547378546
Stays on nice.,"Did a ""fair job,"" I think I need to wrap a longer stretch than I did, maybe 3-4"" instead of 2"", probably will add some.  Stays on nice.",4,0.6333333333333333,3.6333333333333333
Great waterproofing tape!,I used this tape to seal the security camera video and power connections and it worked better than expected. After using on a few connections and checking on it 20 minutes later it had fused together nicely.,5,0.3,4.404659451659452
"Click click, works perfectly.","Nothing to add, save - our space heater now turns on and off when I click this, rather than doing so when it felt like it, which it did before I replaced the switch with this one.  Seems to work just fine.",5,0.7083333333333334,3.8359595959595962
Works great easy to install,"I put 2 of these in, in a couple minutes they worked perfect.  Easy to put in easy to use",5,0.6200000000000001,4.38
Five Stars,Excelent product,5,0.0,4.640000000000001
great lil switch,"Great switch
I have an RV That has a rocker switch to turn on the living room area light. I have replaced this switch several times with the 12 volt versions of this switch and they fail every so often.  The last 12 volt switch that failed almost caught on fire so I decided to go with a switch that is rated for a/c.  this switch seems to be well built and after hooking it up does not get warm like its cheap china made predecessors after a couple hours of continuous use",5,0.2222222222222222,4.514100952380952
Good Quality,"Exactly what it should be.

I had a small florescent light fixture go out over the washer and dryer.  Turned out that the switch died. Little red on-off button just sunk into the rest of the switch.  But fortunately for us Amazon has this replacement.

Worked like a charm. Seemed to be a quality part and we had no trouble installing it.  Fixture is working and instead of paying $30 bucks for a new fixture I paid less than $7.",4,0.13821969696969696,3.898545396825397
Very shiny and minimalistic. Chrome looks great,"This is a beautiful switch, very shiny and well chromed. It is a bit hard to activate (heavy duty) but looks great in my project. The on off chromed plaque make it stand out.",5,0.33690476190476193,4.069809285714285
Not what I expected,I really needed a momentary contact switch which this is not. This is a simple on-off rocker switch. Threw it in the garbage.,2,0.03333333333333333,3.0141009523809523
Extremely impressed with how heavy duty this little switch feels ...,"Extremely impressed with how heavy duty this little switch feels.  Using it for a very low voltage application, but it has a very strong latching mechanism and a very solid and satisfying click when toggled.",5,0.22883333333333336,4.1375
OOh Ahh,Just perfect.,5,1.0,4.908055555555555
Five Stars,NICE CUTE LITTLE SWITCH,5,0.3041666666666667,4.262100952380952
"Good switch, fair price.","good switch, just what I needed. Fair price.",5,0.7,4.5954999999999995
Three Stars,sturdy...,3,0.0,3.2058055555555556
Five Stars,just as described!,5,0.0,3.8200000000000003
Five Stars,1,5,0.0,4.0
"works nicely, looks good it is a little hard to ...","works nicely, looks good it is a little hard to flick up, I should have gone with push button for my project",4,0.20520833333333324,3.374642857142857
Five Stars,Perfect Fit!,5,0.75,4.890000000000001
Three Stars,ok,3,0.5,3.38
Five Stars,worked great!!,5,1.0,4.621428571428572
High quality switch.,Great momentary switch.,5,0.48000000000000004,4.4199898412698415
Nice quality medium duty switch.,Nice quality medium duty switch for general use.  I wouldn't use it for heavy or rough duty applications.  But still a nice switch.,5,0.25833333333333336,4.1045
Exactly as described,"The construction appears to be sound and no other cons can be said at this point.  Reliability over time is the real key.  Consider a flexible boot if the operating environment is severe (moisture, dust, chemicals, etc.).",5,0.178125,4.2960714285714285
Fixed my HF Tile Saw,My 10-year-old HF Tile Saw wouldn't turn on because the cheap original switch was worn out.  This new DPST switch allowed me to connect the two sides in parallel to divide up the current and extend its life.,5,0.16856060606060605,4.462545396825397
Five Stars,as advertised,5,0.0,3.94
Good switch,Worked and fit perfectly in my project.,5,0.7000000000000001,4.589100952380952
good choice,"it's a very good, sturdy switch... just as expected",5,0.5033333333333333,4.322100952380953
Works as expected,It is a switch.  It does a great job at switching things.,5,0.35000000000000003,3.92
Works great for you noncommittal types.,"There are those times in our lives when we want a circuit closed. There are some times when we want a circuit to be open. If you are indecisive and can't commit to a circuit being open or closed, there are these things called ""switches"" for people like you. This one looks good, has a solid snapover and sticks in position well. Nothing floppy and uncommitted like your desire to have something on or off all the time. Works well for 12 volts or 120 volts. Not so well for 10,000 volts, though. Ouch.",5,0.18571428571428572,4.2843333333333335
Great Value. Get Several.,"I bought a few of these to have as backups. Some of our farm equipment uses DPDT switches and one on our hay baler went out. I searched this whole town for a DPDT switch and found none. The local farm equipment dealer is the only place that had them and they were $50! each. It's just a freakin switch. So, as is becoming more and more common in my life, Amazon to the rescue.",5,0.195,4.518
Good Switch,"Nice switch, what more can you say about a switch?",5,0.6,4.341434285714286
Five Stars,good,5,0.7,4.562
A quality switch that is built with safety - unlike ...,A quality switch that is built with safety - unlike some cheap imports than can cause a shock hazard when they fail.,5,-0.04999999999999999,4.398545396825397
Three Stars,As expected ... Thank You,3,-0.1,3.1399999999999997
Five Stars,great switch for 220v,5,0.8,4.252
Very Good,Great,5,0.855,4.708666666666667
Five Stars,it's a switch and it works,5,0.0,4.263333333333334
Five Stars,good,5,0.7,4.562
good product,so far so good,5,0.5,4.58
Yep! it toggles!,What can I say? It's a toggle switch... and it works! ;-),4,0.25,3.7093333333333334
Good product,"I am using this on a solar generator I made using 12v dc. It doesn't say how much it is rated for dc, so I have it fused at 15 amps for safety. I've put between 10 and 15 amps through it with no issues. It's nice and strong and seems quite durable. I also added a dust boot to help with longevity and water resistance.",5,0.48333333333333334,4.513730158730159
Five Stars,good,5,0.7,4.562
Solid Switch - Builds Muscle Mass,"Heavy duty,  for sure.  Was ready to return before I read that the hard (hard) throw is as designed.  I now enjoy the fact that my home-designed Li-ion powered worklight is unlikely to be accidentally turned on/off.",5,-0.02291666666666667,4.14
perfect.,"Purchased this switch for a guitar tube amp I built, perfect.",5,1.0,4.908055555555555
good high quality heavy duty switch,"good high quality heavy duty switch. Unfortunately the amount of force needed to switch from one position  to the next is much higher than most switches which is no big deal for most applications, it will be unusable for mine. So to the box it goes for use somewhere else.",3,0.1725,3.213888888888889
Five Stars,Good strong switch spring movement.,5,0.5666666666666667,4.246666666666666
Don't place your trust in these,"Purchased 2 of these for my ATV one for a secondary radiator fan and another for 2 flood lights in the front. One worked perfectly, however, the second one which was connected to the lights decided to stop working mid ride in the middle of the night. I was left without lights due to this faulty switch. It was not until further examination at camp that I figured out the switch was the faulty link using my multi meter. I have replaced both switches now with a higher quality switch. Save yourself the horrible experience and just get a better switch!",1,0.0409090909090909,2.398545396825397
Four Stars,good,4,0.7,4.062
good switch,Not much to say here. Very robust and works as it should.,5,0.26666666666666666,4.092100952380952
As advertised,As advertised,5,0.0,3.94
Heavy duty toggle switch,Like this product.,5,-0.2,4.071880952380952
Five Stars,Solid and dependable.,5,0.0,4.082037037037037
Was what I wanted,"Heavy duty, love screw terminals",5,0.15,3.9816666666666665
Good Stuff,Good Switch does what its designed to do,5,0.7,4.5
Great switch,Really a high quality DPDT switch.,5,0.48000000000000004,4.4199898412698415
Really a high quality DPST switch,Really a high quality DPST switch that is hard to find nowadays.,5,0.009444444444444441,4.180600952380953
Five Stars,nice new item and fast shipping,5,0.3121212121212121,4.401
Gardner Bender ... excellent quality switch,"I purchased this switch for use in an on/off application in a line powered (120 Volt..) project. It is a double pole switch so both the power ""hot"" lead and the ""neutral"" can be effectively switched. In most cases there is no real reason to switch both legs of a 120 Volt circuit. In most cases it just adds a little redundancy to the switching circuit. There are, however, certain applications where double pole switches are very popular.... it just wasn't really necessary for my use. Nevertheless, I chose this switch because of my familiarity with Gardner Bender. I felt certain that the switch would be high quality and would handle many on/off cycles. This bit of added confidence on my part made the choice an easy one.

I installed the switch in my project case and it functioned exactly as designed. The switch is a little on the ""stiff"" side in use...not at all like a wall switch. I like the stiffness of the action because it makes the effort to use the switch a definite one. You will never operate this switch accidently. The switch looks as good as it works. It is fashionably commercial looking, adding a bit of flair to a visible mechanical project.

Five stars for a quality switch. If you need one that should continue to function for many cycles, give this one a try. You won't be disappointed.",5,0.21050476190476192,4.4719999999999995
Nice switch,Just what I needed at a great price with quick delivery.  What can I say it works as intended.,5,0.5777777777777777,4.303333333333333
Five Stars,"Great switch handles the air compressor nicely I have mounted in my bed.
Quick shipping",5,0.5777777777777777,4.287222222222223
Five Stars,"good quality, works great !  great seller, fast shipping",5,0.675,4.506
Three Stars,Works as advertised but a little stiff moving the toggle.,3,-0.20089285714285715,2.76
"Good switch , works greate",used to reverse direction of an AC motor on a Lathe,5,0.7,4.1033333333333335
great switch,"this feels like a well made switch, heavy duty rating too.",5,0.30000000000000004,4.380444444444445
worked as expected not negative issue,"handle the high current about 15 amps no problem with heat.
would buy again... but maybe not found about same price local.",5,0.034999999999999996,3.935
great switch and keeps on going,Made well may past experience using this product it's still working three years later under consist use that's the reason I purchased another one it's dependable a must buy,5,0.18333333333333335,4.18628277056277
Four Stars,"its a switch, it works",4,0.0,3.763333333333333
Three Stars,"Its a little bulky, but still worked for my application",3,-0.1875,3.68
Five Stars,as advertised,5,0.0,3.94
Nice Switch,This is a nice heavy duty toggle switch.  I do wish the screws were larger.  Purchased this to replace a push button switch on an ATV sprayer.,5,0.25,4.3885000000000005
Good switch for a great price.,"I am building a motorcycle battery load tester and needed a switch that would handle 20 amps. This switch fit the bill and now is mounted in my project box. It seems to have a solid, heavy duty feel to it when switching it on or off. I am going to order another one as I need two.",5,0.33999999999999997,4.478100952380952
2nd switch!,"I've bought two of these, and I never cease to find uses for them (for my electric tinkering, of course). Great, solid switches.",5,0.26666666666666666,4.536
Four Stars,good assortment,4,0.7,4.242
Works for the small jobs...,"PRO: Nice assortment, gets the job done, and case is re-usable when these run out.

CON:  Not enough, I guess it was my fault for not reading there is so little quantity.  First use, I used up most of them.

OTHER: If you only need a few, buy this, if you are restocking your shop, buy the larger kit, maybe from Harbor Freight?",3,0.05874999999999999,3.1419444444444444
Good buy,Decent quality and price.,5,0.4333333333333333,4.4775
Five Stars,Good assortment of terminals.,5,0.7,4.742
Great for home or vehicle electrical work!,"Any DIY or electrical hobbist needs this pack!  Wire nuts of every size, and electrical crimp connectors of assorted sizes.  The wire nuts are of good quality, but the crimp connector are only of average quality (nowhere near as good as Panduit) but they will get the majority of jobs done in a pinch.  I still recommend having this set in your box of tools!

5 stars.  An excellent value!",5,0.5035714285714287,4.545333333333334
"Gardner Bender TK-806 Terminal Assortment Includes Ring and spade terminals, butt splices, male and female disconnects, 22-10 AW","I needed a few terminals I did not have and this Gardner Bender TK-806 Terminal Assortment Includes Ring and spade terminals, butt splices, male and female disconnects, 22-10 AWG, 100-Piece will give me a lot of extras for the future.  If you do home wiring projects, don't just use bare wire when a terminal is what you need for a secure connection and you can even add a little solder to make them never come apart.  If you do solar, electronic and power projects, these are a good choice for the different size applications.  Nice to have a reserve.",4,0.11354166666666665,3.5735714285714284
Photo cell too low,Photo cell is too low.,2,0.0,2.3480555555555553
Not recommended,Gave up on this one.  Turning lights off and on too early.  Light flickers.  Not worth the price.  Can only use with incandesant  bulbs.,1,0.0875,1.9567532467532467
The automatic feature means the light will be there when ...,The automatic feature means the light will be there when I need it and shuts off even when I forget.,5,0.4,4.232722222222222
Five Stars,excellent,5,1.0,5.0
Five Stars,OK,5,0.5,4.38
As handy as a shirt pocket!,"These are well made, and are great for reinforcing holes in cloth, paper, leather, canvas, etc. Every shop should have a variety of these!",5,0.875,4.6725
Three Stars,as described,3,0.0,2.8200000000000003
Great Grommets,These grommets work great.,5,0.8,4.284272617689957
delivered as described,grommets worked great and i'm glad i bought extra. will be buying more in the future. holes were perfect to use screws without a washer.,5,0.4666666666666666,4.566652777777778
Four Stars,works well easy to use.,4,0.43333333333333335,4.084
Good kit for the money,This was a good kit for the project I was working on and has all the parts you need. The fit and finish looked good and easy to use.,4,0.5866666666666667,4.150148148148149
The anvil and punch are ok but the cutter is useless. Using a 12 oz hammer I still couldn't ...,"Not for man hands. Tools are tiny. The anvil and punch are ok but the cutter is useless. Using a 12 oz hammer I still couldn't get the hole punch or ""cutter"" to go through so ended up cutting a slit with a razor. Once the grommet is in place it seems to hold good.",2,0.014285714285714282,2.5196926106301105
All good.,All good.,5,0.7,4.784
Four Stars,works pretty good doe's the job,4,0.475,3.7343333333333333
A little sharpness goes a long way!,"I agree with the reviewers that said the cutter is duller than a hoe.  I bought this to replace the grommets in my boots that were causing my laces to fray. I marked this down because after many solid whacks I barely cut one new hole in my boot as the cutter was exceptionally dull. However, after I touched up the cutter on my diamond coated grinding wheel, it cut like a hot knife through butter and I finished the 11 other holes in less time that I did the first one.  If the company who makes the cutter only took a few seconds to sharpen the cutter against a grinding wheel this would be one exceptional kit.",4,0.047758838383838376,3.5399203149001535
Easily fits two strands of 550 paracord,"Top notch grommet kit. Used it to repair a tarp, and an old external frame backpack. I'm sure I'll find more uses. All the parts were there and worked as advertised.",5,0.33888888888888885,3.932561177248677
"Nice little kit, though I would have preferred slightly smaller grommets.","Nice little kit for putting grommets on almost anything made of fabric, leather, etc.
It would have been nice to have had a variety of sizes, but the hole punch and platform would need to be separate units for each grommet size.",4,0.23749999999999996,3.9032076826250215
better value elsewhere,a little pricey for what you get,3,0.15625,3.4126785714285717
and it works like a charm,"I finally got to use this, and it works like a charm.",5,0.0,3.88
Not for Apparel Fabrics,"I ordered this to cut hole in fabric for 1/4"" grommets.  It doesn't work.  Hole cutters for fabric need to be really, really sharp.  This one isn't.  If I hammered it 6 times it would only leave the impression of the ring.  I used that impression for a guide to cut the fabric with precision scissors.  These grommets spaces were too large to crimp around the fabric.  Luckily I had some Dritz grommets in the sewing drawer.  I used those instead.  The one part of this package that did help was the grommet setters.  That part I could use and the grommets fits nicely into the fabric.  It would probably be good for tarps, plastics, etc.  But it is not good for polyester fabrics.",2,0.19608843537414966,2.7108664021164017
Works great in metal signs,Easily installs to protect holes in aluminum real estate signs. Keeps them from egging out.,5,0.4777777777777778,4.063106481481482
Comparative specs for grommet sources,"Lord & Hodge grommets are mil-spec, which defines them rather well.  They closely approximate Stimpson grommets which are the gold standard (and which I used professionally for 4 decades).  Conversely, the General equivalent is made in India, apparently as a cost-cutting measure.  The two [General] boxes that I sampled were only 71% of the weight of their Stimpson equivalents, denoting thinner stock.  Two grommet washers were cracked, and one of the male parts was so greatly deformed that it couldn't be used.  Another crumpled on being set.  My results aren't conclusive since two boxes makes for a small sampling, but since they were bought several months apart [from different stores], the results are indicative.  Stick to Osbourne, Lord & Hodge, and Stimpson.  Avoid all off-shored sources!",5,0.03333333333333333,3.9493118265993266
Four Stars,I wasted a few till I got the hang of it....now I'm a pro. Be gental and smooth.,4,0.0,3.576818181818182
Simple instructions with great tools,"Verging on the greatest thing since sliced bread, this grommet kit was exactly what I was looking for to put the finishing touch on a handcrafted gift for my husband's birthday. The directions for use are on the back of the packaging and if you use the included diagram (with parts labeled A, B, C...) you'll quickly be on your way to installing 1/4"" (hole size) grommets. The only thing this kit doesn't have is a hammer, and you'll need that before you get started.

Note that there are other sizes available, and while the hole size is stated, the grommets themselves can add substantial size to the hole which may be an issue for some applications.

This is a great kit with well made tools, easy instructions and grommets of adequate quality to produce nice results. Will be buying more, and recommend these kits to others.",5,0.3803571428571428,4.062196025733526
They are much better than the cheap harbor freight ones I have used ...,"Bought these for putting grommets in a climbing chalk bag I was making.  They are much better than the cheap harbor freight ones I have used in the past.  Make sure you really get them locked in, we had a couple come loose just because we didn't hit them hard enough.",5,0.1881410256410256,3.9382142857142854
Great kit,"This is a great metal grommet kit.  Includes everything you need, except for a hammer.  The wood block is only about 2"" square.  Punch works great, is nice and sharp.  Makes clean holes in leather.  Grommets are very even, no sharp edges.  The punch/base fit very well, and it's quite easy to punch in a new grommet and have it look great.",5,0.3909902597402598,4.098431746031746
Three Stars,fit the need,3,0.4,3.444
Five Stars,Great,5,0.8,4.8
For that perfect finish!,The simplicity of using grommets really add a polished look to anything you sew or craft.,5,0.6,4.7
Hardware good quality,"Tool works like it's suppose to. Picture of wood block a bit misleading, it's very small and difficult to use as a result, so have something else to use for a hammering block.",4,-0.041666666666666685,3.5336507936507937
Five Stars,Very good  product .. i like it .,5,0.9099999999999999,4.640000000000001
Five Stars,Easy to use and plan on ordering more.,5,0.4666666666666667,4.141666666666667
GREAT DEAL,This is a great item at a great price! Please keep up the good work!,5,0.86875,4.82
Three Stars,works fine,3,0.4166666666666667,3.296666666666667
US Made. Very Nice.,Very nice kit. Good quality,5,0.7533333333333333,4.636
Good kit not packaged well,"I like this kit. It seems a good value. The blister-pack it is packaged in arrived with the plastic separated from the cardboard over a length, which let some parts fall out, but they are all accounted for and some tape repaired the package.",4,0.7,3.749357142857143
works great,"the design is perfect. i was able to hang a tarp where i wanted it and cut it, then install the grommets.",5,0.7666666666666666,4.855555555555556
Cute Little Kit,"Worked great, will keep the instructions since they made it a lot easier to figure out.  I used the ""punch"" tool just to mark the hole size in my fabric (it did punch a little of the hole) then I neatly cut the rest of each hole with scissors.",5,0.23125,3.724738520408163
grommet kit,High quality grommet setting kit.  Sets grommets perfectly if grommet is proper depth for the material.  I have had great results from using an arbor press instead of the mallet to set the grommets.  (danger of punch chipping if you use a hardened steel hammer to strike it.  Always use a soft face hammer with tools like these to avoid eye injury),5,0.41200000000000003,4.1827619949494945
Simple and easy to use,"The kit is straight forward and easy to use (I had the kit for 5/16 inch grommets but needed the smaller 1/4 inch for a current project.  Having used the Lord & Hodge kit previously I chose them again - if anything the smaller grommets are easier to work with; a neat, clean finish).",5,0.14074074074074072,4.335052920720259
Grommet Kit,"Handy, easy to use, makes fantastic grommet holes for tie downs and keeping your material neat for screw holes and the like.  Replacement of grommets and adding more tie downs to canvas and tarps is a breeze with this kit.  Perfect holes, and ease of installing the brass grommets makes it look professional!!",4,0.5149305555555556,3.7372122594997594
Lord and Hodge grommet kit,"I like it except for the piece of wood that is supplied with the kit; used to make a base for the hole punch.  I've used it to punch holes in cloth and because the wood is not hard enough, it cannot make a clean hole.  But the tools and the grommet are great.  I was thinking of using a piece of metal instead of the wood but I was afraid that I would dull the punch.  All things considered, it is a good deal.",4,0.04010416666666667,3.723964454064454
VERY Happy owner.,"I needed a larger fuel can for my riding lawn mower, snow thrower and other gas devices. This can saves trips to the gas station and the easy pour spout is a great feature.",5,0.4216666666666667,3.9130759743291255
Nice Gas Can,This can works great. As good quality as you can get these days. Most of the few bad reviews I read seem to be from people who should be going to full serve stations anyway.,5,0.2928571428571428,4.465
Five Stars,Great product and works delightfully well.,5,0.9,4.8
I bought this can on a woot sale in 2007 ...,"I bought this can on a woot sale in 2007. It has held up well, no rust at all. I do keep it clean though and that is the key for any metal product.",5,0.18333333333333335,4.379638888888889
Good but sheet metal could be a bit thicker.,"Overall a good gas can, but the sheet metal could be much thicker, dents easily.  When storing this can, whether empty or full, be sure it's not on the ground or on concrete, the bottom and bottom rim can rust.  Always put it on a piece of plywood or other water resistant material.  I have the 5gal & 1gal sizes, the 1gal is terrific, handles easily.",4,0.2701388888888889,3.5711805046805045
Five Stars,"I keep it indoors and can't smell it on a hot day, what more do you need?",5,0.375,3.5125
Works Great!,Works as expected. No complaints.,5,0.45,3.88
Excellent gasoline Can,This us a really nice gas can. It seals well and sits stable. I will use this to fill other cans I have.,5,0.4916666666666667,4.213527618320056
"The funnel-system isn't really very useful. Would prefer a ""traditional"" metal can","Products is as advertised.  The funnel-system isn't really very useful.  Would prefer a ""traditional"" metal can, with a tight-sealing metal cap, and no ""frills""...",3,0.195,3.0833333333333335
This is the worst gas can I've ever used!,"This is the worst gas can I've ever used!  Just received it tonight.  I temporarily working in CA.  Amazon shipping would not ship any other fuel container to CA, so I saw the great reviews and bought this one.  There is another traditional 5 gal fuel jug that says it's CARB approved, but they will not ship it to CA either!.

First, the lid mechanism is spring loaded to the closed position by two very large springs.  It takes quite a bit of hand strength to open the lid.  There is no way my wife or grandson could open it.  They wouldn't even be able to put gas into the container with these stout springs.

Second, the yellow funnel arrangement seems nice on first glance, until you try to use it!  It mounts to the spout on a 90 degree angle so you cannot get the gas can tilted enough to get all the gas out.  My cars fuel filler spout (and most others) goes into the car at a 45 degree angle.  If I tilt the gas can all the way (sideways/90 degrees) the funnel interferes and wants to pop out of the 45 degree fuel neck (the funnel then wants to point straight down).  I could only get maybe 3 of 5 gallons out.  I tried to turn it sideways but it will only go so far.  I finally was able to get 4 out of 5 gallons out while spilling it all over my shoes, the side of the car, and the ground.

There needs to be a way to swivel the spout for different filler neck angles.  They also need to reduce the spring pressure on the spout and maybe add a safety lock to hold it down instead of that 50# of spring.

Now the good:  Its made pretty well and the steel is not as thin as I thought by reading some of the other posts.  It is compact and at first glance it does not look like 5 gallons, but it will hold 4.95.

Find an older designed gas can at a yard sale instead of this new design.",1,0.08237116058544627,2.125765007518159
Solid Solution,Can't go wrong here.  We also buy the yellow diesel version.  Good price.  Good quality.  Fast delivery through Amazon.,5,0.18333333333333332,4.466666666666667
Surprising and practical.,Practical as not expected.,4,0.375,3.4
Great value - but be sure it's going to work for you,"This a great value for the price, especially when compared to those with the flexible spout (Type II). If you need to fill side opening tanks (e.g.; cars and trucks), you may be better served by a Type II can (I love my Eagle Type II) because with this one you will typically have to put the funnel into the tank opening and then pour into the funnel. Type I cans, like this one, don't have a second opening so the thing is going to go glug-glug-glug and possibly splash a little unless you pour very carefully. Type II cans have a second opening (for filling) that is partly opened when you operate the valve, allowing for a smooth and fast flow through the spout.

Having said that, these are about 1/2 the price of a Type II and are ideal for bulk storage of gas. If you are filling something that has the fill spot on top, then this works great. For me, it's about having gas available during winter - mainly storage - rather than pouring, so this fits my needs perfectly. Twice a season I change the gas out and I can put up with the funnel on my equipment.

Note that the handle that opens the cap is plastic - I was a little surprised, but it seems durable enough if taken care of. It's apparently changed from a red color to a yellow color in recent production.

If you're sick of gimicky and stupid CARB-certifiied cans, this is for you. It's federally approved which exempts it from CARB standards.",5,0.18726600985221675,3.9340018504371446
Five Stars,Very nice,5,0.78,4.672
sale and have been very happy with it,I picked up one of these cans from a Woot! sale and have been very happy with it.  It's insanely better than 90% of the cans you can get nowadays with the ridiculous safety spouts and such.  Definitely worth picking up if you're in the market.,5,0.41111111111111104,4.53
Not as good as a Justrite fuel tank but it gets the ...,Not as good as a Justrite fuel tank but it gets the job done and the price is very reasonable for what you get,3,0.5533333333333333,2.865
Five Stars,Safe handling of gasoline,5,0.5,4.0
Pleasantly surprised.,Really a great heavyweight can. I was not expecting it to be as good as it really is.,5,0.45,4.32
Three Stars,not very comfortable,3,-0.15384615384615385,3.0
this is good..,"As far as ""safety"" style cans go, this is good.... it basically works.  The non-attached spout is a poor design, and gets lost often... but other than that, it's very solidly built and very good quality.  If they could find a way to make a spout that was integral, it would go a long way towards making this an A rather than C product.",3,0.229375,3.66
I love that this is USA made,I love that this is USA made!  Also the sealed spring loaded cap is nice and overal quality is top notch.  Only complaint I have right now is during pours some gas is dripping between lid and funnel.,4,0.31581632653061226,4.0176091269841265
"Perfect, except for no vent","I knew that when I bought it, but wasn't willing to pay double the price for a vent cap, so I will just pour at an angle to avoid the gluging and splashing of fuel.  Otherwise it was just what I wanted, a metal fuel can, so tired of the plastic that, if left out in the sun, degrades and splits at the seams, leaking trouble into your soil.",4,0.10833333333333332,3.480474232117089
The last honest gas can.,"The last honest gas can. At least for California.  Oddly enuf in California it is very hard to find a gas can that does not have one of those infernal safety nozzle things that are almost impossible to make work right.  This can is basically a normal can with a removable funnel and a spring actuated cap.  Easy to fill and open.  If you can find one in California buy it, otherwise buy one here because all you will find are those damned plastic ones that you can't fill.",5,0.04637896825396825,3.892963445984454
Very Nice !!!,"Great gas can.  I just got it and it appears to be very well made.  It has a heavy duty plastic handle to pull open the spigot.  I've noticed others have complained about this... and I am quite surprised.  The handle plastic doesn't flex at all when I open the spigot, it is a very thick plastic handle, sized correctly for the job it has to do.

For the price, this is a great value!",5,0.221,3.9412658231979663
Great Cans,"I like the metal cans much better than the Poly, cost more, but well worth it in the long run. I normally keep 20 gals of fuel on hand for the mowers, generator, etc.",4,0.3666666666666667,3.5051887900746594
"Solid, leak proof","This is the best gas can I have ever owned. I filled it and drove home -  not a drop spilled nor vapor leaked. I left it half filled in the sun for several hours and no leaking or fumes. One caution - if you leave it in the sun, open slowly so the heated gas doesn't jump out. I was worried about the separate funnel but it is easy to use and not in the way for filling.",4,0.17666666666666667,3.2056183621933623
Most cost effective gas can I've found,"After experiences with hurricane Sandy I've decided to increase my gasoline storage capacity to 25 gallons by purchasing 4 5 gallon containers. However after looking at the products available I was rather nonplussed. The container I have is an older non-carb plastic 5 gallon can that is perhaps 20 years old. I shows no signs that it is going to fail in service any time soon. None of the new plastic carb compliant plastic containers are close in quality. The best of them is the No-Spill which is $35.

This can is a nice METAL design, made in the USA. For another few dollars a metal can with a wire mesh flame arrestor seemed like a no-brainer. So I ordered one to try it out. My only worry was how easily it would be to manage filling and pouring from it. Well I just tried it today and I'm quite happy. This can is only slightly more expensive than the the only reasonable plastic can, and appears to have a much better design for safety, and construction quality.

So I will be purchasing 3 more of these. I may even buy a 4th just because I like the safety aspects of this better than the old non-carb container I have.

*edit* Aug 2016

I recently purchased more of these cans to bring my storage capacity to 25 gallons. These cans continue to deliver excellent service. I had an amusing incident at a gas station when pulling the can out. Here in NJ we are not allowed to pump our own gas (stupid I know). When the attendant saw the can he said FINALLY somebody is doing it right and has a real gas can. After filling the can he told me to not bother with the change for my gas.

I've also seen good things written about the Just Rite cans. I may try one of those sometime in the future.",5,0.26829640947288,3.9239516955266955
These are great cans for longer term storage or just for easier use than plastic.,"This is my fourth Eagle can as I slowly replace all my older plastic gas containers. The can is well made and arrived in a box within a box padded to avoid damage.
The yellow plastic funnel is very useful though if it were made of a material that was a little more movable it would be easier to fill equipment when the can was near empty.
I live in a coastal region subject to storms and I store gas for a small generator to run refrigerators and such. These cans really stop the evaporation and keep gas as fresh as it can be. It is also very easy to use as the handle is made in a manner that you can use one hand to pull the spring-connected lid back with.
All in all, you cannot go wrong with this can for use around the house or shop. Great for lawnmowers and other such equipment use.
I would probably not use this can on a boat or place where I needed multiple cans to fit together tightly and be strapped since it is a round form-factor and very smooth.
The weight is not much more than the plastic and I would say that it is negligible. Not even a consideration I would say.
All in all, this can is a winner and a sure-fired gift for any dad or grand-dad that has a plastic tank.
Do note that the funnel can be difficult to remove when filling and my wife absolutely cannot re-install it after she removes it. She likes using the can once it is filled but does not like filling it. I do believe it is more difficult than necessary and that is the only reason I ding it one star.",4,0.07767501546072975,3.6470549441824796
Type I not for filling vehicle tank,"I bought this as a spare gas can as emergency fuel supply for my SUV when doing back-country excursions. I'd previously purchased and used a 1-gallon can for refilling the tank on lawnmower, snowthrower and Honda generator and thought this would be preferable to the leaky plastic ones I'd been using.

Unfortunately I did not realize at the time the significant difference between the Type I (with a plastic funnel) and Type II (with a metal flexible funnel).  For refilling a vehicle, I should have got the Type II because, as one reviewer noted, the plastic funnel does not allow sufficient angle when trying to pour horizontally into a vehicle's gas tank.

I think the manufacturer and resellers should do a better job of explaining the difference, which is why I gave it only 4 stars.",4,0.04166666666666667,3.6929306653800498
fuel safety can,"Well made and easy to use.  The funnel slips right into position and is easy to use.  I previously had the can with the fexable goose neck, wick started leaking after 15 years.  I prefer this style can.",5,0.2464285714285714,4.410666666666667
"Buy it, you won't regret it.","These things shed like crazy, but they work AWESOME.  Such a time saver over drill powered brushes.",5,0.13333333333333333,4.767857142857142
Five Stars,As expected,5,-0.1,3.9349999999999996
Four Stars,ok.,4,0.5,3.88
DEWALT DW4901 1-Inch Crimped End Wire Brush,"This Dewalt wire brush is decently made and works well in both my drill and die grinder. The bristles are stiff enough to remove light rust and paint scale without gouging metal beneath like a knotted brush can sometimes do. It seems to be retaining its bristles well and is holding up to my use, so would certainly buy again when needed.",4,0.11333333333333333,3.7678670634920635
Five Stars,"Nice, better then what I found at the local store",5,0.3666666666666667,4.556
Does pretty good.,"Does pretty good.  Loses a few wires over 20 minutes or so, but not as bad as others of this style.",4,0.1,3.6418333333333335
Five Stars,Works great!!,5,1.0,4.84
Never buy loose wire bushes. Only buy twisted type ...,Never buy loose wire bushes. Only buy twisted type. The loose wire ones just scatter wires all over the place.,5,-0.1758241758241758,4.24665811965812
Four Stars,Gets the job done,4,0.0,3.6
Good for overall wire brush needs. No flying wire chunks. It seems to wear down evenly.,Long lasting. I put it through a leaky leaning into it brushing on cast iron and it wearing nice and slow. No loose wires thrown everywhere. Wire wheels work better for larger areas but this digs into holes and ridges well.,5,0.13329059829059825,4.267454212454212
Three Stars,It is what it is............,3,0.0,3.0
Five Stars,AWESOME..... I threw this in my die grinder and cleaned up rust with ease.,5,1.0,4.751190476190477
Works awesome in my air die grinder,"Works awesome in my air die grinder.  They don't last long, but they work awesome.  They just eat right through the rust like it was nothing.  I'm never using the screw driver type brushes again.",5,0.5392857142857143,4.808035714285714
Good Quality product at a reasonable price!,Good quality wire wheel works excellent on my air operated angle die grinder for cleaning up metal surfaces whether it be gasket material or rusty metal I use it on many projects. I would buy this product again.,5,0.63,4.74
Five Stars,OK,5,0.5,4.38
Five Stars,"Works great with my 20,000 rpm die grinder",5,0.8,4.787857142857143
Four Stars,better than others.,4,0.5,3.44
Five Stars,Nice quality and I haven't noticed much if any wire bit shedding.  Very nice.,5,0.5266666666666667,4.636
DEWALT DW4902 1-Inch Carbon Wire knot End Brush,"This DeWalt wire knot brush is nicely made for the price and is working well in my 1/2"" drill and die grinder for removing rust and peeling paint. It seems to be holding up to use and although its course knot bristles are now a little splayed it is still retaining most of the bristles and working well, so I would definitely buy this wire brush again when needed.",4,0.228125,3.816952380952381
Five Stars,Works great.,5,0.8,4.84
Four Stars,Works well,4,0.0,3.44
Four Stars,did the job for me,4,0.0,3.82
Five Stars,works,5,0.0,3.94
she wanted it to be easily moved without increasing the height too much,"Wife bought some old furniture off CL and it weighed a ton, she wanted it to be easily moved without increasing the height too much. I bought these and some metal brackets and they worked just great, now the heavy couch moves easily and wife is happy.",5,0.35555555555555557,4.008404761904762
Four Stars,ok,4,0.5,3.88
Works great for small refrigerator,"I installed these on a small Emerson 4.4 cu.ft. refrigerator in my shop. The refrigerator is located inside a vented cabinet to protect it from grinding dust, etc.  I occasionally pull it from the cabinet to clean behind it.  These casters have made this task much easier.  The wheels installed without a problem at the rear of the refrigerator by drilling two holes and using an additional nut.  Replacing the adjustable feet in the front of the refrigerator was a little more difficult.  I had to drill and tap the existing threads for one of the front casters.  For the other front caster, I tack welded a 5/16"" nut to the refrigerator.  Works awesome.",5,0.09618055555555556,4.265718831168831
Well Made...,I bought 4 of these over a month ago to put under the legs of an very heavy and very old school desk. They handle the weight very easily and make moving the desk around very easy. Since these didn't cost a lot I just leave them under the desk legs.,5,0.24916666666666668,4.054
Two Stars,Too small not sure what you would move with it.,2,-0.25,2.495
This is a good product,"that has its limitations but works if you do not over weight them.. check UT for ""Shepherd Hardware Move-It 9299 6-Inch Steel Tri-Dolly REVIEW """,5,0.7,4.354883928571429
Five Stars,They do hold the weight,5,0.0,3.9957777777777777
Good product,I bought it to have a set of four.  It is the same as my old ones and I am happy.,4,0.4,4.26
Five Stars,amazingly strong. Allows you to move any furniture with ease,5,0.4333333333333333,4.056333333333333
Five Stars,Work great for what I'm using them for,5,0.8,4.72
Back Savers!,These saved my back!,5,0.0,4.3260000000000005
i use it just to move things around the house--i'm old and i can't lift things like i used to,"renovating, moving, renovating, renovating. this little device is fabulous. i use it just to move things around the house--i'm old and i can't lift things like i used to, even though i go to the gym... this gizmo is perfect.",5,0.28250000000000003,3.763777777777778
Quality and heavy duty product,Quality and heavy duty product.  Excellent plating and large ball bearing to handle the load,5,0.20357142857142857,4.088333333333333
GREAT FOR THE PRICE,"If you get the right wheels for the job you need them for, they won't fail. Weight capacity is key. These worked grear for me and for the price, you got to love them.",5,0.21714285714285717,4.437142857142857
heat resistant,Very sturdy wheels.  I mounted them to the bottom of an old cloths dryer drum for a rolling fire pit.  They did a great job handling the intense heat without any impact to them  Very nice for a low price.,5,0.3466666666666667,4.16
Works for me!,Good for what I needed them for. A little pricey for the quality.,4,0.25625,3.79125
These are great high quality casters.,These are great high quality casters.  I originally bought them with Amazon Prime at $3.34 each.  Tried to reorder and within 5 days had increased to $8.34.  I see they are now at $10.57.  I'm not a buyer at this level.,5,0.45899999999999996,4.534
On the move.,Units are not heavy duty and wheels are plastic.  That being said I bought these to move a work table around my shop that holds items while I work on things.  Wheels are still intact as I have a hard floor.  If you have a carpeted surface or one that has debris on it you will experience difficulty moving items around depending on weight load.  Units work for what I purchased them for.,4,-0.09583333333333334,3.608133644133644
"Good choice, steer 360","Great for putting any heavy object on wheels.  I built a 16X32 plywood platform, and use it to move heavy objects, or multiple objects in a single trip.",5,0.17142857142857146,4.200694444444444
Tiny Wheels -- you get what you pay for.,The Wheels are too small to be useful on anything other than a perfectly flat surface. A crumb caused them to stop rolling.,2,-0.02,2.8281260683760685
"These work great, I welded them on the bottom of a ...","These work great, I welded them on the bottom of a harbor freight roll around stool after their wheels exploded.  These have been living with me at the shop on my chair for 6 months now.",5,0.8,4.57375
You get what you pay for,"The picture is misleading. It shows a wheel that was machined. The actual wheel is made of sintered iron (looks like cast iron but it is easier to manufacture) and painted grey. It comes with all the pitfalls of chap casting, the major one being dimensional variability. There are more holes and smaller. The axle is bolt and nut - a plus because you can take it apart and add 10mm flat washers to stop the wheel moving from side to side. The bad part is that the wheel hole for the axle is not centered in the middle of the wheel and that the wheel hub side faces are not parallel to the wheel or to each other. So if you shim it with washers you will also have to clean the hub faces. Also the wheel hole for the axle is larger than the axle and even after shimming you will still get some side play. On the plus side is that the load is higher than the similar sized plastic wheels - the reason I bought them. You can also use more of them and mount them in a row to increase total load capacity while still maintaining maneuverability.
Unfortunately I could not find a better quality 2"" fixed wheel with same load capacity even if I wanted to pay more.",2,0.06567460317460319,2.7720000000000002
Inexpensive but solid,Not premium.... no ball bearings but solid and good for my purposes.,5,0.2333333333333333,4.2353703703703705
Just what I wanted,A good wheel. I'll probably get more sometime.,5,0.6,3.8784682539682542
Five Stars,Worth the cost.,5,0.3,4.320396825396825
Five Stars,Excellent service and great quality item.,5,0.9,4.92
Five Stars,nice casters for the money.,5,0.6,4.672000000000001
Five Stars,I like work good Thanks,5,0.44999999999999996,4.37
while the dollies are advertised as capable of carrying 200 ...,"while the dollies are advertised as capable of carrying 200 lbs, they certainly cannot carry this load with a furniture 'leg' centered in the dolly, which is the primary reason for purchasing this type of product. It is only when a load is placed evenly over each of the 3 wheels that this is possible.",2,0.16904761904761903,2.38
"Good, but needs completely smooth floor.","Work great on COMPLETELY SMOOTH SURFACES.  The wheels are very small radius, so any pebble or crack in concrete will stop this little helper if it has a significant load.  I just replaced all the small casters with ones twice as big (had to drill out), and it works much better now.  They won't do well on carpet with significant weight, say, at their capacity.",4,0.2447916666666667,3.2976408225108225
Four Stars,Nice heavy duty dolly wheels - they work as expected,4,0.09999999999999998,3.5715505952380955
not great,"used it for a very specific purpose, once. it performed mediocre.
did leave divots in floor, but not that surprising considering the wheels are small diameter.",1,-0.09000000000000001,2.4877927350427353
Did I get the only ones with greased bearings?,"I should have washed the grease out of the open swivel bearings before installation. The grease quickly picks up grit and dirt which makes the swivel bearings very rough and notchy.

All the swivel casters I've ever owned have had dry swivel bearings, now I see why.

Ed",3,0.02733333333333333,3.1847979427979425
Five Stars,good quality,5,0.7,4.7
Five Stars,These casters are very good. They worked out very well for my project.,5,0.5549999999999999,4.59
Five Stars,great option for a wheel for heavy items.,5,0.30000000000000004,4.186246031746032
these wheels are great. My only problem is I really needed a ...,these wheels are great.  My only problem is I really needed a wheel that locks and swivels. and you do not offer that the of wheel.,4,0.3333333333333333,3.5501719576719575
Four Stars,"Great product, heavy duty and look good.",4,0.43333333333333335,3.6023809523809525
Five Stars,As described,5,0.0,3.8200000000000003
These are nice strong well built casters.,"They look nice, are well priced and shipped quickly.
What more could you want.
If your in the market buy them.",4,0.49333333333333335,4.136
As expected,Needed lond lasting casters for rarely moved shelf.  Being metal this is the perfect one for my shelving. I recommend this if you like to be able to move shelves around on concrete flooring..,4,0.30833333333333335,3.975
These are perfect,I needed a slew of old time looking casters and these are the ones. I got a bunch of them and am extremely stoked on them. These are all getting screwed onto the bottom of my furniture in my shop. I am tired of lifting the tv and couch when I want to vacuum so now I just roll it out of the way. Winner winner chicken dinner.,5,-0.005555555555555536,4.283807692307692
Great Quality,"These are very sturdy. I opted for them over rubber covered wheels so it'd have less resistance on carpet.

It would have been nice to include screws, but I can see how that might not be helpful in terms of length. A quick trip to the Home Depot remedied the screw problem.",5,0.35333333333333333,4.142222222222222
Cheap & cheerful,"The only potential issue is that if you wanted to use bolts as big as the bolt holes allow you could run up against the protrusion in the stamping--you're not going to get an unmodified washer under that bolt head (or nut), and you're not going to turn the nut or bold head on the caster side, so think carefully before you plan to lag-screw it into wood.",5,0.1476190476190476,4.1905
used for machine stand,IThe price is right for this item.  It is holding up great.  I know that I will be ordering more of these.,5,0.5285714285714286,4.742321428571429
Welding cart wheels,"I mounted these wheels on my newly constructed welding table.
They work perfect in that application.
I'm very satisfied with them.",5,0.5954545454545453,4.349494755244756
"Pretty good, unsure of 200-lb rating.","These worked pretty well. I'm not sure about the 200-lb rating. I put four of them under a sound rack that had work out casters. When I moved it, one  tri-dolly wheel bent out, flattening the dolly to the floor. I KNOW my rack didn't weigh 800 lbs! We just lifted that corner, and the other 3 held up fine. I figure one of the four must have been bad.",3,0.13020833333333337,2.7786934523809528
They are ok if you don't plan on rolling the item they are sitting on.,Don't plan on using these much.  They are much weaker than you would imagine.  I have an empty vending machine that totaled all 4 of them.  I'm not sure what else you'd use them on.  Nothing over 100 pounds for sure.,2,0.17499999999999996,2.32
Functionable castor for moving furniture about,I suppose the wheels are smaller than the carpet allows for easy pushing around the house.  The purchase was and is intended to move furniture for easier cleaning without modifying chest of drawers with drilling castors.  With some effort I can move it and vacuum accumulated dust as I intended.,3,0.14166666666666666,3.086666666666667
great aid for moving heavy furniture or equipment,"solid dolly wheels for moving heavy items. doesn't require high lifting to insert under furniture. well made, rolls easily on most commercial carpeting. works great on smooth floors.",4,0.2511111111111111,3.4398333333333335
work fine,I got 4 of these to support some heavy storage shelves that were blocking our electrical service panel so that I could easily move it when I needed to.  I secured them with heavy duty zip ties and it works just like I'd thought it would. If I have any problems with them I'll update this review.,5,0.1125,4.108333333333333
not at all what I thought,"Don't know how they measure these things, but this is TINY... I wanted to use it to move around some tall 1/4 barrel sanke kegs. Won't do it due to the small size. If you're looking to move something that will either fit on the tops, or in the recessed section, it should be ok. If you want to use it to move something else, look for something else. I'll probably end up getting a furniture dolly from HF at some point.",2,0.10500000000000001,2.596888888888889
"A little small for 1"" ID tube","Wasn't quite as tight a fit in 1"" ID tubing as I'd hoped for.  But I deformed the tubes a little before driving them in.  They've stayed in.",4,-0.08071428571428571,3.262098765432099
Five Stars,Got the job done!,5,0.0,4.22
Four Stars,worked great for use in my greenhouse.,4,0.8,4.18
Excellent quality very durable - used it when painting home ...,Excellent quality very durable - used it when painting home and now is used to cover cutted wood in the garden so it will not get wet.,5,0.4600000000000001,4.4
Perfect size,Had small vapor barrier job. This size worked out fine.,5,0.3888888888888889,4.469403106697224
Would Highly recommend!,Absolutely what I wanted and expected.  Very professional service with timely delivery.  Would Highly recommend!,5,0.12600000000000003,4.2584
"Perfect size, good value, easy to work with","Certainly does the trick. Nice in-between 4 mil and 10 mil. Not reinforced, however at the price, no complaints there! It should last the summer for a large 'greenhouse'.",5,0.4731292517006803,4.55
It's working for our hoop house UPDATE: Didn't last through winter.,"We live in Northern Michigan and get a late and early killing frost every single year.. This year I put a hoop house up over the garden using PVC, Wood and this plastic.. The hoop house is 15' long, 16' wide and 8' tall.. It has a peaked roof line. This plastic fit perfectly. We had poly windows to use around the bottom of the hoophouse so we cut off part of the plastic to make the doors, but the point is, it was big enough for this size greenhouse/hoophouse. It seems sturdy enough.. We had another hoophouse with greenhouse plastic that lasted 4 years. It collapsed this past winter, so we removed the plastic. That plastic was actually still in pretty good shape.. We aren't sure if this plastic is going to last that long or not, (kind of doubt it) but since it cost 1/4 of what we paid for the greenhouse plastic, we decided it was worth the try. Will know by the end of the summer how well it holds up to the sun and hot temps, but for now, it's doing what we wanted it to do.. It's 100 degrees  with very moist air in the hoophouse today with the doors open.. The plants seem to love it.

UPDATE: Product didn't make it through the winter.. It started ripping loose around the edges despite the fact that the snow slid right off it. One entire side is ripped loose and flapping in the wind.. It'll need to be replaced. Although it was very easy to work with and a great size, in the long run, greenhouse plastic is the better choice for hoop house/green house use.. But it was worth the try, although the price has increased by $10 since we bought it.. I wouldn't buy it again for the hoophouse..",3,0.16059225088636853,3.143129292929293
Heavy feeling!  Great quality.,I am using this thick plastic sheeting to cover plants in my greenhouse for the winter.  It protects plants from the cold and keeps the air several degrees warmer than the outside air.  It is really nice quality.  Cuts easily.  Am sure I will be able to put it away for use year after year for several years or more.,5,0.1590909090909091,4.062118450177274
"Warp Brothers 6CH20-C 6 Mil Clear Plastic Sheeting, 20-Foot by 25-Foot",My husband bought this for a small greenhouse he is building and loves the quality of the plastic.  Very heavy duty.,5,-0.13666666666666666,4.109499402558226
Screws,Perfect for securing 2 x 4's. Grip well.,5,1.0,4.681666666666667
Great Product,Built a large wood racing track and they worked prefectly,5,0.5071428571428571,4.7214285714285715
The Real Deal,These are Grip-Rite and they are just as you would purchase in a sealed grey box like you would find in the hardware store.,5,0.07500000000000001,4.655
Quality screws.,Great screws. They don't bend or cause problems. The go in straight and strong every time. I'll be buying more soon.,5,0.48333333333333334,4.312333333333333
Just what I needed,"I used it to clean around lettering's of a bronze headstone marker. At first, I was so careful and slow, but it was gentle enough not to scrape the bronze out but strong enough to remove all the hard water-spots and dirt.",5,0.062037037037037036,4.0467063492063495
light duty detail sanding piece.,light duty detail sanding piece. I like them but they may not be for everyone as it is a detail piece not a bulk sander.,4,0.4,3.2984074074074075
"Small with good, stiff bristles.","We have hard water and lime, so I was using this with toilet bowl cleaner and it seemed to make the plastic bristles start to chemically melt.  It seemed to be well made though and I can imagine how it would have worked well to get into hard to clean places.",2,-0.0020408163265306207,2.172251984126984
Five Stars,Nice product,5,0.6,4.672000000000001
Five Stars,Easy to use.  Cleans grout lines easily.,5,0.43333333333333335,4.318888888888889
Three Stars,Not very effective - back to using wire brushes for removing paint and rust scale,3,-0.11538461538461536,2.856346153846154
Great product and does the job !,"While wire brushes are good at cleaning up anything you want, but if you get careless, it will take off everything, including the surface, polish and coverings. This nylon brush is not as abrasive and does a good job of cleaning any surface.",5,0.475,4.22
Brush,"Works great,",5,0.8,4.168779761904762
Four Stars,IAD  no worries,4,0.0,3.5
Three Stars,I had to send it back.  It was too harsh for what I needed it for.,3,-0.1,2.7933333333333334
Good,Seems to be a durable brush. Good purchase,5,0.7,4.7620000000000005
Five Stars,works great on jobs around the house buy and be happy,5,0.8,4.640000000000001
Grip Rite 1-5/8-inch 6 Coarse Thread,perfect size screws  works great for dry wall and building some shelf's.,5,0.43333333333333335,4.73212962962963
Great price and fit perfectly.,Great price and fit perfectly.,5,0.6799999999999999,4.554
Five Stars,Good use for tile or carpet cleaning.,5,0.7,3.965280058383507
Necessary part of my job.,"I found these brushes ideal for removing paint and adhesive labels.  It has replaced sandpaper in many cases since it can focus in on a specific area, and you can readily adjust the pressure.  Removes paint from metal without scratching the metal.",5,0.31999999999999995,3.573269230769231
Very Nice,Exactly what I needed,5,0.515,4.265
Grind anything,This can be used on a ton of projects!! Where has this been all my life? Great product,5,0.8,4.74
Three Stars,Not very effective - back to using wire brushes for removing paint and rust scale,3,-0.11538461538461536,2.856346153846154
Wow...excellent for cleaning shower rooms.,I use this brush to remove soap scum (hard water calcified areas) in my shower room. It works great! I use a cordless drill (Black and Decker) and in a few minutes I had removed much more than when I tried the same with a sponge. The bristles are very durable and stay intact even with very hard use. I really think this is a time saver when cleaning very hard to remove grimes.,5,0.016666666666666663,3.414036281179138
Five Stars,a good value for the price.,5,0.7,4.74
Five Stars,Worked well.,5,0.0,4.66
Five Stars,Nice quality.,5,0.6,4.672000000000001
Three Stars,not the wheel i wanted but the part number at least worked.,3,-0.3,3.6
great tool,Another great brush.  I use this one and the cupped ones to clean out live edges on slabs of wood.  Great tool to get to those uneven edges.,5,0.4505050505050505,4.631111111111111
Five Stars,FLAWLESS ITEM AND DELIVERY,5,1.0,4.76
Five Stars,Used to mount MDF on walls of shop.,5,0.0,4.315333333333333
good product,good product,5,0.7,4.52
Grip Rite still one of the best.,Worked well with my impact driver.,4,1.0,4.22
Five Stars,quality product  fast delivery,5,0.2,4.859999999999999
Five Stars,makes tough clean up easy.,5,0.13703703703703704,4.1899999999999995
Works Great,"These work just as expected.  I had no problems with the screws breaking, the wood I was screwing them into breaking, or anything else.",5,0.35000000000000003,4.335
A different kind of beast from stainless steel cup brushes,"I am a remediation and abatement contractor to put my planned use into context. I purchased this product to supplant my stainless steel cup brushes. I really like how well the stainless steel cup brushes work, but they are do have definite risks to work with. You're behind a power tool, pushing one of those into your work piece. Little bits of wire break off (!), they can puncture your fingers while you're handling or grasping them and generally become very fragile all of a sudden towards the end of their usable life. So I purchased this having read the details about the product and how it works (flexible bristles impregnated with abrasives).

First and foremost, because the bristles aren't as firm this product won't strip off rust from a stud frame wall nearly as fast as a stainless steel version. That aside, this thing is freakin awesome. The flexible bristles mean that I can fit these much more comfortably into corners of a work piece. It doesn't kick back so suddenly like a stainless steel brush would if you hit something like a lip or edge. Very much unlike the old stainless steel cup brush, this thing is quite uniform in the work it does. It's almost surreal how different two sections of stud wall turned out using the old product and the new.

When the bristles break off, they don't have the same kind of energy or tension so it's lower velocity. Much less of a need for safety glasses. This is not for use on softer materials like wood, as it will gum up the bristles. After seeing how well this worked in the field, I promptly purchased a full set.",5,0.148047138047138,3.906376984126984
Tough bristles that last.,"Great for medium agressive clean up. It can do some decent scrubbing of caked on dirt or things like that. Don't expect it to be clean like you sanded our powerwashed it though.

Still lots if not all the bristles on it. So they last well!",5,0.18730158730158733,3.7972336717515285
Four Stars,IAD  no worries,4,0.0,3.5
Three Stars,Too harsh for what I needed it for.  I had to send it back.,3,-0.1,2.7933333333333334
not as aggressive as wire but good for scuffing,"It works well, not as aggressive as wire but good for scuffing.",5,0.7,4.354277167277168
Three Stars,Not very effective - back to using wire brushes for removing paint and rust scale,3,-0.11538461538461536,2.856346153846154
great brush,"This brush is great for what I'm using it for.  Cleaning up the live edge on a slab of mango.  If you have any uneven edge, this will get it cleaned up and along with the other grits will take you from rough to finish.  The bristles are impregnated with an abrasive and are nylon so it won't leave those pesky metal wires all over.  Made in America and a little expensive but it's worth it.",5,0.10265151515151515,4.448291666666666
Five Stars,good quality.,5,0.7,4.7
Five Stars,Work perfect with my Dewalt 15g nailer,5,1.0,4.763333333333334
meh,"These nails are well manufactured and safely packaged by Senco.  However, they are not the correct size for my Hitachi 15-Guage Angled Finish Nailer if you examine them carefully with a Mitutoyo caliper.  According to the directions, these are out of spec.  So I don't like them.  I don't like how Amazon recommended that I buy them with my Hitachi nailer, and I don't see the good in these thin little nails with their tiny head.",2,0.08541666666666668,2.0995833333333334
Five Stars,Excellent-highly recommend seller A+,5,0.0,4.5212
Costly mistake!!,"These nails are not NOT for DeWalt  51276! They are not the 34 degree angle that this finish nailer requires. Bought some and am sending 4 boxes back the angle is not marked on the Senco packaging at all. A302000 and A302509 WONT WORK WELL IN THIS NAILER. I noticed the angle was slightly off but the first 4 nails came out just fine and BAM #5&6 came out at the same time and bent over and left 1/2"" folded over on the surface. This is UNACCEPTABLE IN FINISH WORK!!!  Buy something else that is clearly marked 34 Degrees.  SENCO does not mark theirs, don't buy them.",1,0.06875,1.44875
This is a great nail!,"I have been shooting these nails in my Porter Cable Bammer for a few years now and I haven't had any problems.  Though I don't use my tools for a living, I am an avid woodworker and home renovator. As such I would say that in the past 5 years I have shot a thousand or so of these nails through my P-C Bammer gun and I can count the times it misfired on one hand. As long as the gun is set properly you should have no problems with jamming or with setting these nails below the surface of the wood.

With the good experience I have had, I can easily recommend these as a good buy!",5,0.2758333333333333,4.079977272727273
Four Stars,There finish nails .,4,0.0,3.7
Five Stars,Work perfect,5,1.0,4.8
Bad purchase!,Bad purchase!! Don't buy any nails not clearly marked with the angle on the box! SENCO does not mark them.,1,-0.6458333333333333,2.23875
Five Stars,This was for husband and he said it works like it suppose to,5,0.0,3.85
Tool cart assembly requirement,Nice product,5,0.6,4.592888888888889
Four Stars,Good product at a good price.,4,0.7,4.15
Five Stars,"priced right, on time and correct",5,0.2857142857142857,4.25047619047619
Five Stars,Good deal!,5,0.875,4.516666666666667
Five Stars,They work as they're intended.,5,0.0,4.08
"Nails, what is there to fail?","Nails, what is there to fail?  Nice assortment; the two sizes used to date both shot out of my Senco gun without issue.",5,-0.13333333333333333,4.079977272727273
Five Stars,For use in Senco Finish Pro gun.,5,0.0,3.91
These work great in my Bostitch light duty nail gu n,These work fine in my Bostitch light duty pneumatic nailer.,5,0.5041666666666668,4.073333333333333
Nice Assortment for Occasional Use,"[Sold by: Amazon.com LLC] Bought to use with SENCO FinishPro 18MG, 2-1/8"" 18-Gauge Brad Nailer.  Ran a few different sizes and I had no problems.",5,0.09999999999999999,4.374424242424242
Five Stars,"Excellent with good quality , works good",5,0.7999999999999999,4.785
Five Stars,FLAWLESS ITEM AND DELIVERY,5,1.0,4.76
Five Stars,Excellent,5,1.0,5.0
Five Stars,Fit the nail gun and firer well.,5,0.4,4.272727272727273
Nice selection of sizes at a good price,Nice selection of sizes at a good price.  Just came into a compressor and have had a gun.  Didn't want ten thousand of any one size not knowing for sure what would work best.  This collection will serve me well for years to come and fed perfectly in my Harbor Freight gun.,5,0.6375,4.434058008658009
Five Stars,Thank you,5,0.0,4.0
Nice product,Works as stated,5,0.6,4.376666666666667
Bang-Bang-Bang,"They go in fast and straight, what more can you ask for.",5,0.3,4.1935
Three Stars,Nails are nails. these will do the job,3,0.0,3.3200000000000003
Well made nails,Have been very satisfied with the quality of these nails.,5,0.65,4.07
Three Stars,ok,3,0.5,3.38
They do what they're supposed to. No issues with jamming.,They do what they're supposed to. No issues with jamming.,4,0.0,3.44
Four Stars,acceptable stuff,4,0.0,3.92
Five Stars,"Good nails, consistent quality and no jams yet.",5,0.475,4.42
Five Stars,Very good.,5,0.9099999999999999,4.562
work well,Work quite well in my air gun. Penetrate very deep and easily.  Fed in my gun very well. Price was good and shipping very fast.,4,0.31866666666666665,3.91
Four Stars,works great,4,0.8,4.34
Smaller is sometimes more useful,"This, combined with the A209909 pack, provides a useful assortment for a new, or infrequent, user of an air nailer.",5,0.24727272727272726,4.2780000000000005
Nails,"Quality is fine, but you're really paying a large premium for variety. Better off getting a couple of different size packs of the Dewalt nails.",2,0.2661904761904762,2.82
"Good value, good assortment","I got this assortment for multiple nailing uses. Comes in a plastic case that you should keep, so be careful when you open it. The nail gun I have won't handle less the 3/4 inch brads so the 5/8 inch brads likely won't be used. The nails worked well in all the sizes I used.",4,0.16190476190476186,3.8867654320987652
Though there would be more....,"If you need a few sizes rarely this is a good assortment pack. If you need to really do a major project, buy the sizes individually. When I ordered them I thought there would be more but the picture is what you get. They work.",4,0.26607142857142857,3.9498333333333333
Senco A209809 18-Gauge-by-5/8-Inch to 1-1/4-Inch Electro Galvanized Variety Pack Brads,Great product for my home wood working shop.  These work well in my Porter Cable nailer. The price at Amazon is very competitive.,5,0.5,4.098229717813052
Five Stars,Excellent-highly recommend seller A+,5,0.0,4.5212
Four Stars,Good job,4,0.7,3.73
"Price, Promptness & Performance","These Finish Nails worked fine in my Senco SNF1 gun. I've purchased other brands that stick in the loading track, shoot two nails at a time and twist when shot due to improper head size and inconsistent point angles. And the price was competitive with local suppliers. Delivered in a timely manner.
However, when they arrived the contents was strewn throughout the shipping container, which included electrical and other delicate orders. The nails popped the air bag leaving the contents resembling a contractors salad. The light plastic case might be adequate for shelf display, but lacks containment if pummeled about. Perhaps the addition of two strips of tape? Luckily, the other contents were so securely packaged in that sealed preformed plastic, that takes a set of extraction tools and a few patients minutes to remove, remained unharmed.
I will order these nails again - maybe in separate single orders.",4,0.06245421245421247,3.51125
Nail It,Ordered these nails for use in a Freeman nailer. No problems what so ever. They work and work well. Very good holding power. You can't go wrong with these nails,5,0.20499999999999996,3.7987272727272727
I would recommend,Works as described,5,0.0,3.8200000000000003
Five Stars,"Oh boy, I can do some air hammer nailing now.",5,0.0,4.277492592592592
Five Stars,This was for husband and he said it works like it suppose to,5,0.0,3.85
Tool cart assembly requirement,Great product,5,0.8,4.542888888888889
Good value,"Sturdy , non jamming and nice assortmant",5,0.6499999999999999,4.4399999999999995
Five Stars,great,5,0.8,4.8
Five Stars,They work as they're intended.,5,0.0,4.08
Five Stars,For use in Senco Finish Pro gun.,5,0.0,3.91
Great Assortment When Trying Out New Senco 18MG,[Sold by: Amazon.com LLC] Nice selection to use with my new Senco FinishPro 18MG.  Tried out a couple different sizes and had no problems.  No project in the works so I am unable to tell how reliable/repeatable they are.,5,0.19545454545454546,4.117272727272727
Five Stars,"Excellent with good quality , works good",5,0.7999999999999999,4.785
Five Stars,Satisfied Customer.,5,0.5,4.469797979797979
Five Stars,FLAWLESS ITEM AND DELIVERY,5,1.0,4.76
Five Stars,Work fine in my Senco brad nailer.,5,0.4166666666666667,4.22375
No complaints.,No complaints. I have been using these to secure a piece so that I can apply screws with ease.,5,0.4,4.45
Five Stars,Fit the nail gun and firer well.,5,0.4,4.272727272727273
Five Stars,good,5,0.7,4.562
Five Stars,Thank you,5,0.0,4.0
Five Stars,Does what they are supposed to do,5,0.0,4.279999999999999
good variety pack,If you own a nail gun having a variety pack like this is good as you are unlikely to need full boxes of specific sizes. at the very least you get to see which sizes you need for different jobs.,5,0.18249999999999994,4.352380952380952
"So far holding up just fine, brads sliding thru the wood like a hot ...","So far holding up just fine, brads sliding thru the wood like a hot knife thru soft butter, no bending goes where you shoot it.",5,0.23333333333333336,4.338333333333333
brads,I didn't need a bunch---2000-3000 brads---so this small assortment is good.,5,0.22499999999999998,4.232896384479718
Nice selection to use with my cheap nailer,Nice selection to use with my cheap nailer. I never realized all the uses for brad nails until I started finding things to nail to justify my purchase. lol,5,0.5599999999999999,4.148060606060606
Finally I found the perfect fit to refill my staple gun after searching a ...,Finally I found the perfect fit to refill my staple gun after searching a good number of stores without success.,5,0.475,4.516666666666667
Works well,Good product ! no problems,5,0.875,4.34
Five Stars,By far exceeded expectations!,5,0.125,4.0633333333333335
good brads,fit my needs,5,0.55,4.299515432098765
Four Stars,acceptable stuff,4,0.0,3.92
Five Stars,"Good nails, consistent quality and no jams yet.",5,0.475,4.42
I love it,Good quality nails. It's nice if you need a variety.,5,0.6,4.5906666666666665
Four Stars,works great,4,0.8,4.34
quality stapler replacements,used them the day I got them. they worked good,5,0.7,4.700833333333334
This a re good quality brads,"These are of excellent quality, but the 2 inch brads are a little long for the WEN 61720, the Bostitch brand fit the gun better, in order to use them on my WEN I simplt ground down the tips a little so they would fit.",4,0.26882716049382716,3.760130952380952
"Good price, good product",It is amazing how many things can be repaired and tacked together with brads.  This is a good assortment to buy as you figure out the uses.,5,0.64,4.484999999999999
great product at a fair price,"Just as advertised, great product at a fair price,super fast delivery.",5,0.64,4.7175
From a diffent user perspective,"I am not a construction worker I am a home Woodworker.  Contractors look for the cheapest nail that works well.  I look for a nail that I can use onesey, twosey and will not jam or fail.  Senco has a long reputation for not having that exact set of issues.  They have never left me disappointed.  I highly recommend them to Woodworkers.",4,-0.14833333333333334,3.7533939393939395
Five Stars,good value,5,0.7,4.74
Great brads,"Not much to say about these brads other than I have yet to have a jam after running through several thousand in my Hitachi NT50AE2.

I also went through 7000 Senco 18ga 1 1/2"" staples in August with 0 jams.",5,0.14375000000000002,4.307098765432099
Good product,"I use this nails in my furniture business. I use them everyday and never had a problem with them. I would highly recommend them to anyone. A+++

Kirk Rogers Furniture Company",4,0.21999999999999997,3.7333333333333334
Good quality fasteners,"I bought these because they are always out of the size I want at the bog box stores. They are good quality, cheaper, and in stock. Just what I wanted.",5,0.7,4.734999999999999
Arrow 9/16-inch staples,We purchased the staples along with the Arrow stapler for use on our outdoor lighting project.  They have to be the best invention ever for stapling Christmas lights under the eaves of the house.  They protect the wiring from being cut by the staple.  Their penetration is good but not so deep that they cannot be easily removed when its time to take the lights down.  Great product.,5,0.46296296296296297,4.449734487734488
Work great in my old staple gun.,I couldn't find the 1/2 inch wide staples locally.  These fit my old HD staple gun and do the job.  Please with results.,5,0.2166666666666667,4.176889730639731
Five Stars,excellent,5,1.0,5.0
Works well in our Swingline Electric Stapler for use in our shop,"A little harder to find this ""crown type"" staple in our local area but nice to find a reasonable price on AMAZON.

Would have a 5 star except for unusual need for this type staple in our electric staple gun",4,0.11874999999999998,3.821473063973064
Perfect,Perfect,5,1.0,4.908055555555555
Great staples. Full penetration all the time,Great staples.  Full penetration all the time.,5,0.575,4.432714285714286
Five Stars,Product just as described. Would purchase from this vendor again.,5,0.0,4.24
Good Staples,"I needed new staples for my 30 year old electric staple gun, and was pleased to find that Amazon sells them.  I use this size staple for recovering dining chair seats, and they work very well.  These did not jam my stapler as some brands do.",5,0.32727272727272727,4.171435185185185
awesome!,wire staples are great!,5,1.0,4.855
Good product.,Worked on hard pressure treated lumber. Good product.,5,0.3694444444444444,4.58
Five Stars,easy way to fasten cable to baseboard,5,0.43333333333333335,4.253333333333334
Five Stars,Works great,5,0.8,4.84
Excellent product,"These are good fasteners.  Be sure to check the size.  These are the T25 size, and they are 9/16' long.  Be sure your gun can hold this size.  My original gun, would NOT take this T25 size, so I had to buy a new gun, about $25, for them to work.",5,0.45162337662337665,4.374657369614512
Five Stars,Works as intended.,5,0.0,4.110833333333334
they hold things down,Staples - they hold things down,5,-0.15555555555555559,3.741388888888889
Five Stars,Fasteners works great will buy again.,5,0.8,4.26
good product,Not much to say other than they work fine.,5,0.22291666666666665,4.4591666666666665
Perfect,Perfect,5,1.0,4.908055555555555
Five Stars,"Staples for the T25 tacker - perfect length
staples and tacker work well",5,1.0,4.166666666666666
Four Stars,These work,4,0.0,3.7399999999999998
Five Stars,always need staples,5,0.0,4.366666666666667
Five Stars,good product,5,0.7,4.640000000000001
Five Stars,happy,5,0.8,4.859999999999999
Five Stars,happy,5,0.8,4.859999999999999
Five Stars,Works as intended.,5,0.0,4.110833333333334
They hold things down.,They are staples.  They hold things down.,5,-0.15555555555555559,3.741388888888889
They work,They are staples.  They work,5,0.0,4.08
All Arrow products are Great,"Great quality, Works great!!  Reasonably priced.  All Arrow product work as advertised.  I have several of them. Would definately buy Arrow products again.",5,0.56,4.4471582491582495
Replenish,Just running low on staples. Have been purchasing this Arrow brand for over 40 years! You can't go wrong with these.,5,-0.25,4.289158249158249
Replenish,3/8 and 9/16 are pretty popular but 7/16 staples are hard to find locally so these are working out good. Running wire along different kinds of wood require the right size staple.,5,0.220578231292517,4.526936026936027
Arrow fasteners 3/8 inch staples,The new Arrow fasteners are for stapling wiring.  I purchased them for hanging exterior Christmas lights.  Both my son and I thought they were the best staples we had ever used in the outdoor lighting installation.  They do not penetrate the wood too much so they can be easily removed when taking the lights down.,5,0.3228282828282828,4.354592592592592
... are metal braces and seem to be working just fine.,They are metal braces and seem to be working just fine.,4,0.4166666666666667,3.793333333333333
As expected,Product came as expected,4,-0.1,3.435
L Brackets that helped my desk,Needed to brace up my desk (Altra Parsons Desk with Drawer) that was starting to lean and these L brackets helped.  Thanks.,5,0.1,4.298333333333334
Five Stars,good,5,0.7,4.562
"paid $3. 41 one month ago, now $5 ...","paid $3.41 one month ago, now $5.21; and there not silver plated.",3,0.0,2.9868939393939393
Works...,What I needed to secure targets at the range.,5,0.4,3.824
Five Stars,As advertised,5,0.0,3.94
Five Stars,Perfect fit!,5,0.75,4.890000000000001
These fit my stapler fine and work great :),These fit my stapler fine and work great :),5,0.5291666666666667,4.458166666666667
good value VIP AUTO NYC MECP CERTIFIED PRO INSTALLATIONS 5710 ...,"good value

VIP AUTO NYC
MECP CERTIFIED PRO INSTALLATIONS
5710 3rd Ave.
Brooklyn, New York
347-987-3872",5,0.38409090909090904,4.79
Four Stars,As described...,4,0.0,3.3200000000000003
Five Stars,OK,5,0.5,4.38
Five Stars,"Great L bracket, durable and has a nice finish.",5,0.7,4.196
quality staples,quality staples for replacement,4,0.0,3.9266666666666667
Five Stars,"Great item, fast shipping.",5,0.5,4.487424242424242
good stapels,not bad,5,0.5249999999999999,3.3552051282051285
Works perfectly for my needs,Works perfectly for my needs,5,1.0,4.466
Works but flimsier then I remember,Works but flimsier then I remember,4,0.0,3.6399999999999997
it works like it suppose to,"not much to say, it works like it suppose to, this is light duty.",4,0.15000000000000002,3.3116666666666665
Five Stars,good value,5,0.7,4.74
Five Stars,Thank you,5,0.0,4.0
What it is,"It's exactly what it says it is, which is JT-21 staples. And that's what I needed :) I like that size for stretching watercolor paper.",5,0.375,4.453
Great staples for a great price,"These staples just arrive and they fit my Stanley TR45K Light Duty Staple Gun perfectly. I use a lot of staples on the bulletin boards at church and usually run out right in the middle of a project. I ordered six boxes this time, because of the price and free shipping with Prime. It is a great bargain. I can't do without Amazon.com",5,0.4635714285714285,4.151785714285714
"Always get the best, genuine accessories for your tools","I am a woman who does most of the repairs around my house. A very handy tool that I have had for countless years, is my old staple gun.  When I ran out of the box of Arrow staples, I purchased a generic,  inexpensive new box at the local hardware store. . UGH, what a mistake. I took them back after I tried to use them, and realized how flimsy they were. No one in town had this brand, but Amazon had them, of course!  I laughed that, my old box had a $1.29 label still stuck on it. Since this new box was considerably more, I am left to wonder just how long ago I had purchased the old box!  The genuine part may cost a little more, but as for most things there is no substitute for quality.",5,0.2685822510822511,4.129166666666666
Five Stars,Excellent.,5,1.0,5.0
Four Stars,Good,4,0.7,4.062
Perfect replacements...,I couldn't not find replacements for my decade plus old swingline tacker anywhere.  So I ordered these at Amazon and they work very good.  These are a bit thicker than  my original staples and I like that because they seem to hold better when I staple in wood.  I better order a couple more packs!,5,0.5728571428571428,4.4387878787878785
Good Staples,"I bought these for my 30 year old Swingline stapler.  They are the correct length for fastening thick things, like padding to a chair seat.  I bought several other sizes, too.",5,0.07499999999999998,4.223232323232323
Five Stars,great,5,0.8,4.8
"Hard to find locally, but nice price on AMAZON","A little harder to find this ""crown type"" staple in our local area but nice to find a reasonable price on AMAZON.

Would have a 5 star except for unusual need for this type staple in our electric staple gun",4,0.11342592592592592,3.757537878787879
Five Stars,They work great in my old Swingline staple gun,5,0.45,4.195223063973064
Five Stars,Arrived timely and as described.,5,0.0,3.87
"Countour Surface Sanding Sponge, Super Fine",I wouldn't be without these sanding sponges.  I use them when I need to clean my pots and pans and get a nice shine on them.  I also use them in various craft projects.  These are indispensible to anyone who likes to keep their items in nice condition.,5,0.3861111111111111,4.5035740740740735
"Perfect. Easy to hold, easy to use","I dug out my old HO train set for the kids to play with. The brass track were oxidized, and I did a little research on what was the best way to clean them off and get them shiny again. One website recommended these 3M sanding sponges so I got one. It's perfect. Cleaned those tracks up perfectly, they look like new and the train is running again. The sponge is soft and easy to hold. My girls helped clean the tracks and were taking turns doing it. All in all I'm very happy with this.",5,0.5130140692640693,4.410666666666667
Gotta love this stuff,Does what it says,4,0.5,3.9483333333333333
Better than sandpaper at the same price,"The tough screen works and is like abrasive window screening.  When it loads up just take it off and run it under the faucet to clean, put it back on and good to go.",5,0.1962962962962963,4.677407407407408
Five Stars,works great@!,5,1.0,4.84
Great for wall prep.,For use with my pole sander head.,5,0.8,3.9884623015873015
Wears out fast,wears out very fast if used on a lathe. Good for small hand sanding projects.,3,0.22749999999999998,3.394
but that was more like a swipe here and there across the surface,"While not as rough as the medium grit version (9090NA) this sanding screen is still not what I would call 'Fine'. Use this with a very light touch and make several passes though, and you can get a finished surface out of it with a little practice (I ""practiced"" on a ceiling joint that used to separate two rooms before moving on the more visible wall joints). I still followed up with a 320 grit sanding sponge to soften things out, but that was more like a swipe here and there across the surface. Use the sanding screen with a vacuum of some sort and you have virtually no dust at all.",4,0.2378703703703704,3.839888888888889
Five Stars,Does what it is supposed to do,5,0.0,4.279999999999999
Five Stars,"great product, arrived on time and good price.",5,0.75,4.645
Works as it should,Works as it should,5,0.0,4.08
Great product,Shipped quick and works great,5,0.6444444444444445,4.82
Five Stars,Excellent product,5,1.0,5.0
Cut For Refill for Sofn Feet Pedicure Tool,I purchased these to cut up and use as a replacement refills for my Sofn Feet pedicure tool. The tool actually comes with MEDIUM GRIT which also works well. It was just cheaper to buy and cut these than buy the actual refills the company and vendors offer.,5,0.0,4.3133333333333335
it sands,not much you can say i used them for cleaning my stove verses drywall frankly they work great for that so when you get done walls clean you oven and  grill and smoker  great scrubber,5,0.46666666666666673,4.558888888888889
works,works,5,0.0,4.08
Four Stars,Good,4,0.7,4.062
So much better than multi-purpose foil tape,"I originally purchased a multi-purpose foil tape at the local Home Depot and later found that it was only rated for up to 200 degrees Fahrenheit. I had applied it to a new 4-inch Type B (Double-wall) flue for a new water heater. Then I found this tape and ordered it.

As I was removing the multipurpose foil tape I noticed that it was made of a plastic & foil segments and thought I am so glad I got the 3M High Temperature tape as plastic can't be a good sign. I covered all the joints and am happy with the results.

This should be available in the local home supply store but it's not and I am increasingly relying on Amazon and the reviews to make these purchases. Thank-you Amazon.",5,0.2852097902097902,4.224051095270097
Recommend,Works as designed,5,0.0,4.14
Does not stick at 300 degrees.,"Tape is tape only as long as it sticks, using my precision digitally controlled hot air rework station and at 300 degrees (the lowest I tested it) it lost all adhesiveness.",1,0.05,2.295816840277778
Five Stars,Fine,5,0.4166666666666667,4.296666666666667
way to easy to tear as you use it,"No strength to the tape, way to easy to tear as you use it.",3,0.43333333333333335,3.3654166666666665
meh,"The metal will resist heat, the adhesive not so much.",3,0.2,2.8818888888888887
good,Decent quality,5,0.4333333333333333,4.681666666666667
A good product.,A good product.,4,0.7,4.02
Adhesive burns at woodstove temps,"Good for all around low temp use where you need foil tape. However for woodstove temps, the adhesive melts and burns. I used several good-sized strips along the steam of the stovepipe. The adhesive was left in a pool on top of the stove and burned brown. I ended up taking it all off.",2,0.24,2.439694444444444
Does its job.,"It is ok. It is basically a roll of foil with adhesive applied. Expensive as hell, but if you need it, you need it.",3,0.0,2.848
Five Stars,Good foil tape.  Great for dealing dryer vent tubing to keep in place.,5,0.75,4.659041958041958
Five Stars,For connecting stove pipe joints.  Worked,5,0.0,3.864590476190476
Four Stars,Took way too long to arrive but works great,4,0.375,4.3
Doesn't stick when exposed to low grade heating (less then ...,"Doesn't stick when exposed to low grade heating  (less then 100f). Wasn't  being used to hold anything  on, but whats the point if it peels up?",2,-0.08333333333333333,2.085
Doesn't make a very good seal,I should have done more research before using this with my pellet stove flue pipe. This tape didn't seal my flue pipe worth anything. The only good thing about it is that it comes off very easily without leaving residue after you realize its doesn't work. I used high temperature silicone sealant instead.,2,0.4476190476190477,2.2634
Seals great,"Works great, used on stove chimney to cover breaks in joints where screwed in areas didn't get a complete seal. It can get messy if you apply with heat or over silicone, but it has held for us very well.",5,0.34,3.91792380952381
Tough and heat resistant tape.,"Using this product to seal up connection joints on my furnace flue exhaust pipe.  So far, no leaks and no escaping exhaust gases.  I have used similar products in the past but this is more heavy duty and stronger.  Wish they had a 25 or 50 roll available.  Great product.",5,0.1201388888888889,3.8084
Works well,Used this to seal the edges of our fireplace stovepipe and chimney and it worked great! Does what it is supposed to do!,5,1.0,4.08
Not a good flue tape - leaks,"I used it on a pellet stove vent pipe and I had to seal over the edges of the tape with high temp silicon sealant after I found ash was blowing out around taped joints. Useless on flue pipe joints that never exceed 200F. High temperature flue tape? Not this one!
I did clean the pipe with acetone before taping the joints.",1,-0.02466666666666665,1.9535515873015874
Works great,Velcro sticky-back square strips.  What else do you want me to say?  They work well for what they were intended for.,5,0.8,4.175333333333334
It's velcro alright,"It's velcro, what more can I say",5,0.5,4.0088888888888885
Four Stars,As advertised.,4,0.0,3.44
Velcro brand works,"These are great.... sticky backed, so perfect for the ""press on"" project.  And Velcro brand - so they work.  They are a bit spendy this way.. but convenient.",4,0.9,3.6653333333333333
Five Stars,Superb.,5,1.0,4.0
Works well,I really like the Senco DS200-AC Duraspin driver using these screws.  They work well and make hanging drywall a one person job for a neophyte like myself.  I would purchase both again.,5,0.2,4.23
The next best thing to having someone do the work for you,"This may not be any faster than rocker with years of experience using a hand full of screws and a regular gun, but for anyone else, it's a heck of a lot easier.  True there a some areas that are hard to get into, like corners, but if you have a straight line you can really fly.",5,0.30104166666666665,3.8597222222222225
Five Stars,Works and fits just as expected!,5,-0.125,3.9400000000000004
Great products.,This was money saver!!!!  Great products.,5,0.9,4.498
Five Stars,Works great with senco drywall tool,5,0.8,4.2283333333333335
Great screws. I strip them off and use them,Great screws.  I strip them off and use them individually,5,0.5333333333333333,4.558333333333334
Five Stars,Work great in my Makita drywall drill.  Will definitely order more when these run out.,5,0.43333333333333335,4.773333333333333
Screws,These nail strips are simple to use.  Nice tool accessory.,5,0.3,4.226111111111111
Four Stars,Worked great! Thank you.,4,1.0,3.6399999999999997
Five Stars,these screws are great used almost the whole bucket in one flooring job.,5,0.5,4.616666666666667
good screws. great price,Great screws. Better than what the orange box sells,5,0.7,4.455666666666667
Five Stars,works as expected,5,-0.1,3.84
but they are great and cut the work in,"had never used these before, but they are great and cut the work in half",5,0.4777777777777778,4.543333333333333
Five Stars,After using a senco gun I will never use anything else for drywall ever again.,5,0.0,4.23
love the senco system,"I have the corded senco tool. The screws are a no brainer. The senco system is a must have is u do drywall. hardie bord or plywood/ osb.
Makes my job easier everyday",5,0.15,4.283333333333333
Four Stars,Worked great! Thank you.,4,1.0,3.6399999999999997
really slick setup,Used a battery power duraspin and the screws on a drywall project.  Man it went smooth with this gun.,5,0.07500000000000001,4.376666666666667
Excellent - tightened door frame - no more cold air leaks there,"Applied to door frame 'wood' at hinge side - metal doors and this did the trick - past few days - dropping to 45 out - staying 70 inside - w/o having done this, we  would have had to kick the heat on. Even leaving the paper intact works great.

Neighbor 'had' gap at sill - rather than apply to their door bottom/applied to 'outside edge' of [not top of sill] where the door bottom meets the sill -  does not affect opening / closing of either our doors or theirs.  Fantastic product -

Disappointed neighbor cat as she on inside waiting for 'many more' crickets to enter 'her domain'",5,0.075,4.031157557720058
Five Stars,for my project this was ideal.,5,0.9,4.341
sealed gap on door in travel trailer,the door in my travel trailer was not completely flush and I used this to snug it up and it was extremely easy,5,0.19166666666666668,4.007824224386725
Durable foam and quality adhesive.,Worked well for sealing our portable window AC in our house. The adhesive held up well through insanely hot Arizona summers for over a year until we moved. Would highly recommend.,5,0.20500000000000002,4.255638888888889
Four Stars,"little sticky, but works well",4,-0.1875,3.6399999999999997
Five Stars,Worked great for installing an air conditioner.,5,0.8,4.68
Good Quality,Works well. Good Quality.,5,0.7,4.734999999999999
Five Stars,did good job sealing window bottom's,5,0.7,4.24
Five Stars,Good for joint sealing and good price on amazon,5,0.7,4.58
Five Stars,easy to use,5,0.43333333333333335,4.417333333333334
Four Stars,saves me from stuffing old socks into my window ;),4,0.175,3.75837012987013
Five Stars,"so far so good, working well.",5,0.39999999999999997,4.397
Five Stars,Good stuff. Sealed that baby up.,5,0.7,4.54
Five Stars,It does the job.,5,0.0,4.16
Five Stars,Excellent.,5,1.0,5.0
Three Stars,flimsy,3,0.0,2.94
Five Stars,nice,5,0.6,4.672
As expected! Great,"Sticky on one side, not sticky on the other. Good stuff if you need to seal a portable A/C somewhere in the house.  Not only keeping the hot, humid Houston air out of my room; it's also keeping the creepy crawlers out!  Glad I bought this stuff with my recent portable A/C unit. My room is comfortable around the clock now.",5,0.1775,4.392733382936508
Works for insulating windows.,Worked for insulating my windows. Could be slightly wider.,4,-0.16666666666666666,3.7037272727272725
Five Stars,Gotta have it.,5,0.0,4.0
Good Product,On time and as advertised,4,0.7,3.62
Two Stars,"annoying to work with, hard to mold around the ac",2,-0.5458333333333334,2.54
thick and adheres well,sticks well and thicker than the one that came with the a/c unit i got...well worth getting,4,-2.7755575615628914e-17,3.7733333333333334
Five Stars,Works like a charm. Have used this type of foam for years.,5,0.0,4.2840740740740735
Five Stars,Just right to seal our portable air conditioner exhaust vent at the window.,5,0.2857142857142857,4.097563131313131
Five Stars,Great purchase,5,0.8,4.733333333333333
Four Stars,I used this stuff and it worked great. It sealed around the window very well,4,0.5,4.32
Four Stars,Good to prevent some chilly air coming in.,4,0.04999999999999999,4.102
This stuck and held up better than I expected,This stuck and held up better than I expected. It is important to clean the surface it needs to stick to with something like alcohol. It is good stuff. Better than the c**p you get at the building megastore.,5,0.3458333333333333,3.995
Nice,Soft dense foam that works great in windows,5,0.5,4.2180740740740745
Works great,M-D a Quality company - the narrow foam works great when sealing gaps btwn storm door glass and where it's framed in - also tucking in just smaller areas at threshold and base of door frames works great - have used for years and when changing out [or moving] rubbing alcohol removes w/o harming any wood finishes.,5,0.23333333333333336,4.398831168831169
Fat squishy self-adhesive tape,"I like this stuff to seal gaps around a window air conditioner. It's big and fat, squishes down to form a good seal, has adhesive on one side -- ideal, good value. Buy several rolls!
---
I guess I ought to admit that this stuff has VERY LITTLE adhesive -- you'll want to pin it between an AC unit and your window. Not sticky at all.",5,0.27152777777777776,4.0344004329004335
quality foam tape,We use this to seal our window around the air conditioner unit each season.  I also used this to make a new seal on the roof pod for our car.  Easy to install and it seems to work fine.,5,0.3287878787878788,4.067559523809524
in fact its much better than expected,"The only thing I was worried about when I bought this product was whether or not the back side would be sticky enough for what I needed it for. It definitely proved to be very sticky, in fact its much better than expected. 5 stars!",5,0.10833333333333334,3.935
As Required!,Good seal.,5,0.7,4.457493686868688
Quality foam insulation!,"Used to replace deteriorated/crumbling factory ventilation seals on my Land Rover.  Low density and very flexible/soft.  Backing had fiberglass reinforcement, which was very helpful.  Great replacement to renew old, original seals and get rid of dust/bits flying out of A/C vents.",5,0.27916666666666673,4.086333333333333
does the job well!,"Very thick, very good quality, good stickyness. Winter now. I used it to seal the space between the bottom of drywall & concrete floor... until i put down new flooring/moulding come Spring. Works great!",5,0.33582972582972576,4.648923076923077
Can't go wrong with this high-grade foam,"The one thing they don't make perfectly clear: the foam has a sticky side, and is 1/2 inch *high*, and 3/4 inch *wide*.  Of course, the fine print in the item description oddly says that it's 1/4 inch high -- ignore that ignorance.",5,0.010000000000000009,4.425333333333334
Perfect for when you mess up a home project.,"I added this to a wooden table-top extension after I failed to notice that the board had warped, leaving both ends raised compared to the middle, so it wobbled all over the place.  A bit of a hodge-podge, but it works nicely enough, and actually protects the desk-top below from the harsher contact.  Simple to apply, and does exactly what I needed.",5,0.06388888888888888,4.168888888888889
Works great!,"I bought this to seal off my car's trunk speakers to the hood (6x9"")!

It works great like this!
It's a little too wide though, but it's pretty easy to cut in half with a scissors. Then the width is about right!

It's not a lot you get, but the price is right. Just about long enough to seal off 2 cars with 4 to 6 car speakers each.

The remaining can easily be used for other purposes, like sealing or use it as dampers for doors or closets.",5,0.2407967032967033,4.4870274170274165
Blocks drafts from around doors,"This works just as described.  It is self adhesive and applies easily onto whatever door frame you are using.  I did a door in probably 5 minutes and that included opening the door, opening the product and making sure I was applying it correctly.  I used to be able to feel a breeze through our door frame, but now it is gone!  It works!!",5,0.6366319444444445,3.918831168831169
Compresses super far so shutting the door wasn't difficult at all,Used this to seal my apartment's front door and windows. Compresses super far so shutting the door wasn't difficult at all. Works great. =),5,0.14583333333333334,4.031157557720058
Four Stars,soso,4,0.0,3.5
One Star,doesn't stick very well,1,0.2,1.3897916666666665
Five Stars,good stuff nothing bad to say,5,5.551115123125783e-17,4.605
Five Stars,as described,5,0.0,3.8200000000000003
Just good.,Not long lasting. Just good.,4,0.35624999999999996,3.862
... the tape around the interior of door was in terrible shape. Purchased this tape and it is exactly ...,"Have a curb side mail box which is now over 10 years old and the tape around the interior of door was in terrible shape.  Purchased this tape and it is exactly the size you need when replacing it.  Super easy to use--just measure how much ya need and cut it. Remove the backing and apply.  This is perfect for ease of use and not so thick you have trouble closing the door after applying the new tape.
I would get this again and recommend to anyone .",5,0.016919191919191914,4.133342137896825
Four Stars,Good quality sound insulation - easy to install.,4,0.5111111111111112,4.1883333333333335
for everyone who uses window air conditioners!,yeah I put the stuff under and around my window when I install the window AC unit each summer.  It fills the gaps created by inconsistencies in my old 1948 windows without exception!,5,0.012499999999999997,4.145175685425685
Keeps out the drafty,"Our garage door leaked, had an air draft, no more after using this with a floor/door foam Twin Door Draft Dodger Guard Stopper",5,-0.25,4.081157557720058
stick needs to be better,"Product was ok but I put it around the gaps in a door but the opening and closing rubbing of the door finally won out and the foam tap started to fall and I had to remove it.  I will be re-shimming the door, the project I was trying to avoid",3,0.3333333333333333,3.099490891053391
Seals well,"This works well when sealing an indoor door or using it as a barrier to prevent rattling etc. since it does not hamper the closing of the door but seals it from insects, air escape etc. well.",5,0.0,4.148657557720058
foam tape,"I would reccomend this foam tape to anybody who needs to seal out cold air thier home, buy some now.",5,-0.6,4.3904983164983165
Suck it!,"Well, Shop-Vac is the kind. yup and brand name that is actually a thing. This is a great vacumn. Hang on the wall in your garage and use it for everything. Really cleans the car well. Don't always go to the car wash, have this thing. Suck up water, dirt, food, you name it. Works really awesome! Clean the garage floor, hell, vacuum the damn lawn.",4,0.42261904761904756,3.53432995951417
Just what I wanted,"I wanted a smaller vacuum that hung on the wall out of the way. This unit is exactly what I was looking for. It has great suction and the smaller diameter hose makes it very easy to drag in and around a car. The attachments work great.

If you need a small vacuum to clean out your cars, this is the ticket. I have a full size vacuum to clean up around the shop. Just because the name of this vacuum is ""Shop-Vac"" it surely does not imply this is a vacuum for a wood or machine shop. For that you need a larger hose and something more powerful.

Other reviews say this is to small for their shop or can't pick up chips or dibres. Well.... you can paint a house with a sash brush. It just takes a very long time. Same with this vac. You can't expect this to service a shop. Well, you can, if you accept the limitation of size. For what it's intended for, it works great.

Bravo Shop-Vac. A great product. Thank you.",5,0.21403846153846157,3.535017637576848
Small and compact - good but not perfect.,"I like the small size and simple design of this unit. It also has enough power for most things. Biggest problem is the small hose. It gets clogged VERY easy, and is difficult to clear. My Dad has a craftsman version which has a hose that is one size larger and he does not have these issues.

If your primary purpose is cleaning your car or occasionally sucking up some dirt this is a great unit. I would not recommend this for a workshop where you are trying to pick up lots of sawdust or other particulate that clogs easily.",3,0.0953921568627451,3.087823324823325
Noisy,I got this as a Christmas gift for my workshop.  I like that it stores up and out of the way but it is noisy.  I had to contact Shop Vac because the hose also made an extrememly loud whistling sound when operating.  They said it was a common problem and sent me a new hose.  With the new hose the whistling has stopped.  I mainly vacuum saw dust and dirt as it won't suck anything substatial in size all the way through the hose. For small clean up it is fine but that's about it.,3,0.11085858585858586,3.2866494708994707
Good except for two things.,"This unit is good.  It would be great if 1) the hose never clogged and 2) adapters for mating the 1"" hose to 1-1/4"" and other sizes were readily available.  Those cut to size adapters don't work - wasted $10 on one.",4,0.37916666666666665,3.3813400956342132
Not very powerful.  Loud and clogs often.,"I got this vacuum for free as a throw in for buying a saw.  I'm real disappointed.  This vacuum in meant to be hung on a wall, if you don't it tips very easily.  Operation wise it is reasonably powerful, but very loud.  The most frustrating thing about this vacuum is the small diameter of the hose, which caused it to clog very easily.  Definitely not a 'shop' vac.  Best use that I can find is to vacuum the sawdust off my tools, everything else use a full size shopvac.

Update:  can't stand it anymore...gave it away.  Don't waste your money.",1,0.10761133603238866,1.985711344211344
Decent mouthwash but pricier than similar ones that do the same.,"This is a review of the Rembrandt Deeply White Whitening Mouthwash with Fluoride Fresh Mint, 16 Ounce. There seems to be a few different products under this listing. This mouthwash is designed to freshen breath but also to whiten teeth by removing surface stains. You use it after brushing your teeth and let it foam up in your mouth. You shouldn't drink or eat anything for 30 minutes after you use it to let the peroxide, which is the main whitening ingredient, do its thing.

This mouthwash can burn if you have cold sores, small scrapes or cuts, or any sort of invitation in your mouth or on your gums. That is due to the peroxide and is normal but not very pleasant. My teeth feel foamy and clean when I use this but I don't see a ton of whitening. It takes 12 weeks of using it twice a day for results according to he packaging. I do think it helps with stains but it's pricier than very similar mouthwashes. I bought some Listerine after brushing whitening mouthwash at the dollar store and it has just about the exact same ingredients and works better. I generally love Rembrandt's products and this mouth wash IS decent but I feel I get too little results for too many dollars. Still, if you are  Rembrandt loyalist, this is a good mouthwash to use after brushing to help your teeth to stay white  or get a bit whiter.",3,0.08842147435897436,2.7293898809523807
Five Stars,Great,5,0.8,4.8
Very powerful. Works well if you mix with other brands of mouthwash.,"Very expensive, but you can make these go a long, long way by mixing them with some other less powerful rinse. If you have never used this full strength as it comes out of the bottle, get ready. It's a real mouthful! VERY strong. Better tasting then Listerine, but just as or more powerful. Too powerful for me. I mix it with Plax (1/3 Rembrandt to 2/3rd Plax) and it's just right and really cleans up the breath.",5,0.16513227513227513,3.805200838635049
this is the greatest product ever,"this is the greatest product ever. its a little expensive compared to other similar products but the results are amazing. I have ordered it twice now, will continue to use because this really does whiten teeth.",5,0.2484375,4.008856913919414
Favorite whitening mouthwash,"I've tried a few whitening mouthwashes, all of them alcohol-free, and this Rembrandt is my favorite.  I've been using it for a month, twice a day, and it makes my teeth glow (added bonus is the fluoride! so don't eat or drink for 30 minutes after using this).  I drink 4 cups of tea a day but I have orthodontic braces and therefore can't use whitening strips, so the whitening mouthwash is the way to go for me.  I don't think this stuff burns - only if I've recently burned my tongue on hot food, *then* this mouthwash kinda irritates the burned tongue.  And it's the most pleasant tasting whitening mouthwash I've used (Optic White was the worst!).  It foams up a LOT but that's the nature of the whitening mouthwash, they all do that.

I'm happy with it, and I'll keep buying it.  It's currently $5 here on Amazon and I don't mind at all that it's an ""add-on item"" because this mouthwash is $7.50 in my local drugstore.  Nice bit of savings here.",5,0.20059523809523808,3.737267628205128
Awful taste but it does whiten,"If you are used to mint-flavored toothpaste, this stuff will taste sour in comparison.  But you do get used to the taste and after a few weeks you do see a slight change in teeth color.  For a cheaper alternative, rinse mouth with peroxide like my dental hygienist daughter does.  Her teeth glimmer like pearls.

Active ingredient: sodium monofluoride.
Inactive ingredients:  glycerin,  hydrated silica, urea peroxide, aluminum hydroxide, modified food starch, silica, sodium citrate, propylene glycol, cocamidopropyl betaine, papain, sodium lauryl sulfate, carbomer, sodium saccharin, calcium disodium EDTA.

People who complain about there being ""premium air"" in the tubes need to realize that the ""Net weight 2.6 ounces"" on the tubes is for the weight of the actual paste.  Yes, this is expensive toothpaste but with long-term results you will see some whitening.",3,-0.26875,2.7587051282051283
An expensive toothpaste that doesn't whiten teeth and mediocre in cleaning them as well,"My wife and I tried this after using another brand of whitening strips. To our dismay, it didn't whiten our teeth, it also has some mediocre performance cleaning them. At least with regular toothpastes, they clean at the same time freshen our breath as well. Waste of money. Like what the other reviewers state, their claim of false packaging may have some merit as the tube contains way less of toothpaste than what is stated. I suggest you stay away or try other brands...or better yet just go to your dentist if you really like to whiten your teeth.",1,-0.12499999999999999,1.8569342948717948
"Good, uncertain how to rate","The nails and carrier are of expected good quality. I do have a problem where consistently the last 3 nails in the carrier cause a nail gun jam. I am not sure if it is the fault of the nail gun or the nails. I am a new user of a framing nailer and have been through a box of these nails and every last strip fired great except for the last 3 nails on each strip. Being a new user this is my first framing nailer and first time using these nails. Love 'em until the last three :) but no idea if my issue is nail supply or nail gun related. I suppose I will try different nails next time to see if the same thing occurs and if so, then the nail gun is the issue.",4,0.19363636363636363,3.607083333333333
Four Stars,They nailed it,4,0.0,3.5
Five Stars,works fine,5,0.4166666666666667,4.296666666666667
Great nails,I have bought nails at the big box store and the plastic strips ALWAYS are poor quality and I get misfeeds.  These have never caused a problem.......about 5 boxes through my Hitachi so far a NO issues.......,5,0.125,4.23
B&C Eagle A312X131HD/22 Full Round Head 3-1/2-Inch Hot Dip Galvanized Framing Nails (500 per box),"These B&C Eagle framing nails seem decently made and worked fine with my Porter Cable FR350 framing nailer. I didn't have any problems with jams or with them getting hung up in the nail chute. These 3-1/2"" nails are full round head, hot dipped galvanized and worked well for several small exterior projects with pressure treated lumber without issue.",5,0.11333333333333336,4.133071188071188
These work in my gun,"I bought these for use in my Milwaukee air gun, worked perfectly. Will buy more when I need them for another project.",5,0.75,4.383733333333334
"Decent nails, affordable","They worked great, not much more to say.  Good price on product and shipping.",4,0.35416666666666663,3.9433333333333334
The only problem was I need a lot more than ...,The only problem was I need a lot more than I thought.  So look for the bigger box for cheaper.,5,0.2,4.192857142857143
"They are good, but not great.","I got these to run through my Hitachi NR90AE and they work well enough. I ran into feed problems every so often and I probably would not have noticed it if I had not also had to go buy more of these, but a different brand, from my local hardware store. They were GripRite and once I started to run those, I did not have a single misfire and all of the grip rite nails drove in to the proper depth. It was like they were lubricated and the B&C were not, though neither actually is. Anyhow, I could have easily gone through the entire project and been happy with these nails if it was the only ones I had. Price wise, I think the big box store was as good on price if not better and came in a larger quantity. So I probably would not buy these again if/when I have to. My recommendation would be to shop around.",4,0.15325814536340854,3.5725555555555557
Five Stars,Work and shoot fine.,5,0.4166666666666667,4.296666666666667
Four Stars,"good product, but pricey.",4,0.7,4.0
Five Stars,I sided my front porch with these and found that worked as well as the guns brand.,5,0.0,4.68
Five Stars,Great product,5,0.8,4.8
Do not like the mess left by the plastic retainer,Do not like the mess left by the plastic retainer.  Prefer the wire break away retainers that I have used in the past better,3,-0.016666666666666663,2.7666666666666666
Great product,I have bought nails at the big box store and the plastic strips ALWAYS are poor quality and I get misfeeds.  These have never caused a problem.......about 5 boxes through my Hitachi so far a NO issues.......,5,0.125,3.9000000000000004
Nails,Needed these for a project on the farm. Worked perfectly in my Milwaukee gun. Will buy more when I use these up.,5,0.75,4.51125
Great Air Tool Nail for treated Lumber,"If you are working with treated lumber, these nails are the best. They worked flawlessly in my Porter Cable framing gun when we just replaced roofing trusses and cross bracing and are worth the extra dollars if the wood is exposed, or could be exposed to any elements. Will definitely buy more just to keep on hand.",5,0.44999999999999996,3.9779415584415583
Four Stars,"Nice product, but a bit pricey.",4,0.6,3.8725
Excellent nails,"I haven't had a single misfeed using an entire box, the galvanization is nice an uniform and certainly doesn't cover the grip rings. These things hold like crazy. I tried to pull some out, claw hammer wouldn't budge it. Ended up having to use a 3 ft crowbar to get one out. I'm now using these as my standard nail (and ordering more).",5,0.20535714285714285,4.122338383838384
Cheap Imports,"I bought these nails because I didn't need that many 3"" ring shank for my Hitachi NR90 nailer. Very few carry over 2 3/8"" in a ring shank, and those that do charge about $30 or more to ship. So 500 nails for $30 with free shipping was worth a try.
The nails look like someone made them by hand. The coating is very thick and not uniform; so the ""ring"" portion is a hit or miss affair, leaving some nails looking as though they had virtually no rings at all. Some of the nails were also slightly bent; not an issue when using a hammer, but hopefully it won't jam my nailer.
I test shot a strip, shooting a short piece of Timberstrand dimensional lumber into another piece of Timberstrand (I rarely use pine 2 by's). Nailing into Timberstrand requires more nailer power which my NR90 had no problem with.
On the plus side, the nailer worked fine and the board was extremely difficult to dislodge from the other board using three of these nails; so I think they'll work for my purposes.
For a comparision between these nails and my Hitachi ring shank nails; see the above photo.",2,0.12499999999999997,2.529727272727273
Four Stars,"Good product (just what I needed), but a bit pricey.",4,0.7,3.7112499999999997
great quality,I have bought nails at the big box store and the plastic strips ALWAYS are poor quality and I get misfeeds.  These have never caused a problem.......about 5 boxes through my Hitachi so far a NO issues.......,5,0.125,3.9000000000000004
B&C Eagle A238X113HDR/22 Round Head 2-3/8-Inch Hot Dip Galvanized Framing Nails,"These B&C Eagle 2-3/8-Inch nails are decently made and worked perfectly with my porter cable FR350 framing nailer. I didn't have any issues with jams or hang ups in the nail chute. The nails are full round head and hot dipped galvanized and worked fine for a couple small outdoor projects I had. I didn't need a lot of this size nail, so the 500-count box was just the right amount for my needs.",5,0.20690476190476187,4.085606902356902
Great if you need 2. Buy the $199 4 pack if you need 4.,"A great deal on a great product. Fastcap makes some great products for us contractors. If you only need 2, then this is the way to go. If you need 4 then buy the $199 deal and get the extra feet and case.",5,0.5333333333333333,4.592083333333333
Helpful,Helped me hang my kitchen cabinets on my own. Easy to adjust for leveling and really made the job easy on me.,5,0.41666666666666663,4.29
Truly Act as 3rd Hands,"Great product. These allowed me to install 12' long crown molding by myself on 10' tall ceilings. I made a couple of different shop-made  attachments for them to make them more useful. FYI, the end of the rod is metric tapped. See photos. Thanks FastCap, could not have done it without you!",5,0.2571428571428572,4.5793333333333335
Great for repairing Ceiling Drywall,"If you need this, it's a unique tool that will relieve the need of a 2nd person.",5,0.39166666666666666,4.473333333333334
Five Stars,"Perfect, Thanks",5,0.6,4.455
Five Stars,Worthwhile investment if your doing remodel etc.,5,0.5,4.1
Five Stars,Replaces at least two people.,5,-0.3,4.26
Useful where you don't have a flunky to assist.,I purchased a pair of these to allow me to install a grid of Unistrut type metal channels on the roof of my workshop by myself.  Turns out I only needed but one for that task.  I would lean the 3rd Hand against a ladder and then climb the ladder with the strut in one hand.  I would place the center of the strut where it needed to be and hold it in place with one hand and then grab the 3rd Hand with the other and place it under the strut and then squeeze the lever to clamp it against the strut to hold it in place against the ceiling.  I could then start installing fasteners to attach the strut to the ceiling.  I also purchased the 3rd Hand laser attachment clamp and have projects where that combination will also come in very handy.  The supports were easy to adjust and operate and were sufficiently sturdy to apply sufficient clamping force to hold steel struts in place against a ceiling. I never felt my head bone was in jeopardy as I proceeded with work on the ten foot long steel channels clamped against the ceiling.,4,0.11257575757575757,4.017666666666667
"Trithfully, you need to buy these.","The first set I received had a damaged plastic guide collar, returned for a replacement. That was a  incredibly fast process.
These are remarkably high quality, functional, and adaptable to nearly any job.
Here's a tip that worked for me, I cut the inside adjustable tube off just short of the last index hole so that I could use it to hang wall cabinets. But then again, the 12' feature wasn't so important that 11' 6"" wouldn't be sufficient.",5,0.15857142857142856,4.144871794871795
Good standards.,We bought these cause the ceiling was coming down in my front room. We only had to use one and one is enough to do the job. Easy to use. Not heavy.,5,0.1796296296296296,4.5
Multi-functional,Purchased these when we did our own cabinet installation.  Very heavy and we had to replace a slat in our newly installed floor when I knocked one of these over by accident.  That was a few years ago and we've since managed to find multiple uses for these both indoors and out.,5,0.055272727272727265,4.070188492063492
"These guys do a great job when you need them, but are a little bit heavy.","I have used these to clean off aluminum patio covers that couldn't have been done without them. I used 7/16"" mah plywood on top and bottom and the worker was able to clean my cover and paint my house. The alum cover would not have supported a worker up there without something like this",5,0.30654761904761907,4.304222222222222
"3rd, 4th, 5th, and 6th hand",Great product. Easy to use. Each rod supports 150lbs up to 12 foot. Makes a fast dust barrier when used with plastic sheeting. Held cabinets up like a champ while they were being installed. All around great product for a lone DIY er.,5,0.44666666666666666,4.651428571428571
Helper Poles,I had four bedrooms to install crown molding by myself.  Worked Great!,5,1.0,4.66884126984127
3Hands Support system,These support jacks are a great help to hold boards and sheeting to the ceiling while fastening.,5,0.8,4.134054834054834
Great for crown molding,"I just used a pair to install crown molding.  Now, I'm wondering how I would have done the job without these handy helpers.  Very impressive!  I'm not concerned about the strenght of these supports for crown molding.  Still, I would not put much load on them fully extended - maybe 10 pounds.  Fully retracted, they are quite strong.  There were no instructions, cautions, or specifications packed in the shipping box.  I thought this to be very odd as manufacturers are pretty cautious about misuse of their products.

You can easily extend the supports to the proper length as you would with a pipe clamp and then chinch it tight with the hand hand grip.  The grip and ball joints at the top and bottom are made of plastic and would appear to be easy to break.  If it does, the support becomes useless.  This concern is why I rated it with 4 stars.  However, I've dropped mine on hard tile twice now and have not broken anything yet.",4,0.24420634920634923,3.866495238095238
Timely orders,"I just received my 3rdhand contractor pack that I had ordered on 05/17/04. It arrived on 07/17/04.after I cancelled my order through Amazon.com and reordered directly from TOOL CRIB using there 800-635-5140 number it only took 4 days to receive the order. I suggest that if you want a tool from Amazon.com, you order it direct from Tool Crib.",5,0.06666666666666667,4.172673611111112
NEVER USE A TUBE AGAIN,This is the greatest toothpaste delivery system. It used to be available at Sams and Costco but both stopped carrying it. None of the refills from Amazon have the dispenser unit included so I was lucky to find 3 left over from past usage. Amazon should include the dispenser. Now I have to take care of my dispensers and run them through the dishwasher occasionaly.,5,0.29666666666666663,3.6454529282977557
Needed this very much,terrific product leaves my tooth polished and whiter. must use with teeth paste and avoid getting the product wet. over all its very nice and it certainly works,5,0.2235714285714286,4.508333333333333
Whitening System,teeth are at least 5 times whiter. nice price for a good product. will purchase again!,5,0.39166666666666666,4.63
"Why, why, why to companies discontinue products that I like?????",Received very quickly.  Probably will be the last time I get these as I won't spend so much on toothpaste but I just love the standup tube.,5,0.2833333333333333,3.787318181818182
Five Stars,A+,5,0.0,4.0
Better than the cheap ones,"I was a bit skeptical about these as they cost around 3x as much as the cheap ones available on Amazon.

They do seem to hold up better/longer and the texture is nice. I think they're worth it.",5,0.2875,4.326120268620269
Great Toothpaste,"Tom's of Maine Toothpaste

Tom's is a small company, employing fewer than two hundred people.  It was founded in 1970 and then purchased by Colgate in 2006.  Fortunately, Colgate has left Tom's alone to manage their business according to their original principles.

Tom's makes natural products.  The toothpaste contains no sugar, sweeteners, or artificial flavoring.  By contrast, I looked at a tube of Colgate toothpaste that I have on the shelf.  It contains ""flavor,"" whatever that is, ""saccharine,"" and ""propylene glycol.""  The last ingredient is a less-toxic form of anti-freeze.  One advantage of Tom's toothpaste is that we do not have to worry about ingesting poisons when we use it.

I have been using Tom's for years.  The toothpaste comes in many flavors.  On Amazon, you can find&nbsp;<a data-hook=""product-link-linked"" class=""a-link-normal"" href=""/Peppermint/dp/B001EJOQAG/ref=cm_cr_arp_d_rvw_txt?ie=UTF8"">Peppermint</a>,<a data-hook=""product-link-linked"" class=""a-link-normal"" href=""/Spearmint/dp/B001EJOPJS/ref=cm_cr_arp_d_rvw_txt?ie=UTF8"">Spearmint</a>,<a data-hook=""product-link-linked"" class=""a-link-normal"" href=""/Fennel/dp/B0000532QH/ref=cm_cr_arp_d_rvw_txt?ie=UTF8"">Fennel</a>,<a data-hook=""product-link-linked"" class=""a-link-normal"" href=""/Orange-Mango/dp/B001EJOQGK/ref=cm_cr_arp_d_rvw_txt?ie=UTF8"">Orange-Mango</a>,<a data-hook=""product-link-linked"" class=""a-link-normal"" href=""/Cinnamint/dp/B001EJOPUC/ref=cm_cr_arp_d_rvw_txt?ie=UTF8"">Cinnamint</a>,<a data-hook=""product-link-linked"" class=""a-link-normal"" href=""/Wintermint/dp/B000MANVT0/ref=cm_cr_arp_d_rvw_txt?ie=UTF8"">Wintermint</a>,<a data-hook=""product-link-linked"" class=""a-link-normal"" href=""/Apricot/dp/B001EJOR14/ref=cm_cr_arp_d_rvw_txt?ie=UTF8"">Apricot</a>,<a data-hook=""product-link-linked"" class=""a-link-normal"" href=""/Soothing-Mint/dp/B002K8QUBS/ref=cm_cr_arp_d_rvw_txt?ie=UTF8"">Soothing Mint</a>,<a data-hook=""product-link-linked"" class=""a-link-normal"" href=""/True-Mint/dp/B002K8QUD6/ref=cm_cr_arp_d_rvw_txt?ie=UTF8"">True Mint</a>, and&nbsp;<a data-hook=""product-link-linked"" class=""a-link-normal"" href=""/Gingermint/dp/B0000532QK/ref=cm_cr_arp_d_rvw_txt?ie=UTF8"">Gingermint</a>, among others.  I prefer the Peppermint flavor, which is refreshing, but not overwhelming.  The toothpaste is available in sizes from 1 ounce to 6 ounces.

I do not exactly live in a wilderness area, but my local stores no longer carry Tom's.  Fortunately, it can be found on Amazon and other web sites.  The prices do vary from vendor to vendor, so check for the best price.",5,0.18716577540106955,3.8443399617029024
Large enough tank to finish an entire room without the need to refill,"This was easy to put together, and it was easy to fill with hot water and the enclosed cleaning solution.  It sucks up the water thoroughly (not leaving it soggy wet) and it cleaned the carpets really well.  It only has the one tank where you mix the hot water and the cleaning solution together, but the tank is large enough to finish an entire room (where we previously have had to refill once or twice to finish our living room).  The brushes seem to work really well and you could see where you had run the machine over the carpet, and where you had not.  This helped make the carpet feel softer after the entire process was done.  We vacuum the carpet, run the shampoo over the carpet with the cleaning solution, and then using a tank of just hot water, run the machine one more time, let the carpet dry and then vacuum.  It looks great when it's done, and since it sucks up the water really well it dries quicker than other machines we have used.  The cord did not get hot during use.  It is a simple, sturdy carpet cleaner with no bells or whistles, but does exactly as advertised.",4,0.11621510673234814,3.6816792037573287
Excellent heavy-duty carpet clenaer,"We have used several carpet cleaner and this is among the best of them.  It is built in a noticably more ""heavy duty"" fashion than others, the plastic is thicker, the cord is heavy duty, and overall less ""rattle"" to it.  The performance is excellent, it really cleans and does it quickly.  The ease of filling and emptying the resevours is excellent as well.

As with all carpet cleaners, it is loud, louder than a vacuum cleaner.  That said, it is not the worst I have tried, but its definately not something you want to use while someone is trying to nap somewhere in the house.",5,0.23722222222222217,4.137380952380952
Nice carpet vacuum with great cleaning power,"I have been using the Hoover SteamVac carpet cleaner for many years for cleaning my carpets at home. I like the Hoover SteamVac lines of products as they are easy to use, reliable, and do a nice cleaning job over the years. The dispensing of cleaning solution is consistent with good suction power for lifting up the dirt. The rotary brushes can be easily detached for cleaning.

The Hoover Commercial C3820 Spotter and Carpet cleaner has similar solid construction as my existing Steamvac with a 2-year warranty as compared to the 1 year guarantee for my non-commercial version. It comes with a 3-prone plug with heavy duty cords and provides a solid performance for heavy duty cleaning. The only thing area might not be as ideal is that this product does not include the hand tools as I have got for the other non-commercial model.",4,0.2601851851851852,3.5993306565470826
does a great job,"I just spent four continous hours cleaning my household carpets and I think this carpet cleaner has earned a top review!

Although markted as ""commercial"", I'd probably categorize it as ""light duty commercial/heavy duty hosuehold"".  Despite running for four hours with the only breaks being to empty and refill it, this machine did not overheat or act up at all.  The cord is a thing of beauty.  It's so long, I did my entire upstairs (three bedrooms and a large family room and I never had to move the plug.

The capacity is impressive though you'll still be emptying it about every 5 minutes.  I timed it.  You can could probably only handle a little bit more capacity before you'd find it a burdent to lift the tank around for emptying.  Commercial cleaners at the grocery store probably hold twice as much water but they are setup like buckets and have handles that make them easier to carry.

The five-brush system reaches almost edge to edge and the brushes are packed together closely so there are no uncoveed areas.  They push hard into the carpet and manage to do a great job of shaking the dirt free.  The brushes can spin at three different speeds.  I did all of my cleaning on the highest setting.

This unit is a bit too big to use on stairs.  If you're very strong (and desperate), you can probably do an OK job.  But overall, you're better of assuming this is just for large, flat areas of carpet.

If they could improve on one thing, it would be to make the reclaim tank about 20% larger.  As-is, you'll fill up the reclaim before you're out of water every single time.  That gets you out of sync because sometimes you'll empty it and not add more water.  I have yet to find a machine that doesn't have this minor problem so I'm not inclined to complain too loudly.

I've used the cheaper, $100-$150 steamers in the past and this definitely beats the socks off of them.  The scrubbing is better and the brush head is much wider (which means fewer passes).  If you're tempted by the cheaper ones and have more than a couple of rooms worth of carpet, I'd rethink and go with something like this.  Overall, I'm very happy and I love how clean my carpet is now!",5,0.20340097402597407,3.9130902785680473
Leaves carpets clean and just slightly damp,"I own several home carpet/rug cleaners and before that, I'd rented a Rug Doctor on occasion. This unit by Hoover is designated ""commercial"" and based on my experience with other cleaners, I feel it really is close to commercial quality.

It arrives almost completely assembled. All you have to do is attach the handle using a Philips head screwdriver.

You will notice the orange, commercial rated power cord right away. It has a 3-prong plug and measures a very generous 35' long. There are two, big reservoirs - one for clean water (with or without cleaning solution) and one for dirty water. These are one gallon tanks, which I really appreciate. I can clean much longer without having to empty and refill.

The clean water tank has a twist on/off cap that also doubles as a cleaning solution measuring cup. It's designed to be easy to fill under the kitchen faucet.

The dirty water tank is what I'm most impressed with. The removable lid covers the entire top of the reservoir. That means when I remove the lid to empty and clean the tank, I can easily clean every area under the kitchen faucet. Believe me, the water is waaaay dirtier than one would ever expect and the tank can get very gunky. Being able to run water directly over every part of the tank makes this chore much, much faster. This is a big deal because most rug cleaners are not designed to be easy to clean and thus maintain. Hoover put a lot of thought into this machine with regard to ease of use and maintenance.

This is a simple, no frills machine. There are no attachments, although the owner's manual makes mention of an optional upholstery tool. (I have scoured Hoover's website and the internet but can find no upholstery attachment that is indicated for this machine so far.) This machine is designed to clean rugs and carpets quickly and thoroughly. There are 3 brush settings for spot cleaning, gentle cleaning and regular cleaning.

To use the machine, remove the clean water tank (the top one), fill with hot water from the tap (as hot as possible gives the best results), add appropriate amount of the included cleaning solution (if desired), snap the clean water tank in place, set the desired brush speed, plug the power cord in and turn the machine on by pressing the power button with your foot on the left side near the bottom of the machine. A button on the right hand side releases the handle from the upright position to begin cleaning.

This machine definitely does heat the clean water, BTW. Hot water and cleaning solution are better for getting dirt and stains out of carpet and for helping your carpet fibers spring up again like when they were new. I start with the hottest water I can get out of my faucet and then the machine heats it even further. I believe you get the most thorough cleaning this way.

Make sure you vacuum the carpets and rugs you wish to clean before hand. This cuts down on the hair and fiber that you will have to clean out of the brushes and the dirty water tank. To begin, depress the trigger in the handle while walking slowly forward. This releases hot cleaning solution onto the carpet. Now release the trigger and walk slowly backward. The machine will then suck up the dirty water from the carpet. You can clearly see the dirty water being vacuumed up on the top of the dirty water tank. I then walk back and forth over the same area again to make sure I suck up as much fluid as possible, which speeds drying time. Move over and repeat, slightly overlapping the area you just cleaned, until the entire carpet/rug is clean.

For areas with stains or that are extra dirty from traffic, you can repeat the cleaning solution pass a couple of times.

As others have mentioned, when you are done and your carpets look very clean, it pays to take the extra time to go over the entire carpet again with plain hot water - no cleaning solution added. Believe it or not, the cleaning solution leaves a very slight residue that actually attracts dirt. Your carpets will stay clean much longer of you perform the clean water rinse. I've done it both ways and I can attest that the clean water rinse is definitely worth it in the long run.

Note that if your machine won't power on, it's likely that one or both of your tanks aren't seated perfectly. Re-seat them and try again. Also, you must lay the handle completely back to remove or replace the dirty water tank. There are two silver levers on either side of the dirty water tank that you flip out to release the tank for emptying and you flip back in to lock the clean tank in place.

This machine cleans very, very well. My son's apartment has old, cheap carpet. He also has a geriatric dog who occasionally has accidents. I took this machine there and cleaned the entire carpet. OMG, the dirt that came out of that carpet was scary but the result was astonishing. It looked fantastic - even in the high traffic areas in front of the door and near the kitchen. It looked as good as the carpet in the closets, which see almost no traffic or wear. There were a couple of old stains that I pre-treated with a spray stain remover and they came completely out.

The suction is superior, also. I cleaned my large, wool area rugs which tend to absorb the cleaning solution very readily. With other machines, I didn't get much water back out and I had to set fans blowing on the rugs to get them dry within a day. This machine extracted way more of the dirty water than any other machine I've ever used except for a rented Rug Doctor. My rugs were dry to the touch within about 3 hours. This is super important for households with crawling babies because it's unsafe for them to crawl on newly cleaned rugs that aren't completely dry. Plus, it's so much easier to maneuver than a Rug Doctor.

My final thoughts are that this is probably the best carpet cleaner for home use I have ever owned. It works fantastically, it's easy to clean and it's competitively priced. If all you want is clean, stain-free rugs (as there are no attachments), this machine will likely make you very happy.

UPDATE 2/17/2016
Six months later and this is still my go-to machine for rugs and carpeting. It's still working perfectly with no issues at all. I have used it heavily the last 6 months (since I now have the geriatric dog) and it keeps my house from smelling like a kennel. I am completely spoiled with the ease of cleaning the machine after use.",5,0.15267072267072276,3.923236328839098
Solid Basics,"A few years ago I purchased the Hoover Max Extract Dual V All Terrain Carpet Washer here on Amazon, and have been very happy with it.
This Hoover Commercial C3820 is similarly priced, so how do they compare?

The tradeoff seems to be attachments, versatility, and maneuverability for a slightly sturdier build and better deep cleaning.
Both have good extraction, leaving the carpet with the same level of dampness.
The Commercial C3820, however, can pick up in one or two passes what the All Terrain picks up in three, four, or more. Because of this, the Commercial does better in high traffic areas.

The plastic front bottom panel of the All Terrain constantly pops off, the Commercial seems to be built a bit beefier.

No leaking, straightforward and easy to use.",5,0.20008771929824562,3.998823744197526
"Works very well, lacks hoses & attachments, has a clean out screen access panel,  a 7.9amp motor, not 12amp as promoted.","I give this a 5*, with a few thoughts.  It works well, cleans well, & I like how the dispenser trigger works.  About 2 months ago I ordered a Hoover Steam Vac Spin Scrub.  It works well, too. But, it's priced better even at Amazon. AND it's actual label states 12amps.  I bought the Spin Scrub for the mother-in-law. That model has a hose and attachments for cleaning stairs, furniture, etc.. Now maybe more power is needed (12amps) when hoses and attachments are added. Maybe. This new C3820 Commercial states 12amps in the Hoover information, BUT it's actually only 7.9amps.  The two seem to work equally well. They seem to be the same weight, but I didn't check that out. This C3820 has an orange and maybe longer commercial grade cord. Everything else seems the same, again, but this one lacks the hoses and attachment tools.  I've had several Hoovers over the years and wish to point out something important.  The Spin Scrub came with a plastic tool to clean out the take up shoot, the C3820 did not. In time the shoot needs cleaning. Also, Hoover now has a small clear plastic window to the right side on the front. Once in a while you need to snap that window off and clean the screen filter right behind it..Hoover got smart and makes it much more accessible.  A dirty screen will very definately interfere with take up suction of your dirty water.  These are very good machines, and I do endorse & recommended Hoover.",5,0.12610613524406628,4.0695060874568885
Great Carpet Cleaner,"I love clean carpets - but have dogs.  Now my dog's don't have accidents in the house but they do shed and with all of the rain there has been a lot of mud.  So out of the box this was easy to assemble by myself.  There were only two screws that had to be put in (so you do need a screwdriver) and once that was done, getting this ready to run was easy.  I already have a carpet cleaner - but courtesy of the aforementioned dogs, the plug was chewed off of it.  This cleaner did just as good of a job as my old one, though it was a tad lighter.  I do think that it is made of a cheaper plastic than my old one so I don't know how well it will hold up in the long run - but I also don't see anything concerning about it.  On the whole I am very happy with the job this does.",4,0.34166666666666673,3.284594843135791
"Not quite a Rug Doctor, but still a decent cleaning unit for doing one room at a time or smaller areas.","A good medium duty carpet cleaner with some issues, but none that can't be inexpensively overcome.  I have a lot of carpet in my home, front porch enclosed, back porch enclosed, living room, combined dining room, huge master bedroom, long hallways, the laundry and utility room part of the basement, and the upstairs laundry room.  Over the years I've removed carpet from two bedrooms, the basement rec room area, the front bathroom, and the kitchen, so there used to be even more.  My choice for cleaner was a full size Rug Doctor (RD), the ""ones you rent"".  That said this Hoover cannot outperform the rug doctor.  It is a decent performer however when I don't want to break out the very large and cumbersome RD.

I used this same as I do the RD, I spray for spots, and do a full hot water pass the first time then a cleaning fluid pass, then a final cold water or warm water finish.  It seems like a lot of work but I have a white carpet in the larger areas and hallways so it's needed.  I used this on the halls and the entryway landing as they had the most soil.  I swept very through first with a good quality upright carpet sweeper.  Then did the process, now this says it's a ""SteamVac"", but that is some kind of make name.  It's usually food products that try to fool you with their name, there's no cheese in Cheese Whiz (except in Canada), and I'm surprised they would tag something like that to a product like this.  This is not a steamer, you want steam, make the water in the soap tank hotter.  It did a nice job on the halls, but I could see there was a little gray in the traffic area which I don't get with the RD, so it is not quite as good.  I went over it a few times and that helped, but that doesn't make it as good.

I've seen complaints about the construction and it's true the soap and the recovery tanks are cheap thin plastic.  The good news is they are also cheap replacement parts, so I suggest ordering an extra set if you're worried they'll not hold up.  Most of the rest of the unit is pretty well made.  I'm curious about the motor however, it seems powerful, but it says 12 Amps of power, then on the website the breakdown specs list a 7.96 Amp (8) motor, somebody made a mistake maybe.  We might just be playing games again, motors have a surge rating and maybe that is 12 Amps, it's not unlike the promoters to embellish a little even if the explanation is lame.  If they all do it, then it becomes folly not to list it that way.  The unit glides well with the brushes running, I have no shag carpet so I can't speak to that, but the standard thick carpet and thin commercial types, and it works well on.  The tank sizes allowed me to do a long hallway, the landing at the front door, and the upstairs laundry room and a bit more to empty the tanks.  I have a mini Bissel, I used to use in the kitchen before I tiled it, and it took 3-4 fills just to do a 4 X 12 foot area.  This is perfect for bedrooms and smaller living areas, but when I want the whole house, Ill still go to the RD.

Recommended if you do your house one room at a time, or like to fix high traffic areas, you can always rend a RD for a Spring Cleaning.  It's hardly commercial though, and I'd drop the Steam Vac thing, but it seems like a good cleaning unit to keep handy.  I used it with RD soap, so I could get a good compare, I don't think that will hurt the unit and it's expensive, but some of the best cleaning fluid out there.",4,0.19213913690476184,3.4997215802625288
Does A Good Job,"I have recently had workmen tromping through my house doing some fix-it stuff, and my light beige carpeting was pretty dirty. This Hoover carpet cleaner is pretty easy to assemble and, since I own a smaller Hoover carpet cleaner, I had no problem at all figuring out how to use it. The dual water tanks hold about a gallon each, so, depending upon how dirty your carpet is and how large your rooms are, you can get a lot of cleaning done before emptying and refilling. The best thing about this particular unit is the agitator brush rollers, which I set on ""high"" to get the dirt out. This cleaner works admirably and has a wide cleaning profile to get your carpets cleaned fast. My carpets were left nice and clean and the nap, which had been crushed down, seems a bit higher. This is a large, heavy cleaner, so if you are older or don't have much strength, you might have a problem with it. Storage is another consideration. I don't know if it does a ""commercial"" job on carpets (it only partially removed old, ground-in stains) but it cleans nicely and leaves carpets fresh.",4,0.16613591269841269,3.5500125370906623
"great machine, but NO different than the non commercial versions.","I have owned several Hoover carpet cleaners over the years. All were very similar to this model. One had the Clean Surge option, which just floods more water out for tougher stains, and one had attachments for upholstery.  As for power, suction and body build, they're all the same. This ""commercial"" unit is no different, sadly. The only difference with this model is the addition of a few stickers slapped on it that say ""commercial,"" and an orange power cord instead of the black cord. Everything else is completely the same. So. I feel that this product is a bit misleading. Yes, it works very well and really gets the dirt out of the carpet and does not leave them soaking wet, BUT, so do the other non commercial models. So, if this model is higher price, do not fall for the gimmick.. buy the cheaper model. I do give this unit 4 stars because it does work very well and is actually good on hard floors, as well (so are the other models). The performance is great, it's just that it is no difference in power etc from the non commercial units.
It is easy to fill and empty. Assembly is just putting 2 bolts into the handle.
The cord is long, so you're able to cover large areas without moving to a new receptacle.
It is easy to clean the tanks after use.
Easy to operate - just turn it in and squeeze the trigger to release water/cleaning solution.
Not too heavy and easy to maneuver even on thick carpetting.
Location of suction area makes it possible to clean and extract right up to against the wall where carpet and wall meet.
So, all in all it is a great machine, aside from bogus commercial claim.",4,0.1382905138339921,3.6284901472848388
A good product !,Works well and a fair price.,5,0.7875,4.698
Amazing sticky stuff,"I've found all kinds of uses for this: It's strong enough to hold up a&nbsp;<a data-hook=""product-link-linked"" class=""a-link-normal"" href=""/3-x2-corkboard/dp/B0000AQO8G/ref=cm_cr_arp_d_rvw_txt?ie=UTF8"">3'x2' corkboard</a>, a&nbsp;<a data-hook=""product-link-linked"" class=""a-link-normal"" href=""/paper-towel-holder/dp/B000KIHMR6/ref=cm_cr_arp_d_rvw_txt?ie=UTF8"">paper towel holder</a>, surround-sound speakers, not to mention art and other light wall-hangings. Sure, most of those things could be more easily attached by drilling holes in the walls, but I live in an apartment with a please-don't-put-holes-in-the-wall clause in my lease. I'm sure I'm not the only one.

With this super-sticky stuff, I can easily attach (and detach) those items without causing any damage to the walls. No other two-sided tape I've seen (even the&nbsp;<a data-hook=""product-link-linked"" class=""a-link-normal"" href=""/3M-Command-strips/dp/B000BQYH2U/ref=cm_cr_arp_d_rvw_txt?ie=UTF8"">3M Command strips</a>, which are great for posters) is this powerful. That mounted items can be so easily adjusted and removed on-the-fly is a huge plus. This is an extremely versatile, useful and inexpensive product.

[Update: At the time I posted this review, I hadn't yet removed any of the adhesive strips from the walls. When I did, the adhesive pulled much of the paint off. So be warned that this is very strong adhesive; it's not wall-friendly like the 3M Command products. You'll have to repaint your walls after using these strips on them.]",5,0.3293422865013774,3.9644348102877514
Love Velcro,Great deal !! Can use as much or as little for the project.,5,0.4375,4.332
Just as Described.,Exactly what I needed and works perfectly.,5,0.625,4.195
"VELCRO Brand - Sticky Back - 7/8"" Squares, 12 Sets - White",I'm using this to hold a led light to the underside of a kitchen cabinet and working perfectly. I picked this since it was the right size for the brackets on the light and cost dollars less than 3M holders just might not be as easily removable but can't be seen so no biggie.,5,0.294047619047619,4.012666666666666
Stuck on You,"Like having the 2 matched up on a roll. However, if you just need a strip of only one, you might want to keep a supply of velcro around with single strips.",5,-0.03571428571428571,4.275555555555556
They are ok,They are ok,4,0.5,3.8200000000000003
Five Stars,good stuff.,5,0.7,4.3
Holds a remote where it's easy to get to,"Does exactly what I wanted. Holds a remote where it's easy to get to, but not in the way.",5,0.18333333333333335,4.364040404040404
Velcro ...quality for a reason,"Velcro products are always good...... stay away from cheaper imitators like the velcro dots. They sell 200 but another manufacturer has like 1000 for the same price....  I bought the 1000 pack and boy ....they cant hold anything of any weight and detach to easy.

Stick with Velcro....",4,0.37777777777777777,3.533333333333333
Five Stars,"great, exactly as described",5,0.525,3.87
Five Stars,Been using with no problems!,5,0.0,4.645
Pretty cheap stuff,"Pretty cheap stuff, not sure if I can use it for what I had intended to. RC heli stuff. Not really sure what I could use this stuff for???? I had some real heavy duty stuff that the glue failed on fairly quick and the stuff was installed inside the house. I'm living in regret.",2,0.037037037037037035,2.7
I would like this product better if they did not overcharge for it....,I would like this product better if they did not overcharge for it....,3,0.5,3.14325
Velcro Squares (Two-Sided Sticky),I like these velcro stickies.  I use them for keeping my motion detector lights adhered to the walls; they are so thin but mighty.,4,0.0,3.6653333333333333
Five Stars,No Issues.,5,0.0,4.006869212962963
Five Stars,Works great.,5,0.8,4.84
Works great,"Who doesn't need more VELCRO?!  Not me, I now have enough for years and who knows how many projects.  Got my toll device on my windshield, and my radar detector, too!",5,0.5125,4.188285714285714
Arrived on time and exactly as described.,Arrived on time and exactly as described.  Its Velco.  You may have better luck with 3M or Panduit....but it is worth what I paid for it.,5,0.325,4.231071428571429
Five Stars,Great!!!,5,1.0,4.8
Velcro Brand Sticky Back,We use this for to many projects to list. The bottom line is it is Velcro with a sticky back and it works great. Yes we would purchase this again. We love Velcro.,5,0.36,4.1033333333333335
Velcro===you just have to have some hanging around the house.,I need my velcro...just saying...it is always is there when the need exists.,5,0.0,4.108888888888889
Good product,Works very well however I wish I had perched the industrial version. I used it to mount my Linksys ac1900 router to the wall. The velcro stayed attached but the adhesive came off of the router. Mounted router with screws instead.,5,0.44999999999999996,4.189328703703704
Four Stars,great,4,0.8,4.3
Five Stars,Its velcro and its sticky. That is all.,5,0.0,4.175333333333334
Works,Works,4,0.0,3.58
"Good, but not great - sticky back could be better","I bought this to use in a baby diaper trash can.  The suggestion is from the manufacturer and reviewers - to get rid of the nasty smell of piles of diapers - put charcoal packets in the top and bottom of the trash can.

For the lid of the trash can is where I needed velcro - stick one side to the lid, and the other side of the velcro to the charcoal packets.

Unfortunately, the stickiness of the adhesive is less than desired.  The adhesive doesn't adhere to great to the charcoal packets, so they end up falling off after awhile.  I've found that HVAC / duct tape does the job better.  Kind of disappointing, since I wanted to have easily removable packets to stick to the lid of the trash can so they can be taken out, cleaned and interchanged such.  Not sure what else I'll do with this big roll of velcro in the meantime....",3,0.058333333333333334,3.064722222222222
Five Stars,WORKS FINE.....A PERFECT SIZE..,5,1.0,4.291111111111111
Five Stars,Velcro is awesome. IT works as it is supposed to. I would buy again.,5,1.0,4.1
Five Stars,"Love it and it work very well, I would recommend to anyone!",5,0.375,4.508333333333333
it's velcro...sticky side holds well,what can i say about velcro that you don't already know? not much. but the sticky side of this works really well.,5,0.05,4.165333333333333
ok,"it work ok, but it need to be way better",3,0.5,3.38
Five Stars,exactly what i neded,5,0.25,4.12
At first I was disappointed but I was wrong.,"At first I was disappointed at first as the adhesive didn't stick at all on one side of the shade material I was sticking it to even after I had cleaned everything with rubbing alcohol.
We the next morning I came back out to take the stuff off and try some other brand, but it was sticking so good now I just left it on as I was tearing the material trying to get it off.
This stuff is much thinner than most Velcro that I am used to, but once you let the adhesive sit overnight it really does stick well.",5,0.01607142857142857,3.7886507936507936
Five Stars,Nice set. Works great.. I'd get it again.,5,0.7,4.672000000000001
Four Stars,WORKS GREAT,4,0.8,4.34
great,"As advertised, great product",5,0.8,4.42
As described. I'm using this for multiple household projects ...,As described.  I'm using this for multiple household projects.  The adhesive on the back is strong and will remain in place.,5,0.10833333333333332,3.8200000000000003
Five Stars,great,5,0.8,4.8
Five Stars,ok haven't used it yet.,5,0.5,4.323333333333333
Five Stars,Great Product,5,0.8,4.8
Good Stuff,This works really well. I liked it a lot.,4,0.5,3.99
Five Stars,Shipped quickly and works great,5,0.5666666666666667,4.8
Five Stars,"Good Stuff, sticks well.",5,0.7,4.5
Five Stars,What! Its an expendable that's buried in a box and it works.,5,0.0,4.14
Five Stars,very good very fast thank you,5,0.585,4.117
Velcro a great invention,Can't go wrong with sticky Velcro. So many uses.,4,0.26666666666666666,3.682
Can't go wrong,"Can't go wrong. Be sure to get ""sticky Velcro"" if you want to stick things by using tiny hooks and fuzzy patches. On the market are a variety of Velcro products. I bought one product that was to be used as a strap rather than a sticky device. I used the sticky variety to mount my EZ-pass device high on my windshield. Velcro products abound in various applications. Very good invention/product.",5,0.08142857142857142,4.075333333333333
Five Stars,Can't beat Velcro,5,0.0,4.108888888888889
Excellent Velcro!,"The width is a true 3/4"" and what is nice is when both sides are attached, the total thickness is less than 2mm, that's thin!  And, the backed adhesive is the strongest I've ever seen!!  When touched by your fingers, you almost can't get it off, it is really, really sticky, I love it!!  Highly recommended!",5,0.2425925925925926,4.292
GREAT BUY  USEFUL,THIS IS A REAL HANDY ITEM GOT THE BIG BUY CAUSE ALWAY SHAVE USE FOR IF WEATHER TO HANG TV REMOTE NEAR A COUCH OR OTHER THIS IS A GREAT BUY,5,0.334375,4.4
Holds strong,"I've used this for attaching various things to desks and shelves. LED lights, remote controls, lcd displays, etc. So far I haven't had any issues with it coming undone either from the velcro or the adhesive backing. I'm probably not putting more then 5lbs on it at a time, but it's definitely something that comes in handy frequently.",5,0.20416666666666666,4.030222222222222
Medium strength,"We used this to attach signs 2' x 3' outdoor signs to a frames.  The 3/4 inch size appeared to be a little small, but in use a couple of 4"" strips at the top and a couple at the bottom the signs worked very well.",4,0.065625,3.8501587301587303
Essential for strobist photographers,"This stuff saves a tremendous amout of trouble when it comes to hanging little bits of equipment (like flash triggers) onto other equipment (like strobes/speedlights). I also made my own ""speedstrap"" (gel holder) simply by taking 1 1/2' of the tape and sticking the loop half of the tape onto the back of the hooks half (resulting in a strip with hooks on one side and loops on the other). If you need lots of these then you might try velcro cable ties, but I'm not sure how suitable they'd be for holding gels onto the front of a flash or other applications that don't involve cable management. Anyway, the sticky velcro can be used to make cable ties as well as faten other objects together.

Serious photographers with lighting equipment will probably want to get 15' of this stuff. It'll probably get used up faster than you think.

The only things I wouldn't use these for are certain applications that need a very tight hold. For applications where you need something to practually be glued down to something else, but still need to be able to remove it *sometimes*,&nbsp;<a data-hook=""product-link-linked"" class=""a-link-normal"" href=""/Velcro-Industrial-Strength/dp/B00006RSP1/ref=cm_cr_arp_d_rvw_txt?ie=UTF8"">Velcro Industrial Strength</a>&nbsp;is much much better. I've used the industrial strength stuff to install some gadgets in my car and the things might as well be glued down, except for the fact that I can remove them (which takes some real force) for maintenance etc and put them back with the same glue-like level of hold.",5,0.021161477411477413,4.113453127532004
"Tough, Convenient, and Easy On/Off","I have several Brute containers, and have dollies on all of them.  Made of very thick, tough plastic, these dollies just twist on and off the bottom of the container.  There's sort of a click or thunk when it's fully on and engaged.  It won't come off accidentally but is still easy to take off.  The container is very stable on the dolly.",5,-0.014444444444444442,4.145407407407408
Good for trash and more,"This basically is for hauling trash, but it can be useful for other tasks.  It's obviously tough and durable.  It should last for a long time, possibly past your own lifetime.  However you look at it, this is definitely highly recommended.",5,0.14461111111111108,3.7199999999999998
Rubbermaid,This is great for taking trash out. You can take two trash cans out at the same time. Just place cans on top. They stay in place. Easy to push around. This is very sturdy as well.. Great for home or business.,5,0.45555555555555555,4.126008234519104
Rock solid,"Good, sturdy cart... makes taking the trash bins to the curb a lot more convenient. Specifications state that it'll accept 200 lb per bucket, however this cart seems to be able to take much more weight then that. Very well built.",5,0.4000000000000001,4.456674603174603
Useful Rolling Base,"This is handy for all kinds of jobs, not just rolling out your garbage.  We have used it to move many heavy items around the yard and garage.  You can even stand on it (if you are not more than 250 pounds) and roll it around.

It comes fully put together and ready to use.  If you want to use it only for garbage bins, that works as well.

Highly recommended for a variety of uses!",5,0.061111111111111116,4.16125
"A great idea for heavy loaded Brute cans, save from having to lift or drag heavy loads.","This trash can dolly is built to handle heavy loads, the rubber covered plastic wheels give good grip keeping it where you want it to go rather than sliding all over on hard plastic wheels. The casters have ballbearings and move in the direction you want. This is designed for one or two Rubbermaid Commercial  ""Brute"" Heavy Duty barrels, they twist lock at the base and stay in place until untwisted. One side folds up when using only one Barrel but still moves easy loaded or not.",5,-0.004861111111111117,4.095952380952381
Hello Dolly,"This sturdy dolly makes moving bulky cans easy. Fully assembled, it moves smoothly. We have been using it for yard/greenhouse clean up and transporting huge bags of feed to the kennels and barn. It is easy to steer and seems durable. Commercial grade, it is designed for heavy use. so far we are satisfied with its performance.",4,0.27037037037037037,3.4955632215007215
"Helpful to have on the jobsite, built tough","This is great on the jobsite (construction). We use this with Brute cans for site clean up and it makes it quicker and easier on the backs.  I really like that it folds up so it takes up less space in the back of my truck and also to store.  No complaints at all about it, it works great and is built like a tank.",5,0.23015873015873017,4.318835978835979
Great Sturdy Dolly,"This tandem dolly works very well.  It makes taking out the trash so much easier.  It comes in a huge box fully assembled, and is quite hefty and sturdy.  I load my Brute trash cans on them and roll them to the curb.  The dolly can fold, but not fold flat.  You basically can stack your Brute cans on one side, and then flip the other side up and have it stand 90 degrees.  This allows you to roll your empty cans and push them against the wall.

It does the job and works as advertised.  However, if you put your cans at the curb, then you will have to pick this up and carry it back up the drive way.  It rolls very easily, and can move in all sorts of directions.  It doesn't move so easily without the cans as it is low to the ground, so when you leave the cans at the curb, your only option is to pick it up, or hunch over and push it folded.

It's a heavy duty dolly and rated to hold 200 lbs on each side.  More than enough for residential use, but made for commercial.",4,0.16541666666666666,3.6979940149423847
"Works Very Well, Rolls Smoothly and Effortlessly","These performs really well and is very handy to have. It is a double trash can dolly that has large wheels on the sides and smaller wheels underneath it. They roll smoothly and effortlessly, even rolling in a complete circle.

The dolly is manufactured to be used with the Rubbermaid Brute trash cans. The cans have a recess on their bottoms that allows them to be placed right on the dolly, and turned and snapped right onto the dolly.

The box says that one side can be used with can #s 2632, 2643, and 2655 and the other side of the dolly can accommodate #2632 and 2643.

It works really well to place two trashcans onto the dolly and be able to roll them around. We got it for our shop but it would work great on any concrete, pavement like a driveway or garage.",5,0.2744196428571429,3.973199074074074
Leave the pull-along cans at the hardware store. This is better.,"I have been using these at my workplace for years. They make the ""chore"" of taking out the trash a lot more pleasant. Unlike a traditional rolling trash can, these wheels can turn in multiple directions for pivoting and turning. With a ""pull along"" can, the wheels only move forward and back which makes navigating turns or narrow passages difficult. At times you will end up stopping, lifting the can, then resuming the roll-along. With this commercial set, you put the cans on, lock into place and roll away. They move easily and feel light. Naturally, they work best on mostly flat surfaces, but because the wheels turn in any direction, they can navigate hills and bumpy areas much more successfully than a pull-along.
We live in the country and have to keep our cans locked away in the shed so bears don't get to them.  We've gone through a set of 3 rolling cans on an annual basis. This set is far sturdier and the hardware is significantly more heavy-duty than the $35 cans I keep replacing from the hardware store. The cans/lids to go with this set cost about the same amount as a pull-along, so the only real cost difference is the caster. The casters we had at work lasted for YEARS, so if we get 2 years out of this set without replacing pull-alongs, they will pay for themselves.",5,0.2229578392621871,4.007123711605854
Works very well,"My husband loves it. Makes taking out the garbage much easier! And it fits our recycling can, too!",5,0.25625,3.79
Highly recommend,Great quality,5,0.48000000000000004,4.2732
Credit to inventor of this product.,"The product arrived as expected.  Quality of the product was superb, and I am very satisfied with the purchase.",5,0.5166666666666667,4.38
One of great invention in our time.,"It is fitted to commercial trash can, and we brought it to fitted on ours.
It makes the trash can much more handy to use.",5,0.475,3.745033333333333
Not bad at all,"Not bad at all.  I got this to replace the pulley belt on my Harbor Freight belt sander.

I just removed the old belt and installed the new.  If anyone has the same application, the old belt is a standard non-grooved V-belt.  Like all things imported, the belt was probably low quality to begin with, but it lasted about 3 years of every-day use.  Yes, every-day use, maybe minus a weekend here and there.  I just got this belt so it's hard to tell if this belt will last over 3 years... maybe 5 (?), or not.  We'll have to see.

The old belt had rotted in at least three parts, which could attribute to the excessive noise.  I can't remember if it was that loud when I first got the belt sander, but the only way to really find out is to either buy a new belt sander, fresh from the box, or get a standard non-grooved V-belt and try it out.  I'll leave that test for someone who wants the challenge.  As far as I can say, this belt may be a little more quieter than the old belt, but again, that may have been do to the cracks in the old belt, or the stiffness from heat cycles over the years.  Nonetheless, the sound is not as SMOOTH as a standard V-belt.  The grooves definitely give it a different sound profile, like off-road tires on the freeway sort of thing.  The end result should not sound quality, although sound quality affects the overall work environment/atmosphere, but the real important factor is longevity.  It seems like a solidly built belt, and I hope it lasts as long as it looks.

If it snaps inside 3 years, I'll definitely be knocking this belt down to 1-star, since it would not have lasted longer than the import belt.  Just judging outwardly by the build, it looks like it will last a long time.",4,0.08693035001174536,3.82869920131548
Seems to be good,"So far no complaints.  It came on time, was the size I ordered and has been in use for a while now.",5,0.39999999999999997,4.24
Best Belt,This belt is excellent. It's REALLY quiet! I'm going to order a couple of more as backups.,5,0.625,4.1610852713178295
Five Stars,"Worked perfectly, did not slip.",5,1.0,4.72
Five Stars,Awesome Product!,5,1.0,4.52
Great replacement belt!,"This belt replaces one that was damaged when a zinc pot-metal motor sheave split and chewed it up in less than a minute of operation.  With a new cast-iron sheave installed, this belt should last a long time.",5,0.30328282828282827,4.225428705661264
Probably Good For Other Applications...But Not A Swamp Cooler,"It's well made.  But that new design just doesn't work well on my old Adobe Swamp Cooler.  It somehow throws everthing out of whack and you get shake, rattle and shimmy.  So I can't speak for other applications of this belt only as a replacement for swamp coolers.  Bear that in mind.  by the way I know it's the design because I quickly ordered an old fashioned belt that was out of stock when I took this one instead and as soon as we pulled this one off and installed the regular design belt the shimmy shakes and rattles stopped.",3,0.1244107744107744,2.9409674261999843
Great replacement belt!,"This belt replaces one that was damaged when a zinc pot-metal motor sheave split and chewed it up in less than a minute of operation.  With a new cast-iron sheave installed, this belt should last a long time.",5,0.30328282828282827,4.225428705661264
Probably Good For Other Applications...But Not A Swamp Cooler,"It's well made.  But that new design just doesn't work well on my old Adobe Swamp Cooler.  It somehow throws everthing out of whack and you get shake, rattle and shimmy.  So I can't speak for other applications of this belt only as a replacement for swamp coolers.  Bear that in mind.  by the way I know it's the design because I quickly ordered an old fashioned belt that was out of stock when I took this one instead and as soon as we pulled this one off and installed the regular design belt the shimmy shakes and rattles stopped.",3,0.1244107744107744,2.9409674261999843
Not bad at all,"Not bad at all.  I got this to replace the pulley belt on my Harbor Freight belt sander.

I just removed the old belt and installed the new.  If anyone has the same application, the old belt is a standard non-grooved V-belt.  Like all things imported, the belt was probably low quality to begin with, but it lasted about 3 years of every-day use.  Yes, every-day use, maybe minus a weekend here and there.  I just got this belt so it's hard to tell if this belt will last over 3 years... maybe 5 (?), or not.  We'll have to see.

The old belt had rotted in at least three parts, which could attribute to the excessive noise.  I can't remember if it was that loud when I first got the belt sander, but the only way to really find out is to either buy a new belt sander, fresh from the box, or get a standard non-grooved V-belt and try it out.  I'll leave that test for someone who wants the challenge.  As far as I can say, this belt may be a little more quieter than the old belt, but again, that may have been do to the cracks in the old belt, or the stiffness from heat cycles over the years.  Nonetheless, the sound is not as SMOOTH as a standard V-belt.  The grooves definitely give it a different sound profile, like off-road tires on the freeway sort of thing.  The end result should not sound quality, although sound quality affects the overall work environment/atmosphere, but the real important factor is longevity.  It seems like a solidly built belt, and I hope it lasts as long as it looks.

If it snaps inside 3 years, I'll definitely be knocking this belt down to 1-star, since it would not have lasted longer than the import belt.  Just judging outwardly by the build, it looks like it will last a long time.",4,0.08693035001174536,3.82869920131548
Seems to be good,"So far no complaints.  It came on time, was the size I ordered and has been in use for a while now.",5,0.39999999999999997,4.24
Best Belt,This belt is excellent. It's REALLY quiet! I'm going to order a couple of more as backups.,5,0.625,4.1610852713178295
Five Stars,"Worked perfectly, did not slip.",5,1.0,4.72
Five Stars,Awesome Product!,5,1.0,4.52
Too expensive for what it is!,I didn't catch the long lead time on this product so it took three weeks to receive from vendor. It arrived on the last day of expected date. I believe any vendor that offers a product like this should have it on the shelf and be able to ship almost immediately. The tape is good but I believe the straight fiberglass tape would do the job at about half the cost and can be purchased as a Prime item.,3,0.06203703703703703,3.6553333333333335
"Flexible, Strong and Expensive Tape","It always amazes me that simple products like tape are still being improved well into the 21st century.  One would think filament tape should have been perfected decades ago.  Yet, 3M has shown there is room for innovation on common products with the creation of the Scotch 8959 Bi-Directional filament tape. It is a uniquely strong and flexible product useful for many applications, albeit at a steep cost.

As someone who has used over 30 types of tape both around the house, in a home workshop and in research laboratory, I have learned to appreciate access to the right tool (or tape) for the task at hand.  What I especially like about this particular tape is that its flexibility allows for conformation to curved surfaces.  Even when the particular application doesn't require its high tensile strength, it performs better in most applications than alternatives such as duct tape or Gorilla tape.  Moreover, the Scotch adhesive isn't as gummy as those products, so cleanup is less labor intensive.

While I haven't had an application where this tape has failed, most of my applications have not been that extreme. In one instance, I did tightly wrap this tape around a slightly fractured [stationary pedestal] shaft of a high-powered 12v Caframo fan and there have been no problems since.  Other mundane applications include fixing and strengthening a cardboard retail box of a tool for which no hard plastic case was offered.  With several areas covered with this tape, the retail box has become a permanent storage box.

This Scotch 8959 Bi-Directional filament tape is an excellent product if you can afford it.  Realistically, the premium being charged is too high but 3M marketers must have thought the price point issue through very carefully.  With the tape itself, I see no flaws and would suggest it for any number of consumer, research or industrial applications.

Pros
Flexible
Strong

Cons
Too expensive",4,0.09117127496159756,3.6645109690656565
This is STRONG stuff,"This is some strong tape. It is not easy to tear, in fact I have had to cut it to keep from destroying my hands or turning the tape into rope. I use if for a very specialized purpose where strength is imperative. I have tried many others and this is the best. The best part is that the strength is bi-lateral not just one direction. Scotch/3M does it again, thank you!!",5,0.39375,4.141599261991257
First rule of extreme packaging tape is...,Don't talk about extreme packaging tape.,5,0.0,4.3912242476851855
Five Stars,great tape for rc airplanes,5,0.8,4.542
Jobst ultra sheer knee-highs,These knee highs are great. I use them whenever I fly and they keep my feet from swelling.,5,0.5333333333333333,4.521111111111111
Probably won't buy again. Too shear,It is a good sock it is just too shear for my use. I'll use this sock for when it gets hot otherwise I;ll use the standard sock,3,0.31666666666666665,2.988857142857143
Excellent Product.,"My wife buys and sells things on Ebay. We probably average getting and mailing about two packages per day. I'm the guy in charge of wrapping things for mailing. It's a tough job but somebody's got to do it. Of course, one of the tasks is to securely fasten things in mailing boxes. For this, I chose Scotch Packaging Tape and I use so much of it that I order it in these six packs. It's a somewhat expensive outlay, but a six pack lasts a long time.

This tape is excellent. I've had no problems with it. None at all. It'll secure almost any box and it's good and strong. We've been doing this for over four years now and we've never had any feedback that our packages arrived in bad shape or were split open. This is an excellent product and the six pack suits my needs well.

Gary Peterson",5,0.23888888888888887,4.588201388888889
Good quality,works well,5,0.7,4.775
Five Stars,great product.,5,0.8,4.8
Five Stars,I like it for sealing my packages.,5,0.0,4.173583333333333
This is an anti-review of the cheap tape...,"Don't bother with the cheap stuff.

I've been using the 3M tape for years. I used to ship regularly for eBay and learned my lesson early on.

More recently, I boxed up a return shipment using some cheap packing tape laying around. Cheap = thin and not sticky. It was a chore getting the cheap stuff to feed into a dispenser. After continual tears, I gave up and pulled what I needed off the roll. Every time I cut it, it was aggravating trying to find the nearly invisible end and peel it off the roll.

Fast forward to the UPS drop-off, and the cheap tape was already lifting off the box in numerous places. Argh.

Stick with the good stuff. I know 3M isn't the only game in town, but it's my go-to brand.",5,0.18823529411764706,4.088481481481481
TOUGH STICKY TAPE,Great for packing up items to be returned,5,0.20555555555555557,4.5498919753086415
I learned my lesson long ago that you get what ...,I learned my lesson long ago that you get what you pay for with most things and this is no exception. This works where others fail,5,-0.024999999999999994,3.8583333333333334
Great Packing tape,Great quality Tape. Will buy it again.,5,0.8,4.602226190476191
Good packaging tape,Ive used this packaging tape for many year and have never had any issues.,5,0.6,4.271224247685185
"Scotch Heavy Duty Shipping Packaging Tape, 3""...",it is tape for my ols dispenser. pay close attention to the inside measurement of the roll.,5,-0.2,4.067740748834499
Good tape,"Good value, excellent shipping tape. Typical reliable 3M product. Not too much else to say.",5,0.4866666666666667,4.758666666666667
Five Stars,fine.,5,0.4166666666666667,4.296666666666667
I will use no other,This is the king of packing/shipping tapes.  I will use no other.  Great price. Scotch quality.,5,0.30833333333333335,4.3429166666666665
"excellent quality 3m product, not cheap, but strong and sturdy, sticks well, better performance than alternatives.","excellent quality 3m product, not cheap, but strong and sturdy, sticks well, better performance than alternatives.",4,0.4333333333333333,4.076666666666666
Yep It's Tape,"It's clear, strong, and sticky what more do you need.",5,0.3444444444444444,4.3180390625000005
Five Stars,for a refill its fine,5,0.4166666666666667,4.296666666666667
Hands down the best shipping tape,"Hands down the best shipping tape, I have used many brands.  Yes there is a difference in tape, 3M is always the best.  You will always pay more for any 3M tape but you know it will last through its entire journey in the shipments it seals up.",5,0.40987654320987654,5.0
Sticks good,"Good tape, sticks well to my boxes and fir my tape dispenser perfectly.",5,0.7999999999999999,4.5325
Three Stars,"Scotch has apparently cheapen'ed it's clear, shiny tapes.",3,0.07500000000000001,3.379814814814815
Not bad,I don't care for the dispenser. The area where the tape comes out could be better. I'm always fixing it. Still better than nothing though.,3,0.44999999999999996,2.8851195949644226
Five Stars,"Best tape on the market, have never had an issue with this brand.",5,1.0,4.9
A must-have for a variety of uses,"I use Scotch Heavy Duty tape practically every day. I keep my roll in the kitchen drawer where I can use it to seal up packages of crackers, cereal or cookies. It's fantastic for removing lint and hair from clothes. And of course it's perfect for sealing packages before mailing. I have tried other brands of packaging tape but Scotch is my favorite.",5,0.315,4.113204274891775
Five Stars,best tape ever,5,1.0,4.74
"Yes it costs more, the best stuff usually does.","Might be too good for ""just"" shipping light things, but this is a very noticeable heavier tape, and it lasts way longer without oozing or loosing its grip. Can be used for durable long-term repairs as well as long-term storage and sealing. Yes it costs more, the best stuff usually does.",5,0.4222222222222223,4.5956419753086415
Five Stars,"Good, heavy duty packing tape, not the thin cheap stuff",5,0.12499999999999999,4.281805555555556
Best Packing Tape!,Great heavy-duty packing tape.  Wouldn't buy any other brand than Scotch~ it never disappoints!,5,0.5479166666666667,4.423888888888889
I WOULD RECOMMEND THE PRODUCT & THE SELLER,"I have the large version of the hand-held tape machine, but it's hard to deal with; so I went to the BASICS and found this to be exactly what I needed. No fighting with this dispense.",4,0.0431547619047619,4.008
Tape,No complaints,5,0.0,4.53
Five Stars,"Perfect, A+++",5,1.0,4.908055555555555
Good tape horrible dispenser.,"This is great tape, but the dispenser is way to flimsy to handle the larger rolls such as this.....

it flexes and it is way to easy to foul the tape.",1,0.15555555555555556,2.136002067507312
Does not stick to anything. Bought a 6 pack ...,"Does not stick to anything.  Bought a 6 pack and all 6 rolls barely stick to cardboard boxes, usually falling off in less than 24 hours.  This stuff isn't even usable.",1,-0.12222222222222223,1.6456805555555556
Tape,Great tape. Clear.,5,0.45,4.3358168402777775
Great tape,"Used this tape for years.  Will continue to do so.  Quality, tough, stays on.  Highly recommend.",5,0.19037037037037038,4.5459555555555555
PRICEY TAPE,Excellent packing tape but a overpriced.,4,1.0,4.126558641975309
Great,Great for packing; Scotch never fails,5,0.6166666666666667,4.5912500000000005
Easy to Use and Works Great!,This stuff is the best for closing up boxes.  We leave this out in our garage as a spare and it works just like the heavy-duty dispensers.  Tears perfectly each time.  Doesn't take up as much room in the cabinet as a big dispenser would.,5,0.6055555555555556,4.2355084838533115
"Easy to Use, Frustration Free Tape!","It's hard to beat this tape for performance.  We've been using it for many years for packing boxes and never had a problem.  You do have to press it down to make sure it's going to stick well if you're going to leave packages outdoors or in your garage for the postal service to pick up, but that's true with most of this type of tape.  We've used other brands that were so frustrating to use because they were so thin and hard to manage.  We always come back to this tape instead.",5,0.08611111111111112,3.9578280948942766
Arrived promptly. Reasonably priced. Worked as advertised.,Arrived promptly.  Reasonably priced.  Worked as advertised.,5,0.2,3.88
Five Stars,love their packing tape,5,0.5,4.669583333333334
Best clear packing tape there is.,"I ship professionally all over the world and this is the only tape I will use. I use to put 2-3 layers of cheaper tape on my heavy packages but a few years ago I decided to buy ""the good stuff"" and have never looked back. In fact a friend that was moving gave me 6 new rolls of another brand when he was done but I gave them to the GoodWill instead of using them.",5,0.18181818181818185,4.451919437429854
Five Stars,good tape,5,0.7,4.561999999999999
As expected.,As expected.,5,-0.1,3.9
Five Stars,"A+++, will buy again from he seller",5,0.0,4.4399999999999995
Heavy duty,Great heavy duty tape.,5,0.13333333333333336,3.9846666666666666
Only packing tape that's worth purchasing!,"I buy no other tape for packaging.  I also find many other uses around the house for this.  It's very strong tape.  Not like the flimsy dollar store/discount store tape that tends to stick to itself after you cut a piece, and then you can never find the end of the tape again after you do cut a piece.  This is the only packing tape to buy!",5,0.19654761904761905,4.545669437429854
Durable dispenser and very high quality tape.,"This has got to be the best packaging tape ever made.  I go through quite a bit of it, as I sell online and ship right from home.  I buy one of these and then one of the 6 pack refills, and I'm set for months.  I only have to replace the plastic dispenser once every couple of years.  It's quite durable.  I especially love this tape because it doesn't tend to stick to itself like the flimsy dollar store/discount store tape. I buy no other",5,0.4260357142857143,4.073429118773946
Five Stars,There is no substitution for Scotch tape! This is my go to packaging tape,5,0.0,4.255816840277777
Best durability and strength of any othe packing tape on the market!,"When I purchase anything tape related, the only brand I will buy is Scotch.  If there is one thing I can't stand, it's crummy quality tape.  Bring on the HD shipping tape from Scotch!  I routinely ship things from my small business that are heavy, so having a quality and strong shipping tape for the boxes are a must.  There is no doubt in my mind that my packages arrive safely and securely when I'm using this tape.  This tape also saves me time because I only need to use one strip of tape rather than 2 or 3 runs of tape with a lesser quality and thickness alternative.  This package of 6 rolls is neatly packed in a shrink wrap and it makes it very easy to get a new roll.  The tape is noticeably thicker than it's traditional counterpart but still cuts easy with scissors or a packing tape dispenser.

Just because I'm a guy and like playing little jokes on people, I used this tape to wrap some Christmas presents this year.  Needles to say, it took a while for people to open them!",5,0.1768039772727273,4.346125482253086
very good very fast thank you,very good very fast thank you,5,0.585,4.117
Wraps just about anything.,Just great tape.  Typical of Scotch...good quality and easy to use.,5,0.3555555555555556,4.211833017676767
Four Stars,Exactly as expected.,4,-0.1,3.6100000000000003
Heavy duty shipping tape is the only way to go ...,Heavy duty shipping tape is the only way to go. Been using this stuff for years and its rock solid.,5,-0.08,4.17504662004662
"A great, strong shipping tape that sticks!","I have never had a problem using this tape.  It's strong, cuts easily and sticks!  I have tried a lot of brands over the years and always go back to Scotch because it works!  Nothing worse than taping a box for mailing only to walk into the room a few hours later and see all the ends of the tape curling and lifting away from the box.  Scotch does NOT do that!",5,0.19074074074074077,4.1963828393828395
"It's tape ... Clear, sticky ...","It's tape ... Clear, sticky ... What more could you ask for ...",5,0.23333333333333336,4.154181037808642
Tape doesn't flow off real easily.,Slightly warped on receipt.  Tape doesn't flow off real easily.,4,0.2416666666666667,3.727663604624542
The only one to buy,Heavy duty and makes packing easy,5,0.07777777777777778,4.23625
"Skip the cheap stuff, this is what you want.","super nice, heavy tape...  would have been better if not arrive smashed so that it won't 'roll' in my taper... but I couldn't bring myself to force Amazon to replace it just cuz UPS smashed the box it came it.  I sell on eBay and want the boxes STRONG in shipment for just that reason!!  Or long lasting strength for boxes in storage.  Skip the cheap stuff, this is what you want.",5,0.2956018518518519,4.090378540305011
Five Stars,Works as designed.,5,0.0,4.14
"Yeh it's more expensive than all the no-name junk, but you'll quickly find that the cheaper stuff isn't ""worth"" the frustration","great stuff.  No sticky residue, comes off the roll easily.  Yeh it's more expensive than all the no-name junk, but you'll quickly find that the cheaper stuff isn't ""worth"" the frustration it brings with it.",5,0.25,4.129166666666666
Five Stars,great,5,0.8,4.8
Best thing out there,"3.1 mil means it tears true and doesn't double back on itself while you are trying to work with it
Strong and easy to work with",5,0.36944444444444446,3.8200000000000003
Keeps it closed.,"Excellent Shipping Tape, I used cheaper tape in the past but it wouldn't stick to itself or the box.  This type seems to stick to everything.  No more cheap stuff for me.",5,0.16,4.366678721605192
Will Buy Again,"Great price - serves it's purpose, will buy again",5,0.8,4.24
Very good quality,I always use this tape for my packaging because the material used is tough. Very good quality,5,0.477037037037037,4.734999999999999
What a difference.  Nice thick shipping tape.,"What a difference having thicker shipping tape makes.  I recently had to ship something very heavy and was able to use this tape to ensure the box was well sealed.  I've used the Scotch tape of less thickness and was frustrated how much additional tape I would need.  This thicker tape really makes a distinct difference.  It makes life better.

I am more than willing to spend the money on the small things like this which make a huge difference in the long run.",5,0.10770833333333334,4.233152944374298
Finally! The Large Size!,"Finally, the right size for our tape gun! It is so hard to figure out which tape is large enough.",5,0.07823129251700679,4.364531024531025
works,got to have .scotch is the best.,5,1.0,4.338666666666667
Five Stars,Always a great product,5,0.8,4.8
Recommended.,Can't beat this stuff.,5,0.0,4.088571428571429
Five Stars,Great product. Just as described.,5,0.8,3.88
Five Stars,Deal,5,0.0,4.691666666666666
Scotch shipping tape.,"These are good quality, not as heavy duty as I expected. But I used them right away sealing up boxes for returns. A good value.",4,0.27714285714285714,3.9306666666666668
Five Stars,Superb.,5,1.0,4.0
I learned the hard way why it's better to purchase a well known brand,"When my wife and i moved from Florida to New York, we packed up all of our boxes using generic tape that we purchased at Staples. Although it was during the cool season in Florida, we discovered that every box we had packed, the tape was falling off. That's when I first started using Scotch Heavy Duty Shipping Packaging Tape. After reinforcing all of the cartons, we were delighted to see that the Scotch brand tape remained firmly on each box.

I've noticed a lot of the early reviews of this product where the reviewer states that this tape doesn't stick. While this may have been the case a few years ago, I can tell you that it sticks without issue now. Every item that I send out is sealed with this tape. It works perfectly every time, and under all weather conditions.

The bottom line is that you get what you pay for. This shipping tape performs flawlessly and deserves a 5 star rating.",5,0.2418997668997669,3.9694118907246425
^,Used this for taping my packages and the boxes that I fold and discard. Very strong and the adhesive holds well.,4,0.5633333333333334,3.6972063492063496
Buy the best and have less hassles,"Better than the cheaper types, less hassles",5,0.2916666666666667,4.38
Depends on how you use it,"The tape I got sticks to the dispenser too well and if I can get the tape on the package it will stick there too.  The difficulty is getting it on the package.  I've used packaging tape for years in a standard big handheld dispenser and never had so much trouble applying the tape as I have with this type.  I find it very hard to get it to stick to the package when I first put it down there in order to pull the dispenser back and thus dispense the tape.  It seems the tape gets too strongly attached to the dispenser part to release.  If I can use two hands to get it going, it usually then releases with a whirl and I get a mile of tape which then tends to wrinkle at the cutting blade and won't cut.  It's so wrinkled and stuck to itself by then, it isn't suitable for the package. The frustration finally got to me so I bought the Duck brand tape which works much better for me.

I had several rolls of this stuff left though so I purchased that very heavy desktop dispenser that also holds standard tape and a few pens.  Voila, this tape does really well in that dispenser.  I can pull it out easily and cut just the amount I need.  Of course that isn't going to work for large boxes, but to cover a mailing label for extra protection or add extra security to a post office mailing envelope or for a small box, it works fine.  The heavy duty quality of this tape seems overkill for those purposes, but I'm just happy I've found a use for it.  For my big handheld dispenser I far prefer the Duck brand.",3,0.048375752599890534,2.9880477255190794
Sticks well and its very strong.,"Works well, sticks well, and its very strong.  We ship about a dozen packages every week and ALWAYS use the heavy-duty tape.  We use it with a tape gun and have no problems and occasionally we use it straight from a plain roll.

After some disastrous experiences with a couple of off-brands we always use Scotch.  The off-brands were almost impossible to peel off a roll if they stuck back to it and usually they would start tearing down the middle when we tried to peel it off the roll.  Scotch never does that.",5,-0.05998556998556997,4.331583043981482
Good tape - good price,I ship out a few boxes at least every month and sometimes much more and like to make sure they are secure with good tape.  I've tried no name brand tapes but they tear and don't stick as they should so I now will only use Scotch.  This is a good price for 6 rolls.,5,0.37,4.58
Scotch 'Adheres' to Tradition,"Over the last month, we used this clear packing tape to send a number of crucial internet purchases to buyers across the U.S.  It works as advertised.  There's very little waste because it's thick enough to reduce mishandling, and sticks well enough to save from overlapping or doubling it up.

We also use it for dust/lint removal on black velvet store displays (instead of lint rollers) and it has just the right amount of tackiness to grab the dirt without destroying the surface of the display being cleaned.

Overall, we're very satisfied and would easily recommend spending the extra over the thin, bargain versions.",5,-0.002585565476190474,4.489891975308642
Doesn't stick,"I read the negative reviews for this tape but since they were several months old, and the 3M company representative had responded to them, I took a leap of faith and hoped that Amazon's stock had been replaced and the problem resolved.
Not so. I purchased four rolls of this tape, and so far one has absolutely NO adhesion, and the other I would rate as barely sticky. I got these for a little over two dollars a roll which was a great price, but I would have been fuming if I paid the $6-$7 these cost in retail stores and had the same problems.
For a company like 3M, which generally sells some of the best products, to have such a lapse in QC and allow this type of inferior product to hit the market is sad. I will not be purchasing this tape again, or any 3M brand packaging tapes for a while, in the hopes that they correct this problem.",1,0.06339285714285715,2.594107142857143
My batch of scotch shipping tape works well,"It appears that some batches of this tape have a problem with stickiness, however the package I bought works well.  I use this tape to attach PayPal labels to my packages as well as taping the packages themselves.  They work very well, and the clear tape allows me to use paper labels rather than more expensive self-stick labels.  What I like about this tape that it is not as thin as some other packaging tapes I tried, so it is easier to control - it lays evenly where I put it and does not stick with bubbles or to itself.

Given Amazon's excellent return policy and a statement from the manufacturer that they will remedy the problem (posted as a reply to some of the complaints) this product is worth a try. The chances of someone being stuck with bad tape permanently is not an issue.  If you get a good batch this is an excellent, cost effective product.

Ali Julia review",5,0.22291666666666668,4.183413331505848
Strong but what good is that if it won't stick!,"I thought it was me until I read the other complaints about the Scotch Super Strength Tape not sticking to packages. While this may be a very strong (labeled 20x stronger) packaging tape, it's not much good if it won't stick to the package.

I had previously used an off-brand very inexpensive packaging tape and never had any problems with it not sticking. In fact the cheap tape was very sticky, so much so that if you pulled it off the package, it pulled the top layer of the cardboard with it. On the other hand, the expensive Scotch Super Strength tape pulls off any package with no problem. I am using 2-3 times as much tape (criss-crossing it) as I did with the cheap tape. So the Scotch ends up costing me 4-5 times as much. Overall a real reputation killer for Scotch brand products.",2,0.18798245614035092,2.5739952240579758
Strong. . but doesn't always stick that well,"Certainly this is very strong tape.  No doubt about that.  But.  . from my experience.  . it really doesn't stick very well.  Though it looks like it's stuck to the box. . . it comes right up if you pull on the edge.  I send a lot of packages to soldiers in Afghanistan.  In the past I purchased Tartan brand tape on Amazon and was very happy with it.  No, it's not nearly as strong, but it sticks well, and I always make sure I once along the seam, and then twice across the seam (like an ""H"") no matter what type of tape I'm using, and I've never had a problem.

Also, the cost of this tape is CRAZY EXPENSIVE.  No only look at the cost, and the number of rolls. . .but also how much is on the roll.  It's usually a MUCH better value to purchase 100+ yards on a roll as opposed to 54-yards.

<a data-hook=""product-link-linked"" class=""a-link-normal"" href=""/Tartan-Sealing-Tape-1-88-x-109-Yards-Clear-6-Rolls-3690/dp/B002IZHE3G/ref=cm_cr_arp_d_rvw_txt?ie=UTF8"">Tartan Sealing Tape, 1.88 x 109 Yards, Clear, 6 Rolls (3690)</a>",4,0.164375,3.7772837187647097
Doesn't stick for me,"I don't know what is happening, but I just tried out some tape I bought around December 2010 and it simply doesn't stick - about as strong as a post-it note.  They must be having a major issue with QC on this product.  I am not doing anything fancy - taping closed cardboard boxes.",1,0.09895833333333331,1.4248174603174601
Best clear packing tape,"This is the best clear packing tape I have run across, and believe me after multiple moves and packing and sending boxes I have used plenty of different types of tape.
The good is that this is extremely strong and wide enough that one swipe will seal most boxes. You can also write addresses and after putting this tape over them, they will be moisture and scratch proof.
The only two criticisms are, that I really prefer nylon tape for real strength; but with that said this tape was too tough for a packing tape holder/cutter I had, yet it cuts easily with scissors. My one tip in using these rolls, rather than folding the tape over, is to place a paper clip on the sticky side and you can always get the end to start taping again.
So.... it's a pretty good tape to pack with and have confidence that it will hold a box together.",5,0.28487654320987654,4.525360795454546
5 Stars For Good Quality Packing Tape!,"This packing tape is good heavy-duty quality and I've already used it to seal several packages for shipping. I'd recommend doing some comparison-price shopping before buying - this is one of those few products that you can sometimes find cheaper in your local stores, rather than buying it online.",5,0.275,4.534583333333334
Nice strong packing tape,"I go through a LOT of packing tape so I thought I would give the Scotch Super Strength Packing Tape a try. Ok...well, what is there to say about tape. It sticks well. It cuts good out of the dispenser (you have to have your own dispenser as these are refill rolls). It's a little hard to get a fresh roll started, they do have a spot where you are supposed to be able to get a new roll started, but it is difficult to grab hold of that to get it started (these are not e-z start rolls). My only other complaint with this tape is that I think because it is so much thicker of a tape, it sometimes has a tendency to want to wrinkle if you don't keep it going in a perfectly straight line while laying it down. Other than that, it does what it should and I have not had any complaints yet about the tape being unstuck from a package.",4,0.12879489337822672,3.9281529443742986
"Very nice!! Tenacious, strong, sticky, easy to use.","I mail out alot of packages and use alot of packaging tape. And sometimes I have fights with the tape -- it is either too thin, it sticks to itself when I unroll it, it has a mind of its own and wrinkles just as I am about to tape up the package, and if I should forget to create a little ""tape tab"" so I can easily unwind it from the roll the next time, I engage in the ""battle of the tape"" where I pick at it until I find a starting point, only to unravel pieces of the tape in an endless spiral -- what a waste of tape and money, eh?

So after receiving, trying and using this, I am VERY happy with this Scotch Super Strength Packaging Tape 3850-6. It is User Friendly! It is STRONG, It is Tenacious -- I affixed a 10 inch length of the tape from a roll of tape hanging onto a fixed object the other day and the roll did not drop down to the floor from its own weight -- the tape stuck and even the exposed part was just as sticky as ever a few days later. I left a used roll of tape un-tabbed for a few days in a warm kitchen - the cut end of the tape was retrievable without tearing and without my losing any portion of the tape when I pulled it open. Bravo!

UNLIKE some thicker plastic tape which will not conform to the shape of the package, THIS tape DOES - very willingly -- My packages are mailed out now knowing that parts of the tape will not decide to get stuck to something at the post office and pull off.

It is crystal clear, wide enough to tape up a package with fewer passes, it works well in those plastic hand-held tape dispensers and truth be told, it cuts very easily, even if all you want to use as a cutter is your teeth.",5,0.17908420138888884,4.218694128787879
Scotch is the best tape made....,"I guess you do get what you pay for as the old saying goes. I use a lot of tape mailing packages out every day and sometimes I have to get the cheaper tape (Scotch is usually higher), but I always regret it later. The cheaper tape wrinkles up or you lose it on the roll and can't find where to start peeling again. It's so frustrating. Some rolls I have had to throw out completely because the tape splits down the middle or it has lost its stickiness. I have never had a problem with Scotch though, no matter how old it is and how long I have left it sitting around. These big rolls are great for my packages and make everything so much easier. No splitting, no wrinkling, very sticky. Love it!",5,0.17309027777777777,4.122180521735209
great packing tape,"This Scotch product is perfect for sealing packages.  It is very strong and sticks very well.  I have used it to seal packages for mailing and items I've boxed up at home.  Being clear is a great advantage.  I use it to waterproof address labels on packages by covering the label with the tape.  Not only does this waterproof the label, but it guarantees the label will not fall off.  Highly recommended product.",5,0.45291666666666675,4.0287291666666665
Good quality packing tape,"Whenever I try to save money with cheaper packaging tape, I come to regret it. This is the good stuff.",5,0.7,4.395407407407408
Really nicely made,"Really smooth action and a nicely made precision instrument. All movements are just so smooth, it is worth the money.",5,0.39999999999999997,4.3217850529100525
Five Stars,"For absolute precision, Starrett is a must! I have total faith in my dial indicator.",5,0.125,3.829432473228526
It is made in the USA by people who pride themselves on making some of the finest measuring devices you would ever need in your,"Wow. This guy costs a lot but really paid for itself. I have re-geared or rebuilt five differentials on my two Jeep Wranglers and my old Volvo 740 using this to set backlash, etc. Quality it worth expense if it saves you time and money in the end. This dial indicator did just that. I had a Harbor Freight dial indicator and magnetic base. It took inaccurate measurements. It caused me untold stress and aggravation. I purchased this and the magnetic base needed to do differential work and got things ""dialed in"" on the first attempt. This is a very accurate instrument. It is very well made. It is made in the USA by people who pride themselves on making some of the finest measuring devices you would ever need in your shop. Highly recommended!",5,0.027000000000000003,3.8771408065618593
"Starrett Quality, perfect.","Great indicator, Starrett is mong the best. Movement is smooth and repeatable. The dual scale is perfect for my application of the gage.",5,0.8399999999999999,4.908055555555555
Another Starrett you can Trust,"Standard size AGD type 2 indicator is very accurate. This model has hardened gears inside and 1"" travel with removable tip. #4-48 thread for accessories. From the at rest position to ""zero"" it out is about 15 thousands so it will retain accurate measurements and still retain the shock proof mechanism. Very smooth movement. You can feel the quality. Highly recommended.",5,0.32,4.056749267399267
It Really works,So many of these instant glues work poorly - this one works and works well. What a surprise!,5,0.04999999999999999,4.14
Adhesive works great. However,"Adhesive works great.  However, had a hard time with self life.  Could not use more than half of it because it dried out in the bottles.",4,0.24027777777777778,4.3
Great buy,Nice package.  Not sure what Ill use the case for in the future. I ended up needing the debonder just a few days after this arrived... would have been pretty gnarly situation without it. Made me feel like an adult being prepared.,4,0.09999999999999999,3.9291688311688313
A very nice assortment. Great for someone who has yet to use CA glue in woodworking.,"Although I haven't needed to use it yet, the kit arrived quickly, has the variety of glues that I wanted, and should make it easy for me to get comfortable picking which version works best for me.",5,0.6244444444444445,4.0640341291704924
Five Stars,"If you have never owned a glue kit, this needs to be your first!",5,0.3125,4.518518518518519
Very handy,Just wish I had a small fridge to store it in to extend it's shelf life.,5,0.265,4.256630036630036
Will never go back to consumer CA glue,"Ought this glue kit primarily for woodworking projects, used the Jel glue to glue together some scrap trim that was being used on a hobby project. Saved me a trip to pick up trim to finish the project. Used the thin glue to repair a Bluetooth headset that had been previously glued with cheap dollar store glue that failed to hold. The ability to activate the glue for truly instant results is amazing. Love fastcap products and this one does not disappoint",5,0.09259259259259262,4.442916546416546
"Get this, you'll love yourself for it","Every time I use this set I congratulate myself for buying it. Instead of those piddly tubes you get at the hardware store, the ones whose caps get encrusted and whose tips jam up, I have a big selection in tubes having enough capacity for big jobs, and whose caps always work and whose tips never clog. Plus, the range of viscosities assures that I have the right type for whatever I'm doing. The only caveat I'd make is that these adhesives have a limited shelf life (2 years I think) and unless you're a heavy user, there's so much that you might end up throwing some out. I keep mine in the refrigerator to maximize its shelf life, but even if I don't get thru it all, I'll happily toss it and get another, because having it on hand is worth it to me. And it really isn't that expensive compared to the quantities you get in the piddly tubes.",5,0.11648351648351649,4.173138888888889
I love this kit,"The variety of viscosities is wonderful. I always have the right solution. Thin glue can hold dado blade shims so they do not fall into threads on shaft

Great for quick repairs around the house",5,0.4198412698412699,4.5713888888888885
"Just as Good as any other CA Adhesive, but not as good as dedicated wood glue","I did not buy 2-P10 adhesive from/through Amazon.  CA glues of any viscosity do not work well with wood as a means of making solid permanent joints.  Oh, it sets up in a few seconds and faster when an accelerator is used, but the bond/joint is easily broken especially when a twisting or torsioning force is applied to the joint, much easier than a true wood glue joint. 2-P10 exhibits all the positive aspects of any CA glue - and the negatives, too.

2-P10 is as good as any other CA glue for very small projects such as Popsicle stick crafts, and high gloss finishes for pens and other small turnings, and is more expensive than most brands.  There are dedicated wood glues that set up quickly and don't require accelerators or debonders (nail polish remover) or other additional chemicals to work.",2,0.09980027548209368,2.912259259259259
Five Stars,ok,5,0.5,4.38
Great kit,"Very adhesive, it's like someone designed this glue to glue things together...",5,0.5,4.358582621082621
"Excellent product in the right circumstances (but not all), not remotely ""magical"", shameful lack of needed instructions","Excellent glues but not quite as magical as presented.  First, there are no instructions of any significance.  (I have a fair amount of experience with different glue material)  This is actually shameful given the cost (and quality) of this product, the various ways it can used or not used, that it can be very strong or not given certain circumstances, can be dangerous, etc.  They provide different thicknesses but it is unclear when you need what thickness except by trial and error (and it is too expensive for that).  They provide these stopper needles (if that is what they are) but no indication of how or why they should be used or even that they are stopper units (maybe they aren't!) The spray unit is provided with a plastic cover but, if used, will not fit back into the case!  Since this stuff is somewhat dangerous (as they say) and expensive, I would not want to leave the plastic cover off and taking the spray unit on and off would be messy and dangerous.  As glue, I have had several cases where the glued parts came apart where maybe the pieces weren't completely clean, were exposed to heat, or I didn't use the right thickness maybe.  This caused me to lose trust in the glue.  Lastly, like all glues of this type (super glues), you have to be extremely careful not to get an on your hands, especially since the activator runs easily.  Summary, excellent product in the right circumstances but you have to guess what they are.",3,0.11429339477726573,3.4048822566322565
glue works but dispenser bottles are bad,"Purchased oct 2015, sitting in basement and used sept 25, 2017 (2 yrs):  still works.  Used little for thin miter corners of a wood tray.  I guess it works but I'm down grading to 3 stars for awful bottles.  Gel is hardened and rest of the bottles are stiff so that I had to use the brush to put the glue on.  But then the brush cap doesn't fit well on the bottles.  Not sure if it is air tight.",3,-0.2984347442680776,3.350888888888889
Five Stars,great package and price,5,0.8,4.75
A very useful kit,"When I bought this product I questioned spending $30.00 for a super glue kit.  But after having it for several months, I would not hesitate to buy another.  This kit shows that there are different qualities of super glue. And the various viscosities provide for a wide range of uses.  The thick gel version can be used as a filler for small spaces where mixing epoxy would just be too much trouble.  And with the included activator, the repair job is ready to use in a matter of minutes.
My only complaint is that only one pump sprayer is provided for the bottles of activator and debonder.  For the money I think a sprayer for each bottle is in order.",5,0.0076190476190476164,4.303880952380952
Good product,Good product.,4,0.7,4.02
3 are the perfect quantity,very hard to find. 3 are the perfect quantity,5,0.5402777777777777,5.0
Works as expected,Works as expected. Water pressure is decent. I don't have trouble spraying my plants.,5,-0.05833333333333334,3.875
Five Stars,Excellent,5,1.0,5.0
not made in USA despite description and cheap quality,"very disappointed in these bottles. first off you advertised them as being made in the USA (says in description country of origin USA) but right on the bottle they are stamped made in China.
also, one does not spray a fine mist, the other you have to keep priming it and all three of them do not have perfectly flat bottoms so they wobble. bad product and misleading description, very cheaply made.",1,0.005264550264550281,2.4881632653061225
Count Your Days,Very short time til none worked.,2,0.0,3.18
Five Stars,A,5,0.0,4.0
poor quality and they drip.,poor quality and they drip. I purchased three of these and they all leak. Spray pattern is okay.,2,-0.10000000000000002,2.73
So far so good with these bottles,So far so good with these bottles.  I use one for my grill and my wife uses one for clorox.  My main issue is summer time when my kids steal them and take them outside and then leave them outside and they get ruined.  I have also had other brands that simply stop pumping water after a short time.  Hopefully these will hold up better.  So far so good :),5,0.24583333333333332,4.217
Four Stars,"Needed a few spray bottles for the garage, these did the trick.",4,-0.2,3.852
Five Stars,I use them for so many things when I make my own solutions for cleaning,5,0.55,4.1965
love the fine spray mist,"Spray bottles are working well, ordered 3, love the fine spray mist. have bought other brands but the fine spray disappears after a couple weeks of everyday use. Hoping they will last a long time.",5,0.20833333333333334,4.157950854700855
"These bottles work fine, but be warned they do NOT have a ...","These bottles work fine, but be warned they do NOT have a cone/mist setting -- it's just one straight jet.",4,0.3444444444444445,3.851166666666667
"clorox cleaner ate through plastic, fell apart","clorox cleaner ate through plastic, fell apart, stopped spraying and started spitting out in all different directions, got bleach cleaner in my eye",1,0.0,1.8399301303854874
"I like them, pretty convenient","They're pricey for spray bottles but they're great. They have different settings, you can shoot a stream of water or spray a fine mist. All 3 have a purpose in my household. 1 is used for a vinegar/water cleaner mostly for the kitchen counters. Then other is kept in the bathroom with a vinegar/soap/water solution. And the last one is filled with water to spray my cat with whenever he's doing something bad (like chewing my stuff). It shoots the water pretty far so I can spray him from far away.",5,0.16597222222222227,3.9480897435897435
Great Bottle,"Nice, work as expected",5,0.4333333333333333,3.935
Five Stars,Nice sprayer. I put rubbing alcohol and water in these to help clean with.,5,0.48333333333333334,4.440047619047619
great deal,"Unlike other spray bottles I've purchased, these things don't disintegrate with bleach water.",5,0.3375,4.031194444444445
Srew Top is not Secure and will Pop Off,The big problem is the Sprayer will not stay tight on the plastic bottom. I already retired one bottom because it would not tighten and the sprayer would keep coming off.  The sprayer works okay and has a good range of adjustments.  I would not buy this sprayer again.,3,0.22023809523809523,3.266857142857143
Spray bottles,Great spray bottles,5,0.8,4.193666666666667
The water that sprays through this smells like mold spores,The water that sprays through this smells like mold spores!  Can't get rid of the smell.  Had to throw them away.,1,0.0,2.0450277777777774
The gold standard.,I've used these for years and come back to them. We use them in the lab to hold 75% ethanol as well. Their pump holds up and the spray adjustment works well.  FYI: you can use the sprayer head and screw it into most isopropanol bottles directly if you clean counters and food with it.,5,0.19333333333333333,4.053214285714286
Sprayers WORK,Just what I needed at a good price.  These spray bottles really work.,4,0.44999999999999996,3.7647222222222223
They don't work!,I won't buy these again. One didn't work when I received it. One stopped working after about a week. The last one lasted a month.,1,0.0,1.82
Four Stars,"I like these bottles.  I use natural products for cleaning, so they work out well for me.",4,0.1,3.8708888888888886
"These things are horrible, All three are just inferior crap","These things are horrible, All three are just inferior crap. They don't spray well and seem to lose their prime so it takes multiple squeezes to even get it to squirt.",1,-0.72,2.161777777777778
"I haven't seen a bottle with a better base, but it would be nice if someone ...","Decent quality spray bottles, no air leaks, they seem to spray fairly well. I have a couple in the garage for various water/cleaner sprays.

Not unique to this one, I haven't seen a bottle with a better base, but it would be nice if someone would design a bottle with a slightly wider base, which would prevent it from tipping when the bottle is empty or near empty. Because the spray lever is a good chunk of the weight, and is off center, these do have a tendency to tip over on the shelf (not after they are 1/3+ full, though).",4,0.06458333333333331,3.7215277777777778
Five Stars,Great bottles for the price,5,0.8,4.332313051146384
Five Stars,Nice bottles. Nice thick durable plastic,5,0.3,4.672000000000001
Great bottles!,Got these to just have a few spare bottles that actually work.  Target's small spray bottles leave a lot to be desired.  I've got all 3 of them used now and am very happy with the function and construction.,5,0.31,4.179201940035274
Good strudy basic product,"Pro
Price
Robust
they work and do not leak (for us!)
Used with water, soaps, alcohol, etc., no issues.

Cons
One got dropped from 3' to tile floor. Plastic top shattered, rather a surprise. They 'feel' sturdy, no other issues. Recommended!",4,0.31953125,3.6062962962962963
They work,"Not much to say about the spray bottles, except that they work perfectly fine and it was a good value being able to get all 3 for the price.",4,0.37916666666666665,3.8268055555555556
Inconsistent spray,"These bottles are just OK, but I won't complain for the price.  The problem is that one or two of them loose their prime, and each time I spray it's 5 or 6 squirts before anything comes out.  Not a huge problem, but I was hoping for more consistent behavior.",3,0.1946153846153846,2.7476666666666665
Meh.  They leak.  Here's how to fix it.,"Buy yourself a 1/4 inch ID, 3/8 OD rubber o-ring.  Remove the cap, place the o-ring just over the conical section of the nozzle right before the threads start.  Put the cap back on.  Problem solved.",3,0.14285714285714285,2.9046785714285717
works,for the price you can't go wrong with this buy. My husband does competition smoking and these come in handy for those occasional flare ups.,4,0.033333333333333326,3.56
Exactly what I expected.,Exactly what I expected.,5,0.07500000000000001,3.98
Worked great,"I had to seal around a new facet.
This product worked great, easy applied, easy clean up.
Great sealant for the price!",4,0.5670995670995672,4.304
Nice caulk!,"It comes out smooth, sticks to where it is going, and comes off when you need it to. I am a novice and found it very easy to work with using my Newborn Bros Caulking Gun I also purchased here on Amazon. It did the job, so I am happy with it and will be buying more for other projects around the house.",5,0.4813888888888889,4.0644273504273505
This stuff is the stuff!,"I'm somewhat new to caulking but needed to weather-proof a 100 year old craftsman after our first winter in it proved a little on the chilly side. I got the hang of it after about 1 tube of this stuff and was doing straight, neat lines on the outside frames of our basement windows.
We'll see how it stands up. I figure if it saves us even 5% on the utility bills we saw last year it will be well worth it.",5,0.022095959595959596,4.2
Worked Perfect,Worked exactly as described... Couldn't be happier,5,0.625,4.57
Five Stars,AAA,5,0.0,4.0
GOOD VALUE. Best Regards,"GOOD VALUE.

Best Regards,
Jimmy Wong
VIP AUTO NYC
BROOKLYN, NY, 11220
347-987-3872",5,0.85,4.696818181818182
Five Stars,Good stuff. Excellent adhesion and flexibility. Takes a little longer than expected to cure at high relative humidity.,5,0.2620833333333333,4.0
These hangers work great I installed lap siding on my entire house by ...,These hangers work great I installed lap siding on my entire house by myself. Easy to use and the job looks great.,5,0.47222222222222215,4.633333333333333
Got to have it,If you are hanging siding alone this is a got to have.,5,0.0,4.418666666666667
great product,"if your using 1-1/4 Inch Overlap 5/16-Inch Thickness Fiber cement siding, you will save time and money (less broken siding).  Perfect spacing every time, one person can install.  cannot say enough good about this product",5,0.32222222222222224,4.404444444444444
Won't work for LP Smartside,"I needed these for installing LP SmartSide-12"" width. The ""hook"" end of these were not wide enough for the SmartSide (James Hardie is slightly thinner), and they would not work for anything BUT a 1 1/4"" overlap.
I have tried several brands with no success until I tried a brand sold here called SoloSider (see my review for them).
These, like most Malco products, are quailty built, but will only work for certain siding and a fixed reveal/overlap.",2,0.06084656084656084,2.3200000000000003
best 20 bucks you'll spend,"They are excellent. Zero moving parts 100% steel and made in the USA. Get 4 just so you have some extras. work like a charm UPDATE  used these on a few projects now, like them just as much if not more",5,0.35,4.04
junk  get the Geckos,no comparison to the Gecko gauges just cheap and flimsy...if your a one time install they i guess you might get by with these but if your a two man crew skip the product and make facing gauges out of plywood.  If your a one man crew get the Geckos instead.,1,0.4,2.0075
Five Stars,works fine.,5,0.4166666666666667,4.296666666666667
GOOD FOR CRAFTS,TAKES A WHILE TO HOLD.. SPOILED BY CRAZY GLUE..BUT THIS IS FOR CRAFTS THAT YOU DO NOT WANT TO BE SO STIFF LIKE CRAZY GLUE GETS. GIVES YOU TIME TO MAKE ADJUSTMENTS,3,-0.17857142857142858,3.456796296296296
Four Stars,Okay,4,0.5,3.3553506493506493
Price is reasonable.,I hunted everywhere for this glue.  Local stores don't carry it anymore. Price is reasonable.,5,0.13333333333333333,4.204287407407407
Four Stars,"Hard to get in local stores, but duco cement will get things done for general use.",4,-0.08055555555555556,3.650255681818182
Bonds almost anything,Just one of those glues you need to have around all the time.  While it doesn't have the strength of super glue it bonds almost anything,5,0.3333333333333333,4.212749287749288
Resealable toothpaste-like tube with screw-on cap lasts a long time without drying out.,"It's exactly the same green tube of acetone-based sticky stuff you'd get in the store.
However, if you're not in a rush, you can just add it in to another order and get it cheaper.
Resealable toothpaste-like tube lasts a long time without drying out.",5,-0.01,4.351666666666667
Five Stars,"Boom it's stuck, after a certain amount of dry down.",5,-0.0026455026455026545,4.1818333333333335
keep a tube handy,Duco model cement. Waterproof. Dries clear. A nice alternative to gorilla glue or superglue.,5,0.4333333333333333,4.427505561568061
try this glue FIRST,"Unlike Gorilla glue that expands when drying, pushing stuff apart, this Duco STICKS stuff together as you arrange it. Gorilla glue example- chipped piece on toilet cover, gets pushed out from where you are placing it (Why? after adding necessary water, it bubbles and expands, looking a bit yellow, not clear...none of this is told before glue instructions are read)  .... DUCO cement holds well on most everything, so try this cement FIRST. Great to find online--can't find in nearby stores ! ... everything there is epoxy ! I've used this cement years and years...probably since the 50's !  yes---it's GENERAL PURPOSE cement, so specific cements for specific jobs, might do better !  ..... Could not find DUCO...that's how I ended up with junk ones like Gorilla glue. note; Gorilla TAPE is wonderful...better than duct tape ! It won't stick your fingers together like epoxy !..lol  Have a tube on hand.",5,0.2721117424242424,4.3969924100953515
Very good product,I have some porcelain pieces that did not want to attach to each other with standard glue or Gori*** glue. So I tried this and it worked wonders. The solution is very strong so take caution when using because if it gets on your skin your are in a world or hurt. There are methods to get it off though. The glue held up so far and I would definitely buy again.,5,0.24138888888888888,4.005357142857143
Keep it handy!,"Good stuff, but like any other glue, you can stick things together that you don't intend to, like fingers, clothes, whatever is near the glue. It does take longer to set than the super glue type products though.  I needed to glue a kitchen cabinet knob back on and after getting smart and gluing then taping it to the cabinet door with duct tape overnight, it worked great.",5,0.34657738095238094,4.390480648980649
Five Stars,Nice high quality foam with good adhesive.  Would buy again.,5,0.48666666666666664,4.553
Four Stars,works as expected.,4,-0.1,3.34
That's I guess my bad and not the product,Apparently I need to figure out thickness bc this is extremely thick. I put it up where I had big cracks around an old door and I couldn't shut it. So took half down and scrunched up the other half to get it closed. That's I guess my bad and not the product. Maybe these types of things need a visual reference so I can gauge better in the future.,3,-0.1259920634920635,3.0827777777777774
Clean the surface well before using,Should be a bit stickier. But pretty good. Clean the surface well before using,3,0.42083333333333334,3.540793650793651
Five Stars,good price,5,0.7,4.59
For those of you who can't keep the foam from falling off.,"You will have better luck using this sort of foam if you apply it to the door rather than the molding... so that it compresses rather than scraping across something or having something scrape across it.... won't work well that way.  If you put it ON the door, on the side that you want sealed (not on the edge of the door, not on the door fame, but right ON the door) it will look terrible but will seal and stay in place.  Put thick foam like this one where you feel the most air coming through, and trim it or put thinner foam on the hinge part of the molding, so that the backside of the door presses up against it.  Putting it on the edges of the door, especially UNDER the door will not work more than a couple of times.  Adjust the thickness with a box knife or scissors so that the door can still close, but not pop back open without you noticing.  The cheap hollow-core doors tend to warp in weather changes, so it's good to buy plenty if you have doors you need to have sealed.",4,0.14415584415584415,3.577326388888889
Easy to use and a simple way to help help ...,Easy to use and a simple way to help help insulate the house more. I used it around my front door. I have to change the foam every couple of years. It stops the wind from seeping in the cracks.,5,0.2733333333333333,4.181619047619048
and works great.,"Arrived on time, as pictured, and works great.",5,0.8,4.8
Five Stars,As r,5,0.0,4.0
Exactly what I expected. Used to replace torn weather ...,Exactly what I expected. Used to replace torn weather stripping around my front door and keep air in and bugs out.,4,0.07500000000000001,3.445
Five Stars,Works as advertised.  Thanks.,5,0.2,4.02
One Star,Doesn't stay put,1,0.0,1.935
Works okay,works okay,3,0.5,2.9624675324675325
conformable,Very soft and conformable.  Backer comes off easily which is good,5,0.42111111111111105,4.021238095238095
A+++++,Great for using with the Quanum Fpv Goggles!,5,1.0,4.534285714285714
Great,Works great. I used this to stop my tailgate from vibrating and i used some in different areas to stop various whistles and rattles on my truck,5,0.4,4.270666666666667
Great for insulating and filling gaps.,Great for insulating and filling gaps.,5,0.8,4.406740740740741
Great for gaps around and under doors and under floor molding to prevent drafts.,Great for gaps around and under doors and under floor molding to prevent drafts.,5,0.8,4.496666666666666
Still sticking on garage door seal.,"I'm using this on my garage door outside vinyl seal to help keep the wind out of the garage. I cleaned the vinyl off first with paint thinner, let it dry and attached the tape. It's still sticking after a month or so. It's not perfect, but theoretically should help keep the garage warmer.",4,-0.06333333333333332,3.3659515392015393
Five Stars,works good,5,0.7,4.76
Great for walls or doors,"I used this to protect the wall in my garage for getting damaged from car doors. The entire strip covered all the area I needed for one side, and it cushions well.",4,0.4,3.901076007326007
Aquarium recommended,As recommended I use this to secure things in my turtle take and to keep it water tight. This is the exact brand used by most aquarium builders.,5,0.24285714285714285,4.052333333333333
Good stuff,"Good stuff, a bit smelly for 3-4 days after, so you need a lot of ventilation, but looks great against glass blocks.  Holds well.",5,0.7333333333333334,4.54
Works great. No more leaks.,"Keeps the rain out from leaky windows, doors and outdoor porches.",5,0.275,4.2375694444444445
Highly recommend this silicone,"A month or two ago I VERY carefully took all the trim off of the windows inside my house and caulked all the ""gaps."" It took about 2 days, but the chill around my windows is all gone. This stuff is awesome and dried very solid within 1 day. You can't even tell I did anything, but my heating bill this winter will be able to tell.

I have no idea why the window installers don't do this when the first put the windows in. There were seriously only 2 beads of calking holding my windows in place on each side of the window. No wonder it was leaky and felt cold! I just had them installed about 6 years ago too, so not that old. If you feel a draft near a window, I would think about having a DIY weekend.",5,0.09363636363636364,4.1241666666666665
Three Stars,pretty good so far.,3,0.35000000000000003,3.275
Good Stuff,"Seems to be good stuff. It sticks very well, and good quality. It got the job done and has not come loose.",5,0.4446153846153845,4.640000000000001
It's foam. It's sticky on one side. What ...,It's foam.  It's sticky on one side.  What else can I say?,5,0.0,3.866574074074074
Needs more stick,Very handy but adhesive is not very strong.,3,0.3711111111111111,3.4282222222222223
Five Stars,This was a good deal and fast.,5,0.44999999999999996,4.511666666666667
Five Stars,Works great,5,0.8,4.84
Low grade weatherstripping solution.,The issue I have with all foam rubber tape is its not very sticky and in the end its a very low grade solution to weather stripping. I used it to help seal attic stairs and it does not work very well for that purpose.,3,0.025,2.801228070175439
Worked Great.,"I replaced the 20 year old weather stripping around my front door with this stuff.  Fast and easy, and I can definitely tell a difference.  I'm going to order more and do the other doors around the house as well.",5,0.2726190476190476,4.306167027417027
Five Stars,Good value.,5,0.7,4.74
"Good ""temporary"" seal for cast aluminum boat hatches","Provides an excellent ""temporary"" seal for a cast aluminum boat hatch.  The seal is between the boat and the deck. I use a standard hatch seal for the opening part.  I have used a similar arrangement before and found the seal lasted for more than nine years (under demanding conditions), and would have lasted longer if I had not removed the hatch for repainting. However, I would not use the 9/16 foam tape for a plastic hatch or port-light as there is a good chance of distorting the flanges when it is screwed down, thus causing them to crack.
I emphasize ""cast"" hatches as they are much sturdier than those that are extruded.",5,0.36805555555555564,4.146025432900433
hard-to-find size,"I needed something wide and thick to try to keep rain out of a storage shed.  This arrived today.  Easy to remove the paper backing and it is sticking just fine.  I like the density of the foam.  I'll have other projects for this size.  Glad I found it.

Oh, and after this afternoon's heavy rain, the inside of the shed is dry.",5,0.06979166666666667,4.600555555555555
Good stuff,"Easy  to use and install, just peel and stick.

Make sure you clean the surface before apply the tape for a good and durable bond, simple common sense.",4,0.3428571428571429,3.7081666666666666
"so many uses, economical, quality made in the USA","We have used foam weather seal for many years for many different purposes.  Today I installed this roll in a Sidebar / China Cabinet to block the light seepage in between the cracks in the doors.  One roll perfectly completed the job.  The white peel off tape protector is on the NON STICKY side of the foam. This means that the end of the roll about 6 inches of foam seal is wasted as it is firmly stuck to the cardboard roll.  If the manufacturer put a layer of the tape protector on the cardboard tube they wouldn't have this waste.

Package states 1 roll = 10 feet. 1/2"" wide. 9/16"" thick.  5 year warranty.

I would definitely buy again, when used as weather seal this stuff works *great* to cut drafts in doorways and around windows, thereby paying for itself in short order. It can also be used for sound dampening, light blocking, marine purposes, etc.  The sky is the limit for applications of this quality made in the USA product.  Thermal Products Inc. / Frost King customer service is 1-877-FROST-20

UPDATE: within 2 days the weather seal has pulled away from the wood since there isn't pressure holding it firmly in place. I have again pressed into position, will update if it continues to become a problem. Dropped a star for weakness of sticky bond.",4,0.18947368421052624,3.555185527146465
"Not bad, but....","I needed this to insulate around my slider after I installed a doggie door. It did the job required, but the glue did not hold well.  I am disappointed.  Is it excellent?  I don't really know what an excellent weather stripping would be, but I would think that as a self adhesive type, it would stick much better. They all seem pretty much the same to me.  But, if it had held better, I may have given it more stars.",3,0.3409090909090909,3.12
Five Stars,Good calk,5,0.7,4.562
best low oder caulk on the market but do not ...,best low oder caulk on the market but do not keep it the tool box for 2 years like I did or it comes out as sludge,5,0.5,4.4399999999999995
"Good product, good price",Very useful in specific applications when you want clear. We use it regularly and can't complain. Will buy it again when needed. Good price compared to some local big box hardware stores.,4,0.28777777777777774,4.08
Good product,"Works well, as intended.",4,0.7,3.5308333333333333
Five Stars,Really good product. Expensive. But works.,5,0.09999999999999998,4.3
Five Stars,Great lasting power,5,0.4,4.315958333333334
Quick beautiful finish,"Good all around choice.
Ive used this for the tub/shower and outside for the bathroom vent.
Short working time though but it seals and is brilliant shiny white when finished.
This is not a painters caulk so be careful if that is what you need.",5,0.33541666666666664,4.235433333333333
This Dap caulking was just what I needed,This Dap caulking was just what I needed.  I bought two tubes.  One black and one gray.  I mixed them together to get a dark gray and then used that to fix a crack on my car's dashboard.  Worked great.,5,0.12083333333333335,4.119124803767661
Perfect color match!,"I tried to find a medium gray calk in every local store I could think of.  All of them seemed to have a very light gray and a dark gray, nothing in between.  Since I had to match the vinyl lumber my steps are made from. it had to be the right color or it would look weird.  This did the job and looks great!",5,0.30795918367346936,4.361722222222222
"Excellent product, but requires high level of skill","100% Silicone is one of the best types of sealants, and this may just be the best I've used. But be warned, it is extremely difficult to get a nice perfect bead, even if you're good at caulking. Basically you can only touch it once- as soon as you lift your finger for any reason (to wipe away excess caulk, or continue the bead), it's nearly impossible to continue from where you left off without messing up the bead. And if you try to go over the bead again to fix it(big mistake!), you'll make it much worse- so for minor imperfections, it's better to just leave it.

For this reason, I recommend using transparent caulk when possible, since these minor imperfections will be less obvious. I also recommend cutting the caulk nozzle smaller than you think you'll need. The next time I use this caulk, I'm going to try using 'CAULK-EZ' brand tooling aid (http://smile.amazon.com/dp/B00ILFLH2Q). I haven't used it yet, but if it works half as well as they claim, it will save a lot of time and frustration, and be well worth the cost. And as always, use a good dripless caulk gun (I use 'Dripless Inc. ETS2000 Ergo', best one on the market imo, http://smile.amazon.com/dp/B0002CKG1O), and if your poker isn't long enough, just cut up a wire hanger to make a poking tool.

This sealant cures extremely quickly- nearly instantly, in the hot & humid conditions I used it in. It also had very little odor when I applied it, and that didn't last long.

Note: There are several extremely similar versions of this product. I bought these locally at Lowes to guarantee a fresh product, so it may not be exactly the same one. I'm reviewing GE Silicone II, non-paintable, both white and clear. The white version says '30 min rain-ready', the clear might have been 3 hour, and one of the clear tubes I used said kitchen & bathroom on it. As far as I can tell they're all pretty much the same (obviously the white has a much different appearance).",4,0.13332499999999997,3.5715
Clear after WEEKS of curing!,"Please understand that it goes on white, and takes WEEKS to turn clear.  Other than that, everything stated is correct.",4,0.02500000000000001,3.4386666666666668
"Works well, adheres well.","Unlike some of the other reviewers, I've had really good luck with GE Silicone Caulk and I have used most of the varieties. I really like this caulk, it spreads and smoothes well, adheres very well and cures quickly. It is expensive but having also used some of the cheaper caulks, this product performs far better and is worth the extra money.",5,0.1875,3.9499983333333333
Something happened top this caulking recently,This stuff use to be good. Now it won't cure. Perhaps it's no longer made by the hard working US taxpayer....,1,0.2270833333333333,2.5633333333333335
Glues anything,I bought it to glue glass to hard rubber. The hard rubber is on an orbital sander and the glass is glued to the orbital sanders sanding pad. Under intense vibration the glass has shown no sign of loosening.,5,-0.1277777777777778,3.9152037037037037
Five Stars,"EXCELLENT VALUE.

Best Regards,
Jimmy Wong
VIP AUTO NYC
BROOKLYN, NY, 11220
347-987-3872",5,1.0,4.706818181818182
Five Stars,Works well will buy again.,5,0.0,4.24
Switch to Sashco products unless you like re-caulking a lot,"Yellows, cracks and shrinks.  I thought it was caulk.  Switch to Sashco products unless you like re-caulking a lot.",1,0.0,2.362545396825397
"Worked well on outdoor deck, applied mid November","I purchased GE Silicone clear cartridge to seal the seam between new deck and the house.  I applied in mid November at a temperature about 50 degrees.  The next morning it was perfectly set, despite some rain during the end of the day when I applied it.

The only glitch: I am not a very handy person, so I am not sure if this is normal or not.  When I cut the spout, I had trouble getting the silicone to come out until I broke the seal formed inside of the tube with a small screw driver.  The application was easy, the silicone gave me some time to work with it until it set.  I found that the gloves were getting in my way, and I used my bare fingers to spread the silicone.  I was able to clean up fairly easily with applying rubbing alcohol to my hands after the soap/water round.

Update 11/2012

A year later I needed to use more clear caulk. I had absolutely no hope that this old cartridge would still be usable but I gave it a try just to see if it was totally hard... and to my amazement a big wet glob came out! It was still pliable and usable.

Ali Julia review",5,0.08547157970234893,3.4170789610389614
great caulk,great product. works as described,5,0.8,4.8
great caulk,great product. works as described,5,0.8,4.8
Good product,"Good product that ships fast. Decent price. Not cheaper than my local hardware store, but worth the cost since it saved me an unnecessary trip.",5,0.23809523809523808,4.58
Good caulk,"Great all around caulk.  I use this indoor and out and have been very please.  Has good flexibility and is easy to apply.  Also, water cleanup is the only way to go.  Can't say I'll be around in 35 years to check on it, but seems durable.",4,0.47222222222222215,4.1899999999999995
Five Stars,exactly as agreed,5,0.25,4.12
Good Caulk,"I am no expert when it comes to calking.  But I did find this product easy to use and seems to work as advertised.  I ordered the slate gray to match my laminate countertops.  I used the product to seal the gap between the backsplash and the wall.  It looks very good, even considering my lack of experience.  I recommend this product.",4,0.681111111111111,4.08
Five Stars,great!!!!!!,5,1.0,4.8
Dap Crystal Clear Caulk,Luv this stuff!!!!  Works great but takes up to 7 days to cure fully..........hurry up and wait!!!!  Highly Recommended!!!!,5,0.544921875,4.354294871794872
Five Stars,Good stuff,5,0.7,4.3
"Worth the money, does the job, easy to apply","Easiest caulk ever, matches both grout & sealant + no more crack",5,0.16111111111111112,3.7944444444444443
It does what it's supposed to do.,"Okay, not many people need black caulk. I did, because the metal surrounding my windows is black. It does what caulk is supposed to do.",5,-0.02083333333333333,4.223333333333334
Pr**e was once great,"Hard to write an accurate review when they are so heavily censored. But we will try, here we have another Pr**e item that has doubled in cost and is no longer in any ballpark on price.",1,0.17708333333333337,2.48560641025641
Execelent Caulk,Its works ok but I ordered the wrong color.,5,0.0,4.26
Lousy caulk.,"This is some of the worst caulk I have ever used. I should have stuck with the GE silicone but this was cheaper and you get what you pay for. Does not flow well and does not stick well and does not seal well. Really does not do anything well. When I contacted DAP, they didn't seem to care and would not replace the caulk or refund my money.",1,-0.43333333333333335,2.003660714285714
Excellent,"Alex/Dap has been a very well-known name in light-duty caulking cartridges.  These cartridges are very useful for painting and filling applications around the house. Given that caulking cartridges are best when they are fresh, one should buy cartridges that are in the early stages of their shelf life.  Amazon cartridges were very fresh.",5,0.4828571428571428,3.7977051282051284
Excellent choice,Used caulk on an outside deck.  Material appeared very fresh and was easy to apply.  Uniform reddish brown color is attractive.,5,0.5246666666666667,4.1118240740740735
Better than at orange or blue...,"Exactly what I wanted, and at a better price than the hardware store (delivered right to my door).",5,0.3071428571428571,4.413238095238095
Its the perfect answer to all my mistakes.,"Well, not everything I did was a mistake but there were more than Id like to admit. I do a lot of my own building and am making a lot of repairs to my current house and a log cabin I have. When I did a lot of roofing & siding work I assumed water would flow down and away so thats how I built everything. Along comes winter and the dreaded ice dams and now water flows uphill and under everything to then leak into the living spaces. I pulled some vinyl siding off to put on an addition and after only a few years enough water had gotten behind the siding and even the house wrap that it rotted away some large sections of OSB. I found the source of leaks to be where water ran down the sides of some window J-channels and where a sloped roof met an outside wall. I pulled off everything, made the repairs and then put all the trim back with healthy does of this sealant and the leaks are now gone and ice cant push up under it. I also use the clear around my wood stove pipes & roof flashing and it seals them tight so no water running down the pipe onto the stove when strong winds are pushing heavy rains. Im putting flashing over all the exposed wood fascia and this stuff ensures no water gets under it. if you vinyl siding you are likely getting water damage near the windows so don't assume that because you don't see it its not happening. Ive no gone through about a dozen tubes of this stuff over the past few years and never had a problem with it and have stuck a large nail in open tubes and since its flexible the nail comes out easily and the product is still usable. Its also a good adhesive so I can attach flashing with a minimum of exposed nail and/or screw heads. For exterior work its the best product Ive found at a reasonable price. Ive even had success with it on sealing gutter leaks in the connectors.",5,0.14666666666666664,3.955208333333333
"OK,  better  Products  that  last  longer  and  much  stronger","OK,  but  go  with  Loctite  Products!",4,0.365,3.76
Four Stars,BUY AGAIN,4,0.0,3.94
Works Well.,Nice product; works as intended; no surprises; hard to find in our locality; recommended.,5,0.15416666666666665,4.08
Gray,Just what I needed.,5,0.0,3.9457585034013603
Works great!,Works great. No issues. Much better than regular caulking by far,5,0.48,4.8
so far so good,"50 year caulk. how do you review that? The brown is a light milk chocolate, the white is white. Goes on and smooths like latex.
No need to pierce a membrane with this product.",4,0.24,3.3087098717948717
DAP white,"I have purchased and used both the DAP clear sealant and this DAP white sealant regularly around my house for a variety of tasks, indoor and out.  The white works as well as the clear and seals very well, is flexible waterproof, crack-proof and paintable. DAP is also mold and mildew resistant.  The white coloring blends well into white surfaces with the need for painting.

I have never had it shrink, the most important thing to remember is to use it generously enough to fill the gap that you are trying to seal up.

DAP works well but can be found cheaper than the 6 dollars here (around 4 bucks) at the major home improvement box stores.",4,0.10480769230769231,3.5059843749999997
Absolutely the worst I have ever used,"I have been using caulk for a long, long time and I can honestly say this was the worst experience I have ever had.  It was used to seal a window.  First off, minimum set up time is 7-14 days, (despite DAP online instructions stating it sets within hours) ridiculous.  After that, it is supposed to remain somewhat flexible like silicone, it does not.  It is gummy and easily punctured with indents appearing randomly even after your smooth bead has begun to dry weeks later.  Second, it shrinks more than any other caulk I have used.  Supposedly the clear shrinks more than the other colors, but I would never use it again anyway so I don't know.  What I do know is that it sets into a thin, and I mean ultra thin layer that is very difficult to get scrape off, which you will most likely do once you see how much it shrinks.  I even set up a dehumidifier to help the curing since it was used for a basement window.  (Two of the uses written DIRECTLY on the tube). The instructions on DAP's site are incorrect about set up time, and I have read of people getting refunds due to this.  That still doesn't pay me for my time of having to remove this junk and start over with another caulk.",1,-0.04836309523809524,1.7145926492738033
Good product to use around the house!,"Owning a house I am constantly fixing something. I use a lot of this Dap Dynaflex 230 premium indoor/outdoor sealant. This product is nice to have around as it dries clear and so it goes with almost any repair on any color. It is even paintable. This product makes a flexible waterproof seal that is also crack-proof. It is good to seal out water or air leaks around doors or windows.

The product is mold and mildew resistant. I even use it to seal out spots where insects like hornets can get into small holes to build nests.

I have had it shrink quite a bit and I deducted one star for that issue. It just makes me seal some larger areas more than once.",4,0.31562500000000004,4.013611111111111
The steamer works perfect. I was very pleased,"The steamer works perfect. I was very pleased, It gives you a powerful steam coming out the tip. It works for a very a long time for seemingly endless steam power.",5,0.4871428571428571,4.54
Good Reservoir Capacity,"Choose this model because of the mobility and larger capacity reservoir. Never had used a steam cleaner before, and hoped it would work miracles on the kitchen grout. Did not perform as well as I had hoped, although the tile and grout were cleaner when done, but it required multiple passes and scrubbing with the brush attachment, The brush bristles quickly withered and some started coming out during first use.",4,0.25666666666666665,3.6284494217537695
steamers are ok,"as far as steamers are concerned, this one rocks.  very well made, great product.  i prefer the mop with the swivel basket.",5,0.4,4.38
This is the one you want...,"After doing my homework, I decided for this model.
It has been a long time since I spent money that wisely. This is a great item.
The quality is superior and the price is amazing. You'll be pleased.
The heating is fairly fast with 16 Oz of water (*) and it's ready to operate in about 5 minutes.
There is enough pressure to clean dusty old stuff and remove grease and grim.

I love it.

(*) Maximum capacity 48 Oz, which I didn't experiment with.",5,0.2127450980392157,4.585142857142857
Very useful if you understand its limitations,"I've had this steam cleaner for about 6 weeks and have found it to be an excellent addition to my cleaning tool arsenal. It does have its limitations, however.

The positive features is that it's easy to setup and use, and the compact shape makes it easy to find a place to store it when you're not using it. Setup is a snap - just attach the handle using one screw, and the manufacturer is thoughtful enough to provide an extra long, thin screwdriver since the handle screw is recessed. Nice touch. Also comes with a lot of attachments for pretty much anything you'd want to clean (grout lines, counter tops, floors, windows, BBQ grills, etc.).

The biggest plus is the price. I've looked at steam cleaners for years, but was always put off by the steep price tags. Some of the high end European models run $1,500 or more - for that kind of money, I'd rather pay someone to clean for me! So, a low price is a big plus.

BUT, this low of a price means you're not getting the functionality of a high end machine. For example, the steam is pretty wet, and you'll also get a big dribble of water when you start up after pausing for a few moments. The tank is rather small, and you can't add more water without letting it cool down first. The attachments are OK in terms of function, but wear at a fairly fast rate. Build quality is good for the price paid, but you'll need to take care that you don't damage the wands since they are all plastic.

All in all, however, I'm happy with this. It makes it much easier to clean grout lines on my kitchen counters and floors, which is the main reason I got it. Again, it's not magic - you still need to put some work into it, but it's much, much, MUCH easier than using a scrub brush. What works well for me is to spray on some grout and tile cleaner first, let it set for a moment, then hit it with the steam. Wipe up with a clean microfiber towel and move on to the next section. I can do an entire room in the time it used to take me to do a small area with my trusty scrub brush.

I've also have had good results using it to clean soap scum off tiles and shower doors, getting in the nooks/crannies around faucets and toilets, and cleaning drips/spills in the oven and on the range top. Light to moderate dirt/grime comes up with just steam. More intensive messes (or ones that are very greasy) need to be sprayed first with a spray cleaner (409, Fantastic, or whatever brand you like) to help the steam do its work.

And remember, it just sprays steam - it does not suck it back up like a carpet cleaner. Keep a towel handy to wipe up the water and loosened dirt. Microfiber works best, but any absorbent rag will do.

Couple of points to keep in mind:

1) Use distilled water, especially if you have hard water. A build up of scale/mineral deposits will kill a steam cleaner very quickly.

2) Wear ear plugs if you're working in a small room (such as a bathroom). The noise level can really get to you after 20 minutes or so.

3) There's another model made by McCulloch that is exactly the same as this except that it has a slightly longer hose and a different colored casing. Pick whichever one happens to be on sale/best price - they are functionally identical.",4,0.20891377543551454,3.6384040714821966
"I got a bad casting, and it snapped the collet holder",Not high quality at all. I think the model that is pictured is the best one they have ever made.,3,0.0733333333333334,3.519
China's finest,"It's a knock off of Harbor Freight,
It's not a bad tool, just not a good one earthier.
Made in China",3,-2.7755575615628914e-17,3.302862041184622
"Good, not great","This vice as shipped is different than the one shown on the web site as the method of attaching the upper cross slide screw is changed.  Not a big deal, but not what I was expecting.  The vice itself is serviceable, with a fairly smooth action and not very much back lash.  The base is not tall enough for the lower cross slide handle to clear, so it must be mounted up on another sub-base to function, which was easily done, but inconvenient.  Still, it's a pretty good value considering the price.",4,0.05196078431372548,3.71334126984127
Five Stars,Nice,5,0.6,4.672
Five Stars,very nice part.,5,0.78,4.672
Reasonable price and quality.,"The only reason I didn't give this five stars is the amount or work it took to clean it up and smooth everything out.  For the price it is a very good investment for anyone with a drill press.

When it came it was covered with heavy machine grease and was anything but ""smooth"".  Travel had binding spots and just felt off to me.  I took it completely apart and cleaned it off with mineral spirits, then gave it a light coat of machine oil.  Then I spent a lot of time with wet or dry paper polishing all the travel surfaces.  Putting it back together was easy and so was adjusting the slides.

I've only used it a few times, so far.  But there is no slop in the travel and the head stays firmly in place.  I am not saying that this is a piece of precision use equipment, but for the casual user that wants some control at a reasonable price, you can't go wrong.  Just be ready to spend a little time working out the rough spots.",4,0.07023333333333333,3.7661591445341447
I thought this was pretty decent. It's not the best cross-sliding vise around,"For the price, I thought this was pretty decent.  It's not the best cross-sliding vise around, but it certainly gets the job done, and is sturdy.  You can tighten it down very secure.",4,0.37911816578483243,3.7039761904761903
Three Stars,"There is no installation, operation or maintenance guide for the cross vice.",3,0.0,3.0
"Wrong picture, but fairly good milling vise","Need instructions to fine tune the slide action.  Very heavy duty and did the job I intended it for.  Could not orient the vise to drill adequately.  But not sure if it was my drill press, the vise of me that could not get the right position.",4,0.10321428571428572,3.608704585537919
This is very useful and very affordable!,"Before reviewing this item I should explain how I came to use it. I was reading a recent special issue of Popular Woodworking Magazine entitled ""The Ultimate Guide to Tablesaws 2004"". In this magazine I found the article ""19 Step Tune-up"" by Paul Anthony. This article explained a lot to me and really emphasized the importance of keeping your tablesaw (and other tools) properly adjusted. He explained the many components of a tool that can be checked/calibrated using a dial indicator. I assumed throughout the article that he was probably using some $300 model that would forever be out of my reach. Imagine my surprise when he revealed that he was using the Grizzly dial indicator with magnetic base attachment, and that these items are precise and affordable on every budget!

Now for my review: Grizzly shipped my order in their usual speedy fashion and I have to say I am well pleased with this purchase. Once you hold this tool in your hands you understand that it is good quality without being frilly. The construction seems perfectly adequate, and my tests show this gauge to be quite precise as well. Within minutes after setting up my dial indicator I was able to determine that the aging blade on my tablesaw was no longer flat and needed to be replaced.

All in all, this is a smart buy that will allow you to fine tune your tools and check precise calibrations without hurting your pocketbook one bit.",5,0.2300649350649351,3.8365278195488726
Five Stars,worked great,5,0.8,4.621428571428572
Five Stars,AVERY GRATE PICE OF EQUIPMENT ; THANKS VERY MUCH.,5,0.23,4.37
Five Stars,Works great and price is right.,5,0.5428571428571429,4.728571428571429
Good enough for light use.,"For the price it is a great value. If you are looking for an indicator that will be good for true close tolerances, buy a Starrett or Mitutoyo, but for an occasional use indicator for backlash or drill run out, this works fine. One problem, as noted in other reviews, the mag base is very weak.",5,0.17765151515151512,4.096127819548872
Just average,Wanted a second wood vise for my work bench and didn't want to spend a lot. Works fine. Nothing special about it but it works.,3,0.15595238095238095,3.2133333333333334
Very handy!,"Greatly simplifies tool alignment, especially table and chop saws.",5,0.5916666666666667,4.358177777777778
Well made,Another well made product from Shop Fox. Use for light hobby use.,5,0.4,4.182166666666666
I love it,Easy to install.,5,0.4666666666666667,4.566222222222223
Two Stars,"not great quality, spend the extra and get something that is good",2,0.09999999999999998,3.255
Five Stars,"It is match as I need, Thanks",5,0.2,4.45
Goodz tooz goz,All good here make sure to put some locking washers on the piece that holds the dial indicator. And tighten down the micro adjust all the way and your good to go.,4,0.43611111111111106,3.6135385338345865
Great Value for Low Cost,"I was in a previous career a professional auto tech for over a decade and used several high-end dial indicators; so this experience is my reference for basing this review.

This magnetic base, stand and indicator seemed of relatively comparable quality to ones back in the day that were hundreds of dollars.  The only place I could notice any difference in quality from a more expensive one was in the dial indicator itself and the magnetic base.  The actual dial indicator seemed a slight bit more flimsy and not as durable as pro grade ones and the base's magnetic clamping force seemed a bit less but this was still fine for my use as I only needed this to setup a one-off automotive ring and pinion gear swap.  Most importantly it seemed accurate enough.  This set also came in a decent blow-molded plastic case for storage which I appreciated.

All in all it's at least to me remarkable that nowadays one can order and receive in two days a precision measuring device of this quality for only $30.",5,0.0369047619047619,3.875159854180907
Good cheep vise.,"I works good and was easy to install.  I did take it apart and lubed the screw shaft for easy action.  I would have liked to have a beefier handle, but i guess i could have bought a more expensive vise.",5,0.37083333333333335,4.181323633156967
Nice Vise,"Received this via ""prime"". Its a lot larger and heavier than I expected. It seems to be well made and I didn't experience any out of square closing of the vise as some others had. I did have to tighten the 2 guides as they were not seated properly. A very easy task. So far Im satisfied with this item. Shop Fox is well known for crappy paint jobs but this has been painted properly. I expect to get a lot of use out of it, and didn't have to pay a fortune for it. Your going to need mounting bolts and nuts for it (1/4"").",4,0.23761904761904765,3.4718236331569665
Four Stars,good tool,4,0.7,3.993111111111111
Just what I needed,Outstanding product. Heavy but accurate.,5,0.23333333333333336,3.993333333333333
Four Stars,Works as advertised....,4,0.0,3.26
Five star purchase experience,"Quality product, great price and fast shipping",5,0.5,4.481
"Great, accurate, heavy-duty product with some QC issues","I bought this for woodworking, primarily for setting up my jointer and adjusting the jointer knife height.

It came in a thick plastic case, which is more than I expected. It could've been padded, but since I didn't expect a case at all I can't fault it too much.

Assembly was easy and the instructions were very clear and not Engrish-y at all, unlike most stuff like this. The instructions were clear, to the point, printed on thick stock and included lots of pictures. Way better than what you usually get here.

The machining on the base is clean and pretty much flawless. Smooth surfaces are smooth as glass. *Very* heavy. Feels like quality, more than the cost would suggest.

When placed on my cast iron jointer bed, the magnet holds solid as a freaking rock. Almost impossible to move.

I tested the accuracy with feeler gauges (zeroed out on a table, then slid the gauge under the measurement rod). The measurement was so close to the value on the feeler gauge that it was probably due to human error while zeroing it out to the table's height and not error in the tool. Even so it was (by my eye) no more than 1/10,000 of an inch off, and more like 1/50,000 to 1/100,000 of an inch. Accuracy is not a problem here, I think.

There are lots of adjustments, included one I *love* and didn't expect. The middle of the horizontal rod has a micro adjustment screw. As you loosen and tighten it, the dial moves up and down by tiny amounts. It lets you insanely close to the surface of an object. The action is smooth and easy.

So, if the unit is so great why is it three stars. Well, three stars isn't a horrible score, but there's a severe quality control issue. The unit I got has one serious flaw. The dial came WAY off of 0. By default the gauge reads around -10 thousandths. It is impossible to adjust the measurement rod to zero it out on the zero mark, but you can adjust the actual measurement markings - so I brought the zero to the needle instead of vice versa. This isn't a perfect solution - you can't zero out the ""hundredths"" gauge (the one in the middle), and the whole face is tilted over since 0 is in the top left instead of at the top.

It seems like you could insert a washer between the top of the rod and the body of the gauge, and if you used the right size washer you could adjust the needle back to 0. It already includes one thin metal washer and a rubber o-ring. I don't have a tiny diameter, super thin washer to use for this, and I shouldn't have to. It really should have come calibrated to 0. I contacted Grizzly support to see if there's a secret way to adjust the needle but haven't gotten an answer yet.

If it turns out that the unit is easy to fix, or if they can make it right otherwise, then this is a 4 star unit, maybe more like 4 1/2 star. I'm not really sure yet if I want to go through the hassle of a return, since it does work really well otherwise.

There's also no way to ""tare"" the unit beyond the hundredths place. You can rotate the measurement scale so that zero is wherever you want, but that only works for a single rotation of the needle. You can't zero the center ""hundredths"" dial. This isn't a big deal since I got this to deal with thousandths of an inch, and zero'ing out is just a shortcut so you don't have to do subtraction. Still, it is something to think about.",3,0.10342735042735042,3.0169505708716233
Good value for money,"This has been working great. Use it to measure run out and bounce in truing my spoke wheels.
Magnetic base is strong. Holds in any position, horizontal or vertical.
Action of the probe is smooth, doesn't catch or drag through entire length.
The clamps haven't given me any issues, just snug to the point where they don't rotate or slide. Doesn't take much.

It came well lubed in oil. good for rust protection I suppose, but it was king of a slippery annoying mess.
The case exists, that's about all. It's a really basic blow-molded case. You'll have to take the base off to store it in the case, and everything rattles around because the molding is just a cavity, and not formed to fit.

There will be some flex if you're way out at the far ends of each rod, and the flexible joint introduces some play, but it doesn't flex under the light load of pressure on the plunger.

I can't comment with authority on accuracy of graduations, but within what I'm reasonably able to measure, I can't say it's off.
All in all, much more accurate that eyeballing measurements, and good value.",4,0.1742063492063492,3.9717254901960786
Great buy,The magnet and adjustable arms on are heavy duty and reliable.  The dial indicator is accurate and definitely worth the price.,5,0.32500000000000007,4.195
It is great..,"It is great...for the price, this is a great little DTI. The base, rods work great, and the adjustment on the rod is an excellent feature...love it
One year later, and it is still going strong...I use it all the time in the workshop on a Lathe...Love It!",5,0.34464285714285714,4.668333333333333
Five Stars,good,5,0.7,4.562
Three Stars,"Not the easiest to use of any set I have worked with, but it works ok",3,0.5,3.3200000000000003
"Cheap junk, a roll of the dice, don't depend upon it working.","Exactly the same as those sold at Harbor Freight.  Does not clamp the gauge solidly motionless or even close, has at least .1"" play - useless.",1,-0.024999999999999994,2.4225091575091575
good cheap dial indiactor,"well this dial indicator definitely works, i do have to say the magnet base portion of this thing is kinda flimsy, but just have some finesse and it will work just fine for you

rated 4 stars due to the magnet being kinda shtty but you know 30$ for a dial indicator is better than paying 100$ for a snap on one

but if you do measure like crankshaft end play or any thing else extremely important i don't know if this will suit your needs for a ""built motor""",4,0.18645833333333334,3.3771408065618593
Five Stars,100%,5,0.0,3.8966666666666665
No way to zero out the dial itself,"I used this item to level out the blades on my jointer. It'll do the job, but first make sure your base is level. I have a bench jointer and the outfeed base is not perfectly level. Both the infeed and outfeed bases are aluminum stock and there is enough flex in them to cause them to bow a bit between the four bolts that hold them down. No fault of this dial indicator. The jointer just has too-thin aluminum bases. However, I have to move the base of this dial indicator back and forth on the outfeed base to zero out the blades. Have to account for the base's unevenness. It gets four stars as there is no way to zero out the indicator itself. Instead, you use the fine adjustment screw on the arm to zero out. Kind of inconvenient and dumb.",4,-0.25759259259259265,3.231813289634342
Five Stars,Nice heavy and accurate instrument,5,0.26666666666666666,4.562666666666667
Five Stars,"Works great, used it to true my new table saw sled quickly.  Love Grizzly products.",5,0.44659090909090904,4.516666666666667
Weak magnet in the base,The dial-indicator is OK for the price. The mag-base is very marginal due to the weak magnet.,3,-0.1625,2.8775093010303534
"Solid wheels, nice compound tread, quiet but tough.  Swivels well, locks well.","Very solid wheels, nice wheel compound.",4,0.13518518518518519,3.7411666666666665
Three Stars,base hard to use meter meets my needs,3,-0.5458333333333334,2.8208333333333333
Smooth running wheels-great breaks,replaced old stem wheels with these on an abused cart-works like new!  strong breaks as well.,5,0.2759469696969697,4.438855866355866
Five Stars,Very nice for the money,5,0.78,4.636
Five Stars,Works great! As described. I would purchase again.,5,1.0,4.48
Five Stars,Thanks,5,0.2,4.45
Five Stars,OK  as advertised,5,0.5,3.94
Very nice indicator.,"I was on the fence about getting this after reading reviews saying there were problems with the adjustment screws and so on, but I went ahead and bought it for tuning up my table saws and adjusting 80% jigs for recievers, and I am very glad I went with this product. The adjustment screws do have plastic handles on them, yes, but the plastic is such a thick guage that I don't understand what people were using to break them. A10 lb sledgehammer maybe?
The micro adjustment is great, I like being able to rough in using the adjustment knobs, and then fine tuning my standard. The magnetic base holds very well, and releases quite adequately.
All in all, this is a heavy duty constructed dial indicator, which should shrug off way more rough handling then should be applied to a precision instrument.",5,0.17866666666666664,3.914139724310777
Thread damaged before able to use,"On first use the threads in one of the tightening nuts stripped.  As I had not used this item before I was slowly creaping up on a the force required to secure the arm.  The thread stripped before I could get it tight.  I was unable to make even a single measurement.

The threads on one of the nuts, securing the arm to the shaft, stripped on first use.  I was unable to make a single measurement.  As I had not used this device before I was slowly creeping up on tightening the hand turn so as not to over torque.  The threads stripped before I could get the arm to stay in place.

I did not purchase the cheapest magnetic base with dial indicator for the reason that I did not want one that would break.  I did not go far enough up in quality.

I did not want a replacement as I fear that the new one might break in 6 months and I would be unable to return it.

The overall quality of this item is not particularly good though it would have worked for me if it had not failed.  If you want one of these, even if you don't intende to use it frequently;  get a better one.

Previously I returned a defective wood clamp to Amazon and my money was refunded with no additional questions.  I fully expect that to happen with this one which I am returning today.  This gives me considerable confidence when buying from Amazon.",1,-0.05007528703180878,1.864813193698532
Five Stars,like it,5,0.0,4.122
Top Quality,Heavy Duty with a great Locking design. Rolls smoothly.,5,0.375,4.169047619047619
Five Stars,Sturdy and smooth rolling,5,0.4,3.9593333333333334
EXCELLENT casters - solid as a rock,"These are the real deal. I elevated my 300lb workbench with these. Rolls so easy now and when locked, it's solid as can be. I probably could have gone with two lockers instead of four, that's how solid they are. Now my workbench is much higher and more useful since I can move it out of the way. Great solid product.",5,0.31666666666666665,4.1215370370370366
Economical entry into precision measurement,"There's a lot to like about the Grizzly G9849 Magnetic Base/Dial Indicator Combo.  The base is substantial and the switchable magnet holds it strongly to any steel or cast iron surface.  There are enough rods and clamps to make it useful in many situations.

There were a couple of issues that prevented me from awarding 5 stars.  The first one is that the bolt that holds the dial indicator to the rod clamp is quite difficult to tighten.  There is no screwdriver slot or socket head, so the only way to tighten the bolt is by using your fingers on the round, lightly knurled, small diameter head.  It's difficult to get your fingers between the indicator body and the rod to exert enough torque to keep the indicator solidly in place.  I may try to grind a screwdriver slot in the head so that I can use a tool on it.

One of the rods has a 'micro-adjuster'  in the center of it that is supposed to let you make small adjustments in the indicator position.  I find this feature to be pretty useless.  The joint is unstable, moves too easily, and it can screw up your measurements if you're not careful.  I usually avoid having the micro-adjuster in the setup by moving the indicator to the same side of the adjuster as the clamp that joins the 2 rods.  I would prefer to have a single, solid rod and will probably get one in the future.

The base is decent, but it would be more useful if there were more than 1 tapped hole in it.  I would like it if there were 1 or 2 more tapped holes, in other faces of the base.

One more thing.  If you are looking for an indicator to measure the runout of precision spindles, this is not the best one to choose.  To measure runout accurately, you are better off with test indicator with a 0.0005"" graduations.",4,0.056234335839599,3.4614242424242425
"Works very well, very accurate","The only complaint I have about it, isn't even about the item, its the case, I wish the case was made so that you could put the indicator in it assembled, instead of taken apart.  Otherwise it is pretty fantastic and works just as well as my expensive one at work.",5,0.08142857142857148,3.9749999999999996
It does the job,"My only complaint is that the adjustment requires a lot of effort.  Once you figure it out though, you will find that you have a really good instrument.  The magnetic base is especially useful.",4,0.03999999999999998,3.575733333333333
Good value.,Somethings you just can't go digital and with a dial gauge I find that you can't get a feel for the movement with a digital clock gauge. This one is good value in a nice case.,5,0.4,4.72
HEAVY duty,I capitalized heavy as the unit is about 5 pounds. They apparently overcompensated for the complaints of ease to break. The main arm is 5/8 dia and the second is 1/2 dia  - plated steel. The stays and stay screws are spring steel with plastic finger tabs. The spring-loaded adjustment on the secondary arm is really cool and easy to use. The magnetic base has about a 15-20# holding force. It is plenty to hold the indicator and stand in any position. The previously mentioned would be my only complaint - it is large and heavy. Movement on the dial indicator is smooth and accurate. The type of tool you would expect to find attached to a D8 caterpillar or locomotive engine... Size could be an issue. I have not checked but a job like measuring ring and pinion backlash could be an issue due to the tools size. For my machining purposes it is very usable and quite accurate. For $22 I am very happy.,4,0.06613095238095237,3.7254476190476193
not impressed.  had to send back.,Very heavy and do not turn well. I had to return them.,3,-0.25333333333333335,2.882083333333333
Hard!,"These work as advertised.  I ordered 4 and they arrived quickly.  They seem sturdy and well built.  However the reason I only gave 3 stars is that the main reason one would order roller skate wheels is for the softness, and these are hard - I would estimate 90  Shore A.  (not easy to dig your fingernail into)",3,-0.0621527777777778,2.5259722222222223
Five Stars,great value,5,0.8,4.74
Five Stars,great value,5,0.8,4.74
Does the job,"I like the design - these units have a large load capacity and looked to me to be rugged enough to last (I'm using them on a custom designed stool that rolls around my shop). My only problem is the way the caster attaches - It uses a relatively short METRIC stud, and the hardware was not included. But I can't blame the caster for that - I should have bought the version with a mounting plate in stead of the stud.",5,0.04285714285714286,4.020714285714286
Great wheels but.......,"These wheels look pretty stout, I love the way the shroud covers the bearings. It will be really hard for something to get into the roller bearings. The one thing that kept me from rating this a 5 was there were no specs for the size of the threaded shaft. I assumed it was a 3/8 shaft and had welded ends on my table legs as such only to get the wheels and find they have what appears to be 7/16 threads or could be metric. I am pretty irate since I have to cut off the end of my table legs to accommodate the larger size (another 2 hours of work plus material). I will go to a hardware store to find out what nuts fit the stem.

pros: well built, great bearing protection
cons: adv does not specify the stem thread size
  shaft size too short at only 30mm
  thread size 12x1.75 making nuts hard to find
  does not include the nuts

1/15/2013: I went to the hardware store to find that the thread size was not american but metric, 12x1.75 to be exact. It took a while to find the right size nut but could not find any jam nuts. For the price of these wheels this company should include the jam nuts since they would have more resources than the average purchaser.

recommendation: yes, very well made but be aware; nuts may be hard to find",4,0.16479591836734694,4.0677561327561325
ok but need to be supplied with nuts.,"The swivel post was a a little too big for my scroll saw table and jet lathe so i had to enlarge the holes in stand. I'm thinking i should of got something a little more heavier for my lathe but, i don't move it around much except to clean. They work alright for my band saw",4,0.17023809523809524,3.8060314685314687
"You can get casters cheaper at surpluscenter.com With standard 1/2"" studs","You can get casters cheaper at surpluscenter.com With standard 1/2"" studs

The casters seem to be good but the metric studs and no nuts included sucks. I had to drive a minimum of 38 miles to get nuts.

How'd that work out for me? Not so well. I just as well drove to buy casters in the first place",1,0.12999999999999998,2.46495
Not too shabby,"I'll admit, given the price I paid I expected far worse.  The metal part of these come across as fairly well made and heavy duty, the locks seem to work quite well, and my fish cooker is now easily movable without throwing my back out trying to lift one end of it.

The only thing I could see that might be an issue in the long run is the wheel is just dry bare plastic riding on a dry bare metal shaft..  Might want to take the wheel off and pack it with grease, just to keep the friction down to make it last longer.",4,0.01962962962962962,3.5582539682539682
Easyroller,I am fully satisfied.  The wheels roll well and the brake holds.  The brake lever is easy and positive to manipulate.,4,0.38686868686868686,3.919257575757576
"these are great, at a great price!","I've had these on my Delta contrator's table saw for a while now and they're great, handling the cracks in the floor with ease.  They're easy to operate, locking securely and rolling smoothly.  I've since bought several more to put on other tools in my workshop.  What a great value they are.  As others have stated, the M-12 size metric nuts and washers are easily found, so installs have been a breeze for me.",5,0.4946969696969697,4.715
"Very sturdy, smooth rolling wheels.  Handles a heavy workbench easily.","These are decent wheels.  I purchased cheap wheels before this, and struggled to move even a lightweight wood cart around.  On my latest project (300 pound workbench) and used these, and WHAT A PLEASURE.  Nice to be able to move the whole thing with one hand.  The wheels are not cheap, but it seems you get what you pay for.  With both the wheel and swivel locking, it makes whatever they are attached to rock solid.  The lock is a bit of work to disengage (if you are wearing soft shoes), but doable.  So far over two months, no flat spots.  We will see what the summer heats does.",5,0.21416666666666673,4.310019166019166
great product,very well built.,5,0.5,4.741428571428571
A good product for the price?  Maybe.....,"You nearly always get what you pay for.  I have looked (shopped extensively)around a lot before I bought these.... these are well worth the price.  They are what I would call a good heavy unit in the low capacity type of wheel assemblies.  You can always buy better than this, but you will pay at least double or more to what these will cost you.  Good deal for the money and reasonably well made too!
UPDATE: What I said above has been tested now.
Part 1:  I built a 200# 4ft. X 8ft. plywood work table and installed 6 of these assemblies to make it light and easy to roll.  Loaded it is about 250 to 300# max.  The wheels can't handle it well at all.  The problem is not the wheel itself, it is the chincy metal materials they used.  Soft, flexible, and bends rather than turn on the rollers, even on a flat new cement floor.  Sad. Data: 300# by 6 rollers = ~ 50 # each loading.... pretty over rated huh?!
Part 2:  I made a small cabinet for the Sander I bought on Amazon, and I used 4 rollers to easy the locating of the tool in my shop.  Wieghs about 100# with the sander: works perfectly.  DATA: 100# by 4 wheels = 25# per wheel.  Obviously, typical China Junk.... very overrated.  Listed to handle 220# loads each, and at 50# each they begin to fail.

Derate them by about 400% and you are just about right.  If you must have 50# or more on them, the metal is just tooooo soft and bendable.  Otherwise, just great.",3,0.2169859307359307,3.0633687566913372
"Love these wheels, buy them.","The price was great, buy them when they're in the $5-6 range if you can.  Why buy a swivel for double the price, if you can just buy these and lock or not lock them at your choosing.
They lock well, wheel is then immobile, once the swivel turns to the next click, I'd say 1/16 of a circle, then it locks as well.
The only negative is that they are rather hard plastic which while that is good at reducing the chance of a flattened side, they are rather slippery across the floor.
Putting any weight against them may easily move your stand.",5,0.2046296296296296,4.27004662004662
Making tool stands?  Use 2 of these instead of rotating casters,"Recently made stands for all my shop benchtop tools.  Used locking spinners on one only to find they are just not stable enough for the job.  Put two of these on the back of the stand and two locking spinners on the front and voila, stable, nothing moves when working a piece.  Make sure you get matching locking spinner casters to get the height even.",5,0.1,4.206218842268842
Roll Like a Champ,I bought these casters for a mobile workbench that I was building.  They installed great and roll like a champ.....couldn't be happier!!,5,1.0,4.023333333333333
"Great stuff, maybe as good as Duct Tape to have around",This is great stuff for uncoated handles or repairing any electrical cord instead of electrical tape that comes apart easily.,5,0.6833333333333333,4.737555555555556
Dried up after third use,"My lid was not cracked. I got about 3 uses out of this but after a month it turned into a gummy mess and had to toss it out. I guess I should have put it inside the house instead of leaving it in the hot garage?
Even when it was brand new, I found it to be messy and difficult to work with, never was able to get a clean finish, always messy looking",2,-0.002196969696969703,2.4170925925925926
So far so good.  They do roll OK and the locks work and they don't feel cheap.,"So far so good.  They do roll OK and the locks work and they don't feel cheap.  Highly recommend some oil or other lube on the wheel axle and also the swivel bearings right away.  It appears as if these are pretty far down the ladder as far as the price scale, so I must assume they would be for economy and not super high quality or durability.  Will update after some use and observation if needed.",4,0.2357936507936508,3.735
Five Stars,haven't used them yet but they are well built,5,0.0,4.218333333333334
Five Stars,Great casters for my plywood transporter.,5,0.8,4.237
Four Stars,"very heavy duty. mounted with 2.5"" hoseclamps",4,-0.26,3.623333333333333
Awesome Product!,"Back around 1998, I purchased two cans of red.  I used these to coat around 8 or so lead 'bullet' diving weights.  Fast forward 14 years.  Some 2,000 dives later, the coating is still solid, red and protective.  Couldn't ask for much more.  I would never ding the product in a review for the fact that the lid does not keep the volatiles from volatilizing (an unrealistic expectation).  Unless you freeze the product after opening (as I do with a high volatile content rubber repair compound), don't plan on being able to use any remainder.",5,0.16909090909090907,4.52
Plasti Dip,This is great stuff.  I use it to dip the end of ropes in it and it shrinks up and makes a real tight end that will stay put.,5,0.2660714285714286,4.404285714285714
It works!!,"I was wondering if i was wasting my money when I ordered Plasti-dip, but it works well. It is easy and near fool proof. A couple of tips would be to move slow. Dip slow, extract slow. Start with a good clean surface and don't try to push the drying time. Again, be slow; with patience the results are great. Take extra care in sealing your partial can. If air gets to it it will start to harden. I found a bit of grease inside the rim of the plastic lid makes an effective seal and keeps my product ready for long periods.",5,0.13214285714285712,4.03146136039886
One time use only product!!! Top does not seal!!,"I have purchased four or five of these containers. EVERY one of them has gone hard and dry in spite of properly sealing the container after use. I contacted the manufacturer to complain about the early and quick demise of their product and request a replacement. They refused. They told me to contact the selling store for a free replacement and that the mfg has a replacement agreement in place with retailers. The manager of Ace Hardware innitially told me he has never heard of such agreement. Ace however DID exchange the can for me at no charge. The manufacturer also told me that the container is a ""TEMPORARY CONTAINER"" !!! They advised me to transfer remaining product into an air tight container! It is a little too late for that now it appears. I'd ONLY buy this product if I intended to use it ALL in one day. It works fine when the can is first opened.",2,0.08081349206349206,2.765111111111111
Great for heavy loads,Heavy duty and non marking.  Love them,5,0.22500000000000003,4.108333333333333
Good Product...,Good wheels. Have used this type before and always had good luck with them.,5,0.6999999999999998,4.682
Really nice roller,Really nice roller that has stood up with no problems in my work shop.,5,0.6,4.606
Works great,"These work just great even on gravel. A bit of an odor, but they are in the tool shed. I would buy again if needed",5,0.8,4.68
stinky but great,"yes they smell, but honestly being somebody who has worked in industrial manufacturing, mechanic shops and farm equipment repair, it really isent an overwhelming smell. thats mostly opinion though, im sure some would consider it foul, especially indoors.

great quality though!",5,0.5125,3.8449999999999998
they are awesome.,"The locking mechanism is kinda hit and miss if you don't hit it just right. Other than that, they are awesome.",4,0.5401785714285714,4.223829365079365
Five Stars,nice,5,0.6,4.672
"Smooth and sturdy, non-marring","These have been installed on a tool cart, wood jointer, and soon will be on a table saw.  With space limited, mobility is crucial and these casters are heavy duty and non marring.  Solid wheels hold lots a weight and swivel extremely easily.  Great.",5,0.15476190476190477,4.407879953379954
Four Stars,Holding up so far,4,0.1,3.7416666666666667
Five Stars,This is a great wheel for the price.  Darrell,5,0.8,4.30513492063492
wheel,roll good on dirty shop floor,5,0.04999999999999999,4.175134920634921
Not suitable for enclosed or non-ventilated indoor use.,"These wheels are functionally very useful and sturdy, however, that functionality is vastly overshadowed by their noxious and offensive odor. If you're planning on using these wheels in an open-shop environment I am sure they will work well, but any confined space or environemnt where air quality is a consideration should be avoided. The odor is reminiscent of petrochemical or tar production and is overwhelming if there is not active and forced ventilation. It's been over 2 weeks since I cleaned and attempted to let them off-gas and the odor just seems to be getting stronger.",2,0.11020833333333332,2.739133644133644
Good value !,"I've used these on all my mobile carts in my woodshop for a few years now and they have held up very well. No flat spots, smooth rolling and effective secure double locking mechanism.  Peachtree Woodworking has these on sale a couple of times a year at half price( around $8.00), but if you can't wait for that sale, then this is the best price I've found.",5,0.3120833333333334,4.557828282828282
Five Stars,Good casters for the price. Work well,5,0.7,4.551
Excellent quality but slow delivery,"Excellent quality but slow delivery. I assume they are not produced until the manufacture has the order in his hand. In any case I will order from this
manufacture again !!",5,0.3078125,4.666428571428572
were easy to install and roll very smoothly while supporting a ...,"I ordered a set of these wheels...they arrived quickly, were easy to install and roll very smoothly while supporting a few hundred pounds.",5,0.3175,4.363595959595959
Work fine.,Did everything they are supposed to do.,5,0.4166666666666667,4.023333333333333
Built tool cart with wheels,Built tool cart with wheels... Easy to move around and the locks work very well. Seem to be very good quality.,5,0.5144444444444444,4.534280303030303
"3"" wheels, but super strong. They will carry an  elephant.",It is tough and strong. I don't have anything heavy enough to put on them. Hate to waste a quality item on a 4 x 6 work bench. Definitely worth the cost.,4,-0.009876543209876569,3.676388888888889
"Nice Wheels, Great Value","I needed some larger diameter wheels, with greater capacity. I also was intrigued with the locking assembly and load capacity was more the double what I needed, and it fit my budget for the job.
Great galvanized  assembly, ball bearing in the mounting plate give them the a shot of lube ,because I am using it mainly on carpet and special floors, I used a non melting lube, this is a very well made product, the wheel themselves look like they came out of a dirty mold, but nothing to interfere with performance. The inside of wheels have needle bearings, and are greased, so smooth operation @ heavier loads should be fine.
The locking mechanism is spring steel bit, it will take a while to evaluate.
The 4 stars is I had a noise in one, not a big deal I knew it was something with the sleeve the bolt  slides through, upon examination the material had a seam for better lack of word, I took my rotary grinder, 1 second later I cleaned it out with a  swab and shot  in some WD 40. Otherwise I would have gone for 5 stars good product , good price and a higher capacity. I got it with Prime in 2 days, which is fine except for small glitch. They look so good may have to have cabinet painted.",4,0.31488095238095243,3.7590535714285718
3 inch 150 pound double lock caster.,"They work very well, the only problem with their use is: when you push or pull the cabinet/table in one direction one side of the cabinet/tables casters are under neath the item. So you can't reach the levers to lock them on that side of the cabinet/table.
Another issue to be aware of: Make sure you don't overload the max load rating, or the caster assembly WILL BEND, and stop working due to a jammed wheel.",5,0.10357142857142856,4.277169635919636
Its casters,"Good price and delivery, but the base plate is a little small compared to the smaller casters on my machine that I will replace with these. I have to make larger base plates first, but I just haven't got around to it. Other than that , they look like very good casters, and I would buy them again.",4,-0.03025000000000002,3.817
Excellent quality,"I just got these in and they are impressive.  I have built several heavy duty carts and am making a few more for a commercial laundry operation, and bought these for the first time.

These things are tough as nails and super-smooth.  Brake mechanism works very well and overall quality of fit, finish and so on is quite good.

At first I was thinking, well these are $12.50 each, so for a table that's fifty bucks. Lot of money for casters.  On the other hand, I've bought similar hinges of lesser quality and they've lasted for years.  I expect that this $50 will be the last time we have to spend it for a long, long time.

That makes them very cost-effective.",5,0.16600529100529102,4.463
Like,These are really good strong casters. I added them to a Sears workbench and improved the versatility of my garage shop quite a bit.,5,0.5666666666666667,4.356403703703704
Some additional information...,"I'm using these underneath a large homemade tool box.  The box weights a couple hundred pounds itself; add in the tools and junk and I'm probably approaching the rated maximum load for these casters.  So far, they're working perfectly.

The plate dimensions are 2-1/2"" x 2-1/2"" square.  The mounting holes are slotted and will accommodate screws anywhere in a 1-3/4x1-3/4"" to 2""x2"" square.

The caster is 4"" high, with the wheel axle being offset (roughly) 1-3/8"" from the center of the mounting plate.  The end of the locking lever is roughly 3-1/2"" from the plate center.

If you find this useful, I wouldn't mind a ""helpful"" vote on the review.  :-)

Thanks.",5,0.17285714285714282,4.120333333333333
Excellent Quality,I purchased four of these and installed them on a wooden base that I constructed for a two story rabbit hutch. I can now wheel the hutch around the yard at will. And when you sent the brakes on these casters they lock in place with no play.,5,0.06666666666666665,3.6005849206349207
Very sturdy and rolls well,"I mounted a commercial radial arm saw on these casters and it rolls well even over power cords or other small objects.  The saw and stand weighs about two hundred pounds and these casters handle it like nothing.  The only negative thing i have to say is that the spindle lock is very stiff the first few times you use them, it can take a lot of kicking the first few times to unlock the caster.  Ive had them about six months and have yet to have any problems with the polyurethane wheel deteriorating.",5,-0.05941558441558441,4.472713286713287
1 of 4 failed,I mounted these on a wooden work table. They initially loved them as they are easily set and released and are rock solid. Unfortunately one of the lock mechanisms failed after a couple of months. They design seems pretty flimsy. I will follow up on this review after a few more months.,2,0.01833333333333333,2.5956111111111113
Great Wheels,"I bought these for a mobile workbench that I built and they work great. I have inline wheels on one side and these on the other.  The bench turned out great, I can move it anywhere I want.  I have gotten a lot of compliments on it as well.",5,0.5687500000000001,4.479764957264957
Casters perfect for makng heavy tools movable,"I have a small woodshop so floor space is at a premium.  Used these casters to put wheels on a table and band saw.  They work well and the locks hold better than I expected.  Getting new tools so will need to buy more.  I like the locking mechanism, much easier to set and release than the rocker arm lock affixed to the axle of common casters.  And, it locks the swivel too.  I used two of the non-swivel casters on the back of my sliding miter saw and it stabilized the table very well while keeping it easy to move.  No point to using four of the swivel type, which makes the table less stable.",5,0.15023310023310021,3.8833449735449737
Great Wheels,"Purchased four of these wheels to make a platform for my son's high chair.  Granted, these wheels are overkill for that job, but I figured I could use them later in my shop to support equipment.  The wheels are nicely manufactured and do not mark my hard wood floors.  The wheels lock very well, but you'll probably need to reach down with your hand to unlock them.  We've been using the wheels for about 3 weeks now and they work very well, i.e., rolling around the floor silently.  I'll probably purchase more of the same in the future for other uses.",5,0.1452136752136752,4.262715909090909
Very good for the price.,"These are not the best you can buy: but they do not cost what the best costs either.
They are made in China so in some ways lack real serious quality.
Even so, if you have a light load, and not extra heavy use, these will serve you well.  The brake seems to work well too.
So far I have been satisfies enough to buy a second batch of them.  I bought them twice, and my current use under my work bench is doing well.  These are well worth the price.
UPDATE: What I said above has been tested now.
Part 1:  I built a 200# 4ft. X 8ft. plywood work table and installed 6 of these assemblies to make it light and easy to roll.  Loaded it is about 250 to 300# max.  The wheels can't handle it well at all.  The problem is not the wheel itself, it is the chincy metal materials they used.  Soft, flexible, and bends rather than turn on the rollers, even on a flat new cement floor.  Sad. Data: 300# by 6 rollers = ~ 50 # each loading.... pretty over rated huh?!
Part 2:  I made a small cabinet for the Sander I bought on Amazon, and I used 4 rollers to ease the locating of the tool in my shop.  Weighs total about 100# with the sander: works perfectly.  DATA: 100# by 4 wheels = 25# per wheel.  Obviously, typical China Junk.... very overrated.  Listed to handle 220# loads each, and at 50# each they begin to fail.

Derate them by about 400% and you are just about right.  If you must have 50# or more on them the metal is just tooooo soft & cheap.  Otherwise, just great.",3,0.2011691802820835,3.0012305194805196
exactly as expected.,"It's glue. arrived on time, was packaged adequately and gets the job done. Pretty much just what I expected. Price was okay, but not great.",4,0.09761904761904763,3.445
Awesome Glue,"I had a problem with the sole of my shoe coming off.  I've got an uncle a couple of states away and I talked to him about it.  He recommended this stuff as it's what he uses in his shop to repair shoes.  Works great, on basically everything I've used it on.",5,0.6,4.381798245614036
Strong hold and sets quickly. Can even customize cure speed with accelerator.,"I usually end up gluing my fingers together and I still love this stuff. It takes a few moments to set, but is very strong. Mainly use it to glue 3D-printed (PLA) parts together, or to glue small neodymium magnets to things. Also works great with the accelerator spray of the same brand, but the accelerator certainly isn't required for a great glue-up experience.",5,0.2592460317460317,4.3328418803418804
Best CA glue I've found.,"I like Bob Smith's glues and have used most all of them.
I keep a few viscosities on hand at any one time as well as accelerator and have yet to be disappointed.
Among their standard glues this has a medium viscosity; it is around if not slightly thicker than water. While they say this is gap filling I've never had much luck spanning gaps. It does offer a little more time than their super-thin glue which can make all the difference in lining things up.",5,0.12731481481481483,4.360407407407408
Slowness can be a good thing for when you don't want it to accidentally ...,Takes a while to cure compared to the thinner stuff that sticks within a few seconds. Slowness can be a good thing for when you don't want it to accidentally stick in the wrong spot.,4,0.175,3.948923076923077
GREAT GLUE,What's to say that hasn't  been said thousands  of times allready,5,0.8,4.439333333333334
Awesome Glue,This stuff is awesome. Used it to glue small detailed wood pieces to a cosplay scabbard. Took no time at all to set. Wish I'd had this years ago.,5,0.5375,4.677564102564103
Five Stars,I WISH I COULD HAVE FOUND THESE PRODUCTS SOONER.,5,0.0,4.4623333333333335
Five Stars,Works great,5,0.8,4.84
Five Stars,works well,5,0.0,3.94
Great product.,Great bargain for the money. Easy to use tip.,5,0.6777777777777777,4.8
Five Stars,Great Product!!,5,1.0,4.8
great glue,love this glue for hobby projects. have to buy it online now since all the local hobby shops have closed.,5,0.3,4.538518518518519
Bob Smith products are the very best on the market,"As a model builder, this is a must for my field bag.  Bob Smith products are the very best on the market.",5,1.0,4.88
Sticky!!,This glue is STRONG. Don't get it on your fingers.,5,0.4333333333333333,4.3375376984126985
Five Stars,"Good stuff, I have used it before and never let it run out.  Darrell",5,0.7,4.4399999999999995
Five Stars,Great with accelerator to put small parts together.,5,0.275,4.221849206349207
Stuff works great!!,"Stuff works great!!! hard to sand, you might need to file it first and then sand, but it works awesome!!! Use the accelerator spray to make it cure in seconds!!!",5,0.5916666666666666,3.94
Stuck on you.,Really Strong glue. Worked well.,5,0.4333333333333333,4.2835
Five Stars,"What can I say, this stuff really works",5,0.2,3.92
Good strong glue,I can't complain. This is super-strong glue and it has stayed stable after two years. Just remember to always replace the cap and it should last a long time.,5,0.2708333333333333,4.097124458874459
I ue this product to fill cracks in plastic housings ...,I ue this product to fill cracks in plastic housings. The product holds up to tough handling and cures quickly.,5,-0.02777777777777779,4.38
Perfect CA.,Bob smith brand is by far my favorite in CA glue. It's plenty Hot and the medium gap filling drys crystal clear,5,0.39,4.151163758800123
"No doubt this is good glue, label them","3 stars on because inadequate labeling as to what viscosity this is was confusing. If it's medium, thin, thick, the label needs to indicate that. Had to return it being the description said thick, medium was sent. No doubt this is good glue, label them.",3,0.016666666666666646,3.5430833333333336
The best I've seen,The best of the CA glues that I've found to date and I've used a bunch of them.  Good viscosity for gap filling and the applicator tip stays clear.  I like that the cap just pulls off and you don't have to unscrew it.  Seems to have a fairly long shelf life as well.,5,0.55,4.6334629629629625
Good,Fills gaps like a male porn star only wished he could,5,0.2333333333333333,3.9313333333333333
Five Stars,nice quick glue helps  on setups,5,0.4666666666666667,4.546
Works great for gluing to all types of material and has ...,"Works great for gluing to all types of material and has a no clog opening and tight sealing cap.
Also get the thin for when you don't need gap filling capabilities.",5,0.25535714285714284,4.505761904761905
Four Stars,Nice to have the thicker glue on hand.,4,0.6,4.046
It was advertised as 2 in a pack. I ...,"It was advertised as 2 in a pack.  I received one.  False advertisement.  Absolutely not worth the cost.  I even ask others and they said there were two in a pack.  I will not buy from Woodstock again.

Update: Amazon sent me the second connector without question.  Very pleased with their response.",5,0.024999999999999994,3.88
Five Stars,Perfect for my home shop.,5,1.0,5.0
"Warning: The Page Promises A ""2-Pack"" But It's Really Only A Single","First off, only one comes with this page, even though it says, ""2-pack"" with the little Amazon smile under it, so don't get your hopes up. I though I was getting a good deal and ended up paying twice as much as it's worth.

The inside diameter of the larger bell end is 3.977 inches. It tapers to 3.665 inches, which is the ID of the small end, which is straight walled as opposed to the tapered bell end.

The OD of the straight section is 3.91 inches.

Overall length is 3.98 inches.

It'll work. I'm a little miffed that it said 2 and only 1 arrived.",1,0.08357142857142856,1.9809060846560846
These are great for the ends of your hose,These are great for the ends of your hose.  Clamp them to the end of your hoses and push the hose on where ever it goes. Machine output or vac input.,5,0.8,3.732630711880712
Works as advertised.,Works as advertised.,3,0.0,2.88
Perfect for one man shop,"Works like a breeze. I have a one man shop, as a lot of us do. Like they say, one end clamp on your vacuum  hose and the other end hooks on to your tool. Very simple and easy to use. Have not had any trouble with connector slipping off tool, like a few have stated.",5,0.1,3.7939188034188036
Five Stars,goog stuff,5,0.0,4.42
Five Stars,Works great on my Grizzly Table saw for quick on/off of my dust hose,5,0.5666666666666667,4.349753787878788
Five Stars,Great product and a good price,5,0.75,4.58
Five Stars,Does what it was designed to do. Enough said.,5,0.0,4.14
Solid,I used this for my table saw (Rigid Hybrid).  I love it because I can use this and my adapter to hook up my shopvac.  Great and solid piece.,5,0.325,4.166355218855219
Four Stars,did the trick,4,0.0,3.5
Five Stars,Just what I needed!,5,0.0,3.77
Five Stars,Fast Shipping Item as described Thank you,5,0.2,4.3764242424242425
Ended up using duct tape and that is only good for so long,Didn't do what I had hoped.  I wanted something that would fit on the exaust of the table saw and also the reducer to the vacuum.  Nobody seems to have such a thing.  Ended up using duct tape and that is only good for so long.,2,0.18796296296296294,3.1075555555555554
Five Stars,just as advertise,5,0.0,4.06
"I've used dozens of brands of cyanoacrylate, and this is the best stuff I've found.","I've tried all three of this brand's formulas.  I definitely don't recommend the lightest formula, because it's almost impossible to control and dries way too fast. If you open it and aren't careful, it will almost always leak or spray out and then, man, you have a problem.  Sadly, I have had some real messes to deal with because of this.

The thicker formula, on the other hand, just takes too long to dry, for my needs, and you pretty much have to clamp whatever you're trying to glue together when using it.

Then there is this formula.  It's AWESOME.  It's not so thin that you can't control it--it won't seep all over your project, and it dries quickly enough that you don't need to clamp most projects.  And, boy, is it effective. I've used it on everything from rattan to velvet to ceramics to wood and plastic. It has never let me down.",5,0.09926900584795323,4.458759379509379
Happy Glue,Simply the best. Just watch your fingers.,5,0.6,4.533333333333333
Very good,Very good,5,0.9099999999999999,4.784
Hate all of these dust collector fittings nothing fits together better get you a good roll of gorilla tape,"Waste of money will never order any more plastic fittings, going to stick to metal ductwork and ground everything good.",1,0.2333333333333333,2.3244444444444445
Works well,"I use the ""800 cfm"" portable Shop Fox unit with this, and it seems to work flawlessly.  It makes an easy switch from my table saw to my planer to the adapter I use for my router table.  It doesn't slide off and it doesn't decrease the airflow or dust collection capability as far as I can tell.  Definitely recommended for anything less than a permanent air collection system.",5,0.2733333333333333,4.305
PART OF DUST CONTROL,"Woodstock dust control connectors, in all their various shapes and sizes, are good products in completing your dust control system for your woodshop. When I started, I didn't realize just how important dust control was. Now, after numerous allergic reactions to the dust, I am a believer.",4,0.275,3.202916666666667
Will Not Fit a 4 Inch Saw Outlet,"I have a Delta saw with a 4 inch sawdust outlet and I have not been able to find anything that will allow me to size it down to a Craftsman vacuum hose size.  I thought this was made smaller on each end to accommodate a 4 inch hose connection; thus, I could attach another device to this one to size down the saw outlet.

Wrong.  This is exactly 4 inches in diameter.  Another fitting that is also 4 inches will not fit it.

Guess I am stuck.  I don't see how this would make anything into a quick disconnect unless what it is attaching to is more than 4 inches in diameter.

AD2",1,0.07199074074074073,1.667074936759147
Keep it together! Look no further.,"Great glue, bought this at the same time I purchased the Insta-Set Accelerator... and I have to say.. It almost feels like magic.
I actually used the Insta-Set in combination with this glue over a cut I had on my thumb, ( not sure it's ""technically"" recommended) and got really warm, then all of a sudden, the glue was hard. Stopped the cut from opening up and I could continue my day. AMAZING! I will never go without this glue or the Insta-Set.. It will always be in my tool kit. I can't wait until next time I need to use some super glue for something.",5,0.18782051282051285,4.371435064935065
Five Stars,Nice slightly thick glue.,5,0.14999999999999997,4.672000000000001
Five Stars,"good glue, great price",5,0.75,4.68
"3D Printing, PLA gluing - Good Stuff","One of the biggest issues with 3D printing, outside of printer reliability, software stability, and finding the right combination of speed and extrusion rate is build volume.  I have a Makerbot 5th Generation and as LARGE as the machine appears to be, the total build volume is probably about 1/5 the machine's total INTERNAL bulkiness.  DIY printers are usually not much larger, unless you are a SERIOUS builder.

Anyway, printing small things like brackets, fan covers, or little things is not a big deal.  What if you wanted to build that cool Iron Man mask, or the full life-size suit?  That would be super cool!  But these printers just don't have the kind of build volume.  I'm at the point where my designs are too large for the printer and I need a way to extend the size of my parts without extending my machine or buying something bigger.  After searching the Internet for some sort of clue, I came across this, and I decided to try it.  It's not a lot of money, but it's also not cheap, but I did do my first test today (with PLA).  I did not sit there and wait for it to cure so I don't know exactly how long it took, but about an hour later, the two test pieces that I glued together are now one piece.  Trying to pry the smaller piece away resulted in ""breaking off the tabs"", per-se.  There is no gassing or rather, no vapor burns.  I simply used the ""drip"" that occurred when I snipped the bottle tip.  It went on the first piece rather heavy and I didn't think it would turn out well.  It turns out, it went on like a small pool of water, then I placed the smaller piece.  About an hour later, the pool of glue vanished, like there wasn't any glue.  Now, they are just two pieces of different color PLA stuck together.

I think I found a winner for PLA 3D printed parts.",4,0.08638392857142857,3.567947311947312
"Great ""super"" glue.","This glue is great. You may require an accelerator when using it depending on what you're gluing together as it doesn't bond nearly as quickly as thinner ""super"" glues. This glue is thinner than honey and will run down a vertical surface if a thick enough layer is applied.",5,0.2680555555555556,4.396079975579975
Very useful and strong but there is a learning curve,"It's super glue. What else can I say. Of all the glues you can buy it is the least forgiving in so many ways.  BUT read up a little on it's uses, get a bottle of accelerator, and you will find this is your adhesive of choice 90% of the time if you are a tinkerer.  Be very careful in cutting off the tip to the absolute smallest opening possible.  I keep a bottle of this and the super thin filler and use them constantly. Of significant importance is that this brand has a very good cap seal. The only time I have had a bottle solidify on me was when I did not snap it on all the way. Experienced SG users know what I mean. If you can remember to keep the cap snapped on this is also the cheapest way to buy SG.  If you are an occasional user you are a lot better off with one use tubes. BTW VERY strong fumes but that goes for all SG.",5,0.17041666666666666,3.80669151034151
Five Stars,Good stuff and won't dry out,5,0.31666666666666665,4.4399999999999995
Love it,Great CA glue,5,0.65,4.096478573614937
Five Stars,"Typical Cyano glue, sticks anything together including my fingers.",5,-0.16666666666666666,4.6066666666666665
"Great stuff, it glues and glues strong!!","Great stuff, it glues and glues strong. I have been using it for putting model figures together and cannot ask for a better product. It is easy to use and holds really well. Even withstood my two year man handling an 8"" figure I am working on and then dropping it on the floor. No breakage at all!",5,0.55625,3.9871708616780044
Recommended glue,"Great glue and fast set. kind of like thick superglue. I used on some ornaments. Fast ship, I recommend, would buy again, and I hope this helps. I have not tried the gap filling but it is thick so it likely works fine but may require a second application Will update if needed.",5,0.17962962962962964,4.42074074074074
Good Glue,For me this is the best way to buy this type of glue. Better than the small tubes due to it being a bit thicker making it fill gaps and much easier to apply without making a mess or sticking your fingers together.,5,0.26428571428571435,4.49
Gap Filling CA Glue,"This glue works very well on filling larger than normal gaps in your projects.  Fill the gap, give a quick shot of Insta-set accelerator and then fill some more if needed.  Like the other glues in this line be sure and order extra tips so you don't have to keep making the hole wider at the top.",5,0.22870370370370374,4.424388888888889
... to plug up after one use so not very good for small jobs,be very careful and seem to plug up after one use so not very good for small jobs,2,-0.23369230769230764,2.4048833333333333
Gap filling glue,great size bottle good price fast shipping works great,5,0.625,4.645
Five Stars,Great Product!,5,1.0,4.8
Excellent Superglue. Great value,"I have used commercial grade superglue in the past and was impressed at it's strength and value. This is no exception to that opinion. This is a much better value for two ounces -vs- what you pay for .54oz, and the quality of this is much better.",5,0.5071428571428571,4.74
Works great,"Aside from working very well, the price per oz is very low so it is a great value. I want to avoid paying way more at local stores.

Update: I just had a plumbing leak for my home heating system, and it was a weekend the day before I was going away for two weeks. The part that I needed was hard to find, and it would take over a week to get. A plumber and I turned off the house water to stop the leak, then we dried it, then I put this glue into the gap and sprayed it with accelerator. I then repeated this for at least 10 layers. I also saturated pink fiberglass insulation with the glue and built up layers with that, spraying accelerator each time. So far it has held and no leak.",5,0.13712121212121212,4.394413308913309
Works quickly and predictably,"This is one of the best cyanoacrylate-based glues I have ever used. Just like some other reviewers noted, if you need immediate bond, use a small amount. If you need to fill gaps, use more. In any case, this glue gets the job done.",5,0.20972222222222223,3.7784166666666668
Five Stars,100%,5,0.0,3.8966666666666665
Five Stars,"actually a very well made product, pricing is excellent",5,0.6,5.0
center finder,if you want to make a hole with pipe or rode .. this iteme is what you need,5,-0.1,3.771257142857143
Center Finder,"It will be handy when needed,made OK for the price.",5,0.3333333333333333,4.38
Four Stars,SImple and Nice,4,0.3,4.172000000000001
Five Stars,works great,5,0.8,4.84
"this tool in not made to be very accurate, ...","this tool in not made to be very accurate, pin is loose fitting and does not  set in the same place. The price is about what i paid for so i guess i can tighten things up and use it.",3,0.29261538461538467,3.0065277777777775
Makes building easier,"Not as good as a mortise and tennon but it will hold your project together quite well.  I've used it to join boards, instead of biscuits and vices, with success.  Easy to use depth guage.  The internally driven screws are much better than phillips or flat.  Mine came with an instructional video that was helpful.",5,0.3180555555555556,4.403194444444445
A Great Addition for a Superb System of Joining Wooden Parts,"Boxes, boxes, where are all the boxes I have?  This compartmented case makes it easy to have the right Kreg screw sizes at hand.",5,0.5038095238095238,4.131261904761905
Four Stars,works great,4,0.8,4.34
Five Stars,good,5,0.7,4.562
Five Stars,Great stuff.  They just work.,5,0.8,4.84
Kreg Consumables,Works great with my Kreg Jig kit. I have a full assortment of Kreg Screws for all material types and thickness. Holds tight and easy to install with a square drive.,5,0.35119047619047616,4.535412698412698
"KREG POCKET SCREWS 1""","A quality fastener, that will certainly work for all kinds of projects.",4,0.21428571428571427,4.080357142857142
Great holding power,Great holding power but it does expand beyond the fix so get ready to remove the excess later.,5,0.45,4.3873750000000005
Five Stars,"Its gorilla glue, its very strong",5,0.5633333333333334,4.338916546416547
Five Stars,Good glue.,5,0.7,4.712
A good glue for epp foam,What can I say it works as intended. It is great for the tough to bond epp foam.,5,0.3703703703703704,4.0600000000000005
Four Stars,Great glue.,4,0.8,4.1899999999999995
"Good On Lots Of Stuff, But Not Plastics.","Gorilla Glue 50002 Multi-Purpose Waterproof Gorilla Glue Adhesive 2-oz. (59mL)  Bottle, by Gorilla Glue.
The Gorilla Glue Company makes many different glues, in different colors and container sizes. The one I am reviewing is the 2 oz. size of the original brown colored Gorilla Glue. This glue will dry out in the bottle, so I do not recommend buying larger bottle sizes, unless the glue will be used in the near future. For most of us, we use a little glue, and put the bottle away until needed the next time. This glue is interesting, in that you wet the surfaces, add a thin layer of glue, and clamp the surfaces together for 1-2 hours. In the meantime, the glue will expand and turn into a hard foam. After application, any exposed expanded glue may be peeled away or squashed back down a bit while it is drying, so that the repair is not so noticeable. This stuff will eventually dry as hard as a rock. Overall, I would give this glue an Amazon rating of four and a half stars, rounded off to five stars, as Amazon requires ratings to be in whole numbers.

Note: This glue will not stick to plastics very well, so for that, I use the old style Testors Cement For Plastic Models, No. 3512, 7/8 fl. oz. (25.8mL) (UPC Code: 0 75611 35120 9), and yes, it may be hard to find, as kids used to get high (and sick) from sniffing the fumes from it in a paper bag. Most model cements nowadays are safer to use, but do not stick as well. The old stuff would literally melt the plastic pieces being glued together. At this point, I am beyond putting together plastic models, but I find that the Testors glue is one of the best for plastics, and today, just about everything is made from one type of plastic or another.

Ships from and sold by Quality Distributing LLC.

 2013 The Gorilla Glue Co., 4550 Red Bank Expy, Cincinnati, OH 45227; phone: 1.800.966.3458; web: gorillatough.com; Made in USA; single container UPC Code: 0 52427 50002 1.",5,0.06458273208273207,4.381458240561182
"Good For Most Things, Except Plastic.","2 oz. (59mL) Original Gorilla Glue, Model: 50002 , by Tools & Hardware.
Note: This is a product review only, and not an endorsement of the vendor. There may be less expensive vendors available.
The Gorilla Glue Company makes many different glues, in different colors and container sizes. The one I am reviewing is the 2 oz. size of the original brown colored Gorilla Glue. This glue will dry out in the bottle, so I do not recommend buying larger bottle sizes, unless the glue will be used in the near future. For most of us, we use a little glue, and put the bottle away until needed the next time. This glue is interesting, in that you wet the surfaces, add a thin layer of glue, and clamp the surfaces together for 1-2 hours. In the meantime, the glue will expand and turn into a hard foam. After application, any exposed expanded glue may be peeled away or squashed back down a bit while it is drying, so that the repair is not so noticeable. This stuff will eventually dry as hard as a rock. Overall, I would give this glue an Amazon rating of four and a half stars, rounded off to five stars, as Amazon requires ratings to be in whole numbers.

Note: This glue will not stick to plastics very well, so for that, I use the old style Testors Cement For Plastic Models, No. 3512, 7/8 fl. oz. (25.8mL) (UPC Code: 0 75611 35120 9), and yes, it may be hard to find, as kids used to get high (and sick) from sniffing the fumes from it in a paper bag. Most model cements nowadays are safer to use, but do not stick as well. The old stuff would literally melt the plastic pieces being glued together. At this point, I am beyond putting together plastic models, but I find that the Testors glue is one of the best for plastics, and today, just about everything is made from one type of plastic or another.

Ships from and sold by Didi VIP Outlet.

 2013 The Gorilla Glue Co., 4550 Red Bank Expy, Cincinnati, OH 45227; phone: 1.800.966.3458; web: gorillatough.com; Made in USA; single container UPC Code: 0 52427 50002 1.",5,0.07024521774521772,4.356992410095351
"Good For Just About Everything, Except Plastics.","2 oz. (59mL) Original Gorilla Glue #50002, by Gorilla.
The Gorilla Glue Company makes many different glues, in different colors and container sizes.  The one I am reviewing is the 2 oz. size of the original brown colored Gorilla Glue.  This glue will dry out in the bottle, so I do not recommend buying larger bottle sizes, unless the glue will be used in the near future.  For most of us, we use a little glue, and put the bottle away until needed the next time.  This glue is interesting, in that you wet the surfaces, add a thin layer of glue, and clamp the surfaces together for 1-2 hours.  In the meantime, the glue will expand and turn into a hard foam.  After application, any exposed expanded glue may be peeled away or squashed back down a bit while it is drying, so that the repair is not so noticeable. This stuff will eventually dry as hard as a rock.  Overall, I would give this glue an Amazon rating of four and a half stars, rounded off to five stars, as Amazon requires ratings to be in whole numbers.

Note:  This glue will not stick to plastics very well, so for that, I use the old style Testors Cement For Plastic Models, No. 3512, 7/8 fl. oz. (25.8mL) (UPC Code: 0 75611 35120 9), and yes, it may be hard to find, as kids used to get high (and sick) from sniffing the fumes from it in a paper bag.  Most model cements nowadays are safer to use, but do not stick as well.  The old stuff would literally melt the plastic pieces being glued together.  At this point, I am beyond putting together plastic models, but I find that the Testors glue is one of the best for plastics, and today, just about everything is made from one type of plastic or another.

Ships from and sold by Amazon.com.

 2013 The Gorilla Glue Co., 4550 Red Bank Expy, Cincinnati, OH  45227; phone: 1.800.966.3458; web: gorillatough.com; Made in USA; single container UPC Code: 0 52427 50002 1.",5,0.0737126517273576,4.356298923298923
Five Stars,You can't go wrong with Kreg.,5,-0.5,4.645
Five Stars,I have used mostly this size and it carries true to its description.,5,0.425,4.00814886964887
Kreg Screws,"Great they are KREG screws, what else can you say.",5,0.8,4.4157222222222225
I was disappointed the washer head wasn't bigger and a standard screw ...,I was disappointed the washer head wasn't bigger and a standard screw driver phillips head would be easier to work with. I don't think I'll be ordering any more!,3,-0.125,3.0003571428571427
Five Stars,Amazing stuff. I always have a tube in the house,5,0.6000000000000001,4.2
Five Stars,work good,5,0.7,4.02
SEVEN things you should know!!!,"Review updated 9Aug12

1) Elmers ""Ultimate High Performance"" and ""Sticky Ass"" are also Polyurethane (PU) glues and (as far as I can tell) they're as good as Gorilla but less expensive. I have also used PL brand and can't tell any notable difference between the four. Have not used Sumo but I understand it sets up faster and as a result apparently has a much more limited shelf life (this is generally not a good thing - see item #3)

2) Gorilla Glue (In my opinion) has thought out their bottle and cap design better than the competition.  While this seems like a minor thing, it really makes a BIG difference in not being messy or wasting glue (See #4)

3) PU glues work differently - they foam up and expand in the presence of moisture and then harden.  This means you will need to think about where the glue comes out and how to keep it from making a mess.  Masking tape is your friend.

4) PU glues have a limited shelf life and you probably don't need as much as you think. Due to the expansion (see #3) you use a LOT less than other types of glue. 4 oz should be MORE than enough for most people, 8 oz is a BIG bottle. I personally buy the 2 oz bottle unless I have a major project.  PU Glues suck moisture out of the air so unless you plan on using it up within a year or two, a LOT is going to go to waste. Don't ask me how I know this.

5) PU Glue is FANTASTIC for lots of things but woodworking glues are still better for woodworking (see #7). They are stronger and you can't clean PU glues up with water the way you can even with the waterproof Titebond products. Also if you use biscuits you will have to moisten them separately to get them to swell.

6) KEEP OUT OF REACH OF CHILDREN AND ANIMALS! Although the glue itself is not toxic and is food safe once cured, it can kill your pets - like antifreeze it apparently tastes good to animals and will swell and harden inside the digestive tract creating a blockage. There is NO antidote and surgery is typically the only solution. There have been MANY cases - just search Google ""Dog Gorilla Glue."" Wear gloves (rubber or vinyl) and use lots of wax paper and paper towels.

7) Wood glues (Like Titebond II) are still better for wood to wood bonding.  Fine Woodworking did a test (Issue #192) and found Polyurethane glues to be about half as strong in this application.  Search ""HowStrongisYourGlue_FWW"" for the article.  One exception is if you're gluing oily exotics where I still prefer Epoxy - you can dial in your set time, clean up is about the same given the PU glue outflow.

If you have questions or comments, or if you have found this review helpful, please let me know!",3,0.13917724867724865,2.7621940995512424
OEM Screws,"They are OEM screws, work very well. Not much more to add.",5,-0.024999999999999994,4.5873333333333335
... more from Amazon until they stop supporting Breitbart's racist hate mongering.,Won't buy anything more from Amazon until they stop supporting Breitbart's racist hate mongering.,5,-0.01666666666666668,3.8803333333333336
Five Stars,Love Kreg Products!,5,0.625,4.679333333333333
Three Stars,Its a screw,3,0.0,3.0363333333333333
Works great. Would by again,Product as described. Works great. Would by again.,5,0.8,4.82
Excellent. They do what I expect,Excellent.  They do what I expect.  They self-tap and hold very well.,5,0.7333333333333334,5.0
Tough glue - messy,"Pros:
-Really tough glue
-More flexible than super glue
-Waterproof
-Works on many surfaces, metals, wood, ceramics, some plastics, etc. Best for wood applications.

Cons:
-It expands, drips and produce tiny bubbles during the drying process.  Definitely not for repairing your Lladros or others applications that require hairline precision.
-Glue is not clear but yellow. Very noticeable, not good if you really want a clean finish.
-Make sure you really clean the tip of the bottle or it will be hard to open and use it the next time
-Not cheap",3,0.09986772486772487,3.1119462340491753
Really Good Glue! Use With Caution! Recommended,"""Gorilla Glue"" has become one of the most used ""tools"" in our house. We have used it to repair wooden chairs, fix a wooden medicine chest, glue soles back on to sneekers, fill cracks in a wall, and at least half a dozen other fixes in the past month.

Here are my observations:

* You must read the directions!
* Surface needs to be damp for the glue to work
* Use clamps when possible
* It expands a *LOT*, use with caution or you might accidently glue your project to the table as it expands overnight! This happend to me :-)
* This is strong glue and hard to get off once it is on a surface

Highly recommended!",4,0.10267857142857141,3.5401256613756615
Five Stars,great concept and system,5,0.8,4.8
Helped me complete the job properly,Helped me complete the job properly,5,0.05,4.323333333333333
Five Stars,Kreg is the best,5,1.0,4.385833333333333
Five Stars,Strong screws used for softer woods,5,0.4333333333333333,4.151666666666667
For softwood,quality is not what I expected OK on thin  softwood,3,0.0,3.175
Five Stars,Great to use when doing pocket holes.,5,0.8,4.760833333333333
Four Stars,works great,4,0.8,4.34
Screw,Screw it any time of day or night with no complains,5,0.0,4.099555555555556
thanks,came as described,5,0.2,4.33
Great Strengthin in these Kreg Screws,"What can be said about a screw? Well plenty if you are talking about a Kreg screw when used in conjunction with the Kreg system. I use my Kreg screws to build frames,  book shelves and cabinets.

These are perfect for hidden enforcement. Interior screws. Perfect for many types of projects and they are very strong screws.",5,0.6161111111111112,4.452500000000001
Kreg good,"Kreg pocket hole screws for a good price, yay!",5,0.7875,4.565833333333334
Kreg screws for Kreg pocket holes.  Best price on Amazon,"For Kreg pocket holes, nothing works better than Kreg's own screws.  Beefy head, and strong gripping threads.  Great for plywood.  Amazon had the best price I could find.",5,0.6291666666666667,4.7175
Five Stars,good,5,0.7,4.562
Five Stars,easy to use,5,0.43333333333333335,4.417333333333334
Five Stars,Thank you.,5,0.0,4.0
Four Stars,I actually stripped one of these. I was shocked. kinda soft metal I guess.,4,-0.19999999999999998,3.620222222222222
Five Stars,Love love love my kreg stuff!,5,0.5416666666666666,4.625
Five Stars,works good,5,0.7,4.76
Five Stars,Good product! Works as required. Arrived on time.,5,0.875,4.73
Great screws.,"This (1-1/4 coarse) is my go to pocket hole screw, the size and thread that I use 80 percent of the time. Perfect for most 3/4 inch case work. I've gotten to like these Kreg screws so much I've begun to use them for all kinds of things from pocket hole joinery to screwing electrical boxes to studs to making outdoor furniture. I've yet to break on off or strip out one head and I use an impact driver most of the time. Couldn't be quicker or easier. These guys self drill, hold like crazy and don't split or drive in too far like sheetrock screws can.",5,0.3125,4.611416666666667
Great kreg product,Great kreg screws. Work just as promised. Great kreg product.,5,0.8000000000000002,4.600722222222222
Kregg always good,excellent,5,0.85,5.0
Mutli purpose screw,"These are fine screws and I use them for other purposes not just Kreg pocket screw system. The washer head design is good in any circumstance where you need a little more support around the screw head and the ""non thread area"" lets you draw lumber together without breaking the screw.",5,0.26083333333333336,3.8723888888888887
Five Stars,Kreg=+++ sharp screws,5,-0.125,4.600722222222222
screws,works great just like they should.,5,0.8,4.455
Worked for a screen door  ..,Works perfect for making screen doors.,5,1.0,4.3283334836459835
Five Stars,Very good,5,0.9099999999999999,4.562
Five Stars,Does what it was designed to do!,5,0.0,4.14
It has screws in it's pockets,Good high quality screws that perform their purpose adequately. Not much else to say.,5,0.25333333333333335,4.555
Five Stars,"great product, great price, fast delivery.",5,0.6,4.598
Five Stars,good screws that do a great job,5,0.75,4.62
Love my Kreg Jig system but I wish they offered ...,"Love my Kreg Jig system but I wish they offered a version in a star drive.  The square drive has a tendency to slip more than the star drives, especially when working at odd angles.",4,0.26666666666666666,3.8957619047619048
Five Stars,They work fine,5,0.4166666666666667,4.296666666666667
Great engineering design.,"Highly recommend, I am using these all the time, it is a common length and I have went through about 100 of these it a week. Went to big box store and got more to replenish my supply. I use the kreg pocket hole system a lot more than I thought I would.",5,0.27666666666666667,4.739333333333334
Four Stars,good!,4,0.875,4.062
Pocket screws from Kreg,Good quality at a fair price.  Will reorder when needed.,4,0.7,4.116190476190477
"Good Product, Good Price",Good price on a good product.,5,0.7,4.59
Four Stars,"Good product, good price.",4,0.7,4.15
Five Stars,"always happy with Kreg products, quality is very good",5,0.855,4.805
Kreg Screws,For use with Kreg jig,5,0.0,4.575722222222222
SCREWS,"Can't make 3/4"" wood projects without em. They work really well high end screws, Will with out a doubt  be buying more in the near future... Thanks  Pitbullman",5,0.19333333333333333,4.3294
Great product,"I use the Kreg method in assembling my furniture. I use them everyday and never had a problem with them. I would highly recommend them to anyone. A+++

Kirk Rogers Furniture Company",5,0.25333333333333335,4.326666666666666
Awesome,"These worked great for my use.  I also found spaxx screws at home depot which work, but risk over drilling into the wood.. these don't have that problem.  So, on cuts I don't care about I carefully use spaxx, and the screws that count I use the Kreg screws.",5,0.5666666666666667,4.384888888888889
Five Stars,Strong screw used for hard woods,5,0.0708333333333333,3.7041666666666666
Quality product worth every penny,These are GREAT screws,5,0.55,4.5056666666666665
Five Stars,goodscrews,5,0.0,4.0
Five Stars,Love these things,5,0.5,4.583333333333333
Great screws,"I really like these screws for several reasons other than pocket screws. They start easy, square drive works well for me using the Kreg driver, they aren't bad to split my material and they hold well. I have not had the problems others have had stripping out or breaking the head off maybe because I usually predrill and I don't typically use them in hardwoods either. The only con is that they are more costly yet I am willing to continue if/when something better comes along. I use these in 3/4"" material.",5,0.1201388888888889,4.498261904761905
Fastners,Adds to my fastener collection and is specialized for my needs.,5,0.0,4.387166666666666
Five Stars,Very good,5,0.9099999999999999,4.562
Consumables,Works great with my Kreg Jig kit. I have a full assortment of Kreg Screws for all material types and thickness. Holds tight and easy to install with a square drive.  Ideal for hardwoods.,5,0.4609523809523809,4.513460317460318
"Good Product, Good Price",Good price on a good product.,5,0.7,4.59
Great product. Screws are strong and hold the joint ...,Great product. Screws are strong and hold the joint together well. Use in hard wood maple and oak no problem.,5,0.43499999999999994,4.465
"KREG POCKET SCREWS 2-1/4""","A quality fastener, that will certainly work for all kinds of projects.",4,0.21428571428571427,4.080357142857142
Five Stars,These pocket screws work perfectly in the Kreg system.,5,1.0,4.4090476190476195
Work great with the Kreg pocket system,Work great with the Kreg pocket system. No stripped heads. Hold great.,5,0.8000000000000002,4.626190476190477
screws,"not much to write , these are very good screws and make Kreg's system work really well; they replace all sorts joinery-- no need for biscuits or mortise and tenons, especially good joining table top lumber.",5,0.502,4.435722222222222
These are awesome!,They work like they are supposed to. Well made. Not junk. I used fine for oak as specified. But I have used them on pine too with no problems. Just setting the clutch correctly is key.,5,0.47222222222222227,4.2122222222222225
A thousand uses -- works for my needs,This set of two lashing strips are much longer than I needed for my purpose - however the price point was much better than smaller lashing strips.  I use this to anchor a Epson video projector to an old tv mount (designed for CRT TVs).  This is an easy way to add extra stability to the projector.,5,0.20555555555555557,4.175
Five Stars,They have turned out to be very useful.,5,0.39,4.282787878787879
Not good for securing Kayak,Plastic clips break when applying to much pressure. Not good for securing Kayak.,3,-0.16666666666666666,3.635888888888889
Great straps!,"I got these for an unusual purpose.  I use them to lock down the lid on my footstool and the hinged lid of a chest I have.  I have a 2 year old grandson living with me and he is into everything.  He was so frustrated when he was unable to open things up and throw the contents everywhere!  And I was able to breath a sigh of relief.  One less thing to have to clean up, but more important, one less thing to have to scold him about. The straps work great for my purposes.",5,0.15555555555555553,4.297722222222222
You need a good lashing...,"Straps work great, good quality.",4,0.7333333333333334,4.266
