overall,verified,reviewTime,reviewerID,asin,reviewerName,reviewText,summary,unixReviewTime,vote,style,image,reviewText_length_words,label
5,True,"06 5, 2014",A3H1T313YSK2U0,B00AZBIZTW,maria abreu,This is a great vacuum! I have gone through a few so I know what I'm talking about. It really is a one pass deal and emptying the canister is easier than my old ones. LOVE IT!,GREAT PRODUCT,1401926400,,"{'Color:': ' Purple', 'Style Name:': ' Vacuum Only'}",,37,POSITIVE
3,True,"11 22, 2014",A24FAUV92Z4NQ2,B0018MKX5Q,Roaster,"The clamp is nice and strong, but the one I got was made by hand, like with a piece of stock and a band saw. The dimensions are approximate, the sides are not square, and the rods joined by this clamp are not perpendicular. It's not for precision 90 alignment.",Perpendiculous screw clamp,1416614400,,,,50,NEUTRAL
5,True,"10 9, 2016",A13QDUSC20Z4E3,B00C351GBC,Andria,"For now we are vacuuming a lot more because of how easy this is to use.  We haven't run the battery down all the way while using it.  Great suction, picks up pet hair great.",Love to vacuum,1475971200,,{'Color:': ' White'},,35,POSITIVE
3,True,"12 19, 2016",A1PWHZ9C7U3AGF,B00AFCEJX2,Matthew M.,"The buttons work as expected.  Packaging was bad.  2 arrived with bent pins, and one of the colored button caps arrived broken.  I only needed 1 button, so it wasn't an issue, but should not have happened.",good buttons,1482105600,,,,37,NEUTRAL
5,True,"02 18, 2015",A5A4RGSDKK124,B005W0UWCY,t.allman,Easy to install.  These lifted up my 500b maple workbench with ease. I can now push it around with one hand.  I looked all over the internet for better pricing but they were all about the same cost.  Heavy duty!!,Easy to install. Worked great.,1424217600,,,,40,POSITIVE
5,True,"04 22, 2017",A2HOUGCZ8LSVL5,B016JQ9SG0,ReaderPerson,Great product.  Removed years-old toilet ring in 10 minutes.  Highly recommend.,Great product. Removed years-old toilet ring in 10 minutes,1492819200,,{'Package Quantity:': ' 4'},,11,POSITIVE
5,True,"08 7, 2015",A2T1U8DT5XDFD3,B000CFLPNY,saha6818,These pins are beefy - larger than I expected (my fault only - you might consider being more careful than me). But there are some smaller ones that meet my needs great. And the quality of the pins and the case is great.,Good quality. Larger than I expected.,1438905600,,,,43,POSITIVE
2,True,"02 5, 2016",A1YV0QE2I88C3T,B00HVA0BL0,H. Cannon,The lamp worked great and all of a sudden stopped working.,Light quit working but was great up until then,1454630400,,,,11,NEGATIVE
1,True,"07 10, 2017",AWD03GY9V1BT,B0023EY002,Marquisandro c. robadel,"I'm not satisfied with this product at all...I does not have good suction, it's worse than a eureka little one I used to have.",Does not have suction,1499644800,3,{'Size Name:': ' 1 Vacuum'},,24,NEGATIVE
5,True,"09 22, 2018",A28OTVYJGTEQVD,B01FWGZQAK,duane keller,A bit pricey but lasts a long time as just a spray does the job.  Our first bottle was from my husbands stay in the hospital.  It is fabulous.,It works!,1537574400,,,,29,POSITIVE
5,True,"03 23, 2017",AC0H7NWIJUKS3,B00N4X0Z5U,Amazon Customer,This is a great little tool to hang on your keychain or put in your wallet.  It is small but efficient for many uses.,This is a great little tool to hang on your keychain or put ...,1490227200,,,,24,POSITIVE
5,True,"01 8, 2016",A2IV49IBAAXKUU,B008YA6BWE,Desmond Moore,"My first ""high quality""  toothbrush and I can't say that I'll ever go back to a cheap one. It's been a little over a month and I can already feel the quality of my dental hygiene improving",Smart purchase,1452211200,,"{'Color:': ' White', 'Style Name:': ' Complete Care-Older Model'}",,37,POSITIVE
5,True,"01 27, 2016",A9X6KNN205JL0,B013G4OMTG,bradley morris,just what i asked for,Five Stars,1453852800,,{'Style:': ' 50 Pcs'},,5,POSITIVE
4,True,"09 2, 2015",A30RXYNCBA8CC7,B000AYIT4U,cb,We're doing some painting/staining and needed a good cloth drop. We also use the thick sheet to line a lawnmower cart to wash larger camping parts from our trailer.,Good Tough Plastic Sheeting,1441152000,,,,29,POSITIVE
5,True,"04 30, 2016",A1BY9X2GBSR5XB,B005FGLL4I,Kono,Love the product and the customer service,perfect,1461974400,,"{'Size:': ' Medium', 'Unit Count:': ' 100'}",,7,POSITIVE
5,True,"01 8, 2015",ABCD7NZQR8EH1,B00DRALJ28,Brian,Works nice,Five Stars,1420675200,,,,2,POSITIVE
1,True,"04 7, 2018",A1H53UV0JTTPLG,B001GMJFWU,IzzMail,"This is not Rigid Tubing.
If you need rigid do not buy this.",One Star,1523059200,,,,13,NEGATIVE
5,True,"09 10, 2017",A6PZ6D9V7MAN5,B01DF31DQS,mcnack90806,Great little cart for stairs.,Five Stars,1505001600,,{'Color:': ' Black'},,5,POSITIVE
5,True,"09 22, 2015",A1J9V1QEKCBTH2,B00N7432II,tdublu,Works perfectly,Five Stars,1442880000,,,,2,POSITIVE
5,True,"01 27, 2014",A22OZMOVK4797P,B00COAJ9P6,ffalkner,I used to buy same size bags in small quantities in the grocery store but then they stopped making them. I was glad to find these. They are sturdier which makes them perfect for the freezer.,"Great bags, exactly as described",1390780800,,{'Size:': ' Pack of 100'},,36,POSITIVE
5,True,"03 30, 2018",A2KWZGVFHWTPFV,B005F5OJG6,nate,works perfect for my needs and price is decent will buy again..,good buy,1522368000,,,,12,POSITIVE
4,False,"04 12, 2018",A3GONJNUS5O8WQ,B000P1HFIE,Amazon Customer,"A bit pricey, but it does work very well.",Four Stars,1523491200,,,,9,POSITIVE
5,True,"07 9, 2014",A2JTHAHY3M8SWX,B00ECZZE5K,Amazon Customer,aok,Five Stars,1404864000,,,,1,POSITIVE
4,False,"11 17, 2017",A13UPCXJIVM03Q,B004SZ2HXQ,A. Greenwald,"I like mine, just wish it wouldn't disappear off my key chain.  Probably my fault for valet parking.  Had 2 in my home office, they're gone as well.  Hope they make whoever got them happy in times of woe.",Hold On To IT!  People remove them from your possession!,1510876800,,,,39,POSITIVE
5,True,"08 16, 2017",A3ICHJJJOXS9O9,B01GNR610G,Amazon Customer,Good product,Five Stars,1502841600,,,,2,POSITIVE
4,True,"04 5, 2018",A2HPO45B56R2SE,B0189J0PIU,bl/sh,"Seems it will work OK, as a boat horn button/switch, but wish it had shipped with a pigtail. I had to make up and attach a pigtail and then coat the contacts with liquid rubber to prevent the risk of a short. Smaller than I expected and the contacts are downright tiny with tiny screws.",Smaller than I expected and the contacts are downright tiny with tiny screws.,1522886400,,{'Color:': ' 16mm Silver'},,55,POSITIVE
1,True,"04 15, 2014",ALXY2XXPUEQEH,B0000A605H,Robert petito,"The product is okay, but the on line totalncost was ridiculous.",Over priced with shipping.,1397520000,2,{'Size:': ' 1 Fluid Ounce'},,11,NEGATIVE
5,True,"01 25, 2016",A2L3RD2LT8H1WV,B007Y8UX80,mom-of-two,Great value!  We go through these bottles a lot and this is a great price even better than our local health food store.,great value,1453680000,,{'Number of Items:': ' 6'},,23,POSITIVE
3,False,"12 16, 2014",A1AJWVBO0AR283,B000H4G256,ray,"Just received it today 12/16/14 and one of the reasons a went with this jack is because of the case, and guess what? the case is broken and don't have time to return it since I'm getting ready to go on a trip and it's for my trailer, the case should be more sturdy. See picture.",BROKEN CASE,1418688000,,,['https://images-na.ssl-images-amazon.com/images/I/71JwP2aEQRL._SY88.jpg'],56,NEUTRAL
5,True,"11 4, 2017",A2Q3HJ1ZNSMPTS,B00K4SGCUU,Richard Songy,Did the salt test and this is spot on.,Works so far..,1509753600,,{'Size Name:': ' ITH-10'},,9,POSITIVE
1,True,"07 26, 2015",A3PXE74LBN8ZFQ,B00FM7VHUI,Ray Salem,miss parts and red box completely fell apart during storage.,Horrible quality,1437868800,,,,10,NEGATIVE
5,True,"12 9, 2016",A3QBF0USCIL7SS,B003JFL6X8,rocco,Black bear in the Catskills spent an hour trying to inside and couldn't do it!,Bear-proof!,1481241600,,{'Size Name:': ' Pack of 1'},,15,POSITIVE
5,True,"08 31, 2012",A289H2U4J6JIVH,B000FMYW34,Mike ,"I had to  a good battery battery hold down for an old tractor. The only hold downs available at the auto supply ar pressed metal and not very strong.+

 So I made an angle iron holder  out of an old bed frame and used this rod because it is larger and non rusting.",Hard to find and Nice to Have,1346371200,,"{'Size:': ' 5/16""-18', 'Item Package Quantity:': ' 1', 'Length:': ' 36', 'Overall Length:': ' 36', 'Package Quantity:': ' 1'}",,53,POSITIVE
5,True,"07 10, 2017",A305L6RBJGMLXG,B00N2WGUPW,Amazon Customer,I make cider all the time and this works great for me. It's better than champagne yeast and I use 1/3 pack for a gallon batch at a time. Store the rest in the fridge till the next time and it works fine!,Buy it if you're going to make hard cider,1499644800,,,,43,POSITIVE
5,True,"05 30, 2015",A1L5G5NTGTCCOH,B00DRALJ28,Christophe,Inexpensive and accurate.,Five Stars,1432944000,,,,3,POSITIVE
2,True,"05 26, 2017",AT7Z0CLCDFY40,B00RY4DQ6K,stressalert,The dropper bulb is so small that it doesn't pull up much liquid into the dropper.,One Drop Dropper,1495756800,,,,16,NEGATIVE
5,True,"11 12, 2015",A3AWWIN39J4LIG,B000DCN8SQ,Anthony Franklin,WORKS GREAT!,Five Stars,1447286400,,{'Size Name:': ' 1-(Pack)'},,2,POSITIVE
5,True,"03 30, 2015",A11NRHGVAHALUN,B00F5DS7J8,wmstim,This is a great vacuum. On the first use I was able to pull dirt and particles out that I could tell had been there for a while. My wife loves the retractable cord. For the money you can not beat this item. My mother-in-law has a Samsung vacuum that is more that double what this cost and it was not able to do what this one can while we were waiting for this one to ship. This is a good vacuum!,This is a great vacuum. On the first use I was able ...,1427673600,,,,82,POSITIVE
5,True,"03 17, 2016",A1V320TTRX4P1Z,B00JMTIHIW,Temo,Great item.,Five Stars,1458172800,,,,2,POSITIVE
4,False,"01 1, 2013",A3QJBLZCITKC7G,B001V5ITA6,Miguel Colom,although it is not a 99.9% precision tool works very good. You can't expect a better tool for that price.,a good tool,1356998400,,,,20,POSITIVE
5,True,"03 23, 2017",A1I6RKE9K4I5PR,B009GGUIK6,Kathryn Lundy,Thanks!,Five Stars,1490227200,,{'Size:': ' 10 Count'},,1,POSITIVE
5,True,"04 3, 2017",A3P2ZCMCWB5CU7,B0091UNTNU,Migdalia Reyes,Nice quality.,Five Stars,1491177600,,"{'Size:': ' 18"" x 12""', 'Material:': ' 3M Reflective Aluminum 7 Year Durability'}",,2,POSITIVE
5,True,"12 3, 2013",ATFQ3T2VLK3SG,B00I3MXJL4,Jenn,Very strong taste of mint and cheers me up in the morning. Think I will subscribe from the next purchase.,Fresh taste of mint,1386028800,,,,20,POSITIVE
5,True,"02 18, 2015",A2YKPU16QOG48K,B00315EWC8,P. Frank,Great brush. My son love it,Five Stars,1424217600,,,,6,POSITIVE
1,True,"05 9, 2013",A1IUD2DVSW2POH,B001AVUAVC,Herbert Vreeland,"I was very happy at first...the charger worked as advertised.  charged battery in short time.  However, within two weeks it stopped charging.",Stopped charging battery within two weeks,1368057600,4,,,22,NEGATIVE
5,True,"06 16, 2017",AJA5HKMPUJ7M5,B00BUVASWI,john d knutson,Excellent product.,Five Stars,1497571200,,{'Size Name:': ' 2 ounce'},,2,POSITIVE
5,True,"11 14, 2016",A1623FFU7TLN8X,B001NDNV18,Charlie  Miller,Great product,Five Stars,1479081600,,{'Style:': ' Oreck Commercial XL2100 Upright'},,2,POSITIVE
5,True,"06 3, 2018",A29O0DXXTI16IU,B01ETMVQOI,very private,Very nice equipment,Five Stars,1527984000,,{'Color:': ' 1 Pack'},,3,POSITIVE
5,True,"06 18, 2013",A2HXFZKJ40NKTF,B00006FXPF,patty caruso,very happy with this product which is so very hard to find. My grandson loves brushing his teeth once again.,great product reasonable price,1371513600,,{'Size:': ' T59'},,20,POSITIVE
5,True,"01 10, 2017",A1LCGNI8CRT2GC,B000BY21ZC,"Ancient Activist, Aspiring Alchemist",The best bags for the best and most powerful handheld vac I've ever used.,Love my Oreck Handheld,1484006400,3,,,14,POSITIVE
5,True,"04 6, 2016",A19H5FZ9U82GRX,B007PB3UPO,Colleen F.,This was purchased along with some matching ice packs to ship some food from NY to FL. I have to say I love this purchase and will be using it again ! The lady at the pack and ship store was very impressed with it as well! Everything arrived perfectly packaged and safe and sound and still frozen ! Love love love this !!!,I have to say I love this purchase and will be using it again,1459900800,,{'Size:': ' PACK'},,64,POSITIVE
5,True,"12 2, 2012",A3S737XEVZRF63,B000EFMLQ2,pfuandem,"So, the graduations start at 0.5 mL or something, right? You know, that first graduation? Well, does that accurately measure the very bottom volume of liquid? I.e. the part that the liquid goes up into? Man, I don't think I'm phrasing this very clearly.
Oh well.",Pay the pipetted piper,1354406400,,{'Size:': ' 1ml.'},,46,POSITIVE
5,True,"03 8, 2016",A1OJXU3N2KUSPN,B000087KUA,Winchester,Its tape,Five Stars,1457395200,,"{'Size:': ' 1 Roll', 'Style:': ' With Dispenser'}",,2,POSITIVE
4,True,"05 27, 2013",A1I68J20ZI2Y33,B005T3QSCW,john,"Nice little chamber for work, but it did have a small dent on the bottom which I was a bit disappointed with. -1 star for that.","Took a while, but arrived!",1369612800,,,,26,POSITIVE
1,True,"08 22, 2015",A23BMW4NOXZ6IN,B0054MNVH8,Donovan,These are not like the photo not damo on the side like photo showed. They wore out in less then 24 inches. Very poor quality set don't last long. Used one variable speed polisher had some luck with the style drum yet the pad it self only lasted minutes before all the pad was gone and burning black rubber on my polish job. Do not buy this set,These are not like the photo not damo on the side like photo ...,1440201600,7,,"['https://images-na.ssl-images-amazon.com/images/I/71v+JXqZbeL._SY88.jpg', 'https://images-na.ssl-images-amazon.com/images/I/71h45J5x2XL._SY88.jpg']",68,NEGATIVE
2,False,"05 14, 2016",AH8PZI3G3BIE0,B00QRU6YRA,Amazon Customer,"Not what i expected,handles hard to squeeze open,no matter how you try, once inserted pinches,hurts,worried going to cut and bleed..doesnt open much or deep for that matter...","Not what i expected, handles hard to squeeze open ...",1463184000,2,,,27,NEGATIVE
5,True,"07 5, 2017",A1L77BARBJIDDJ,B00176D49U,Leo Copeland,These are great to have at the cabin! They've held up fine with staples. Year 2 now in the brutal Minnesota winters!,"Great, easy way to post your land!",1499212800,,"{'Item Package Quantity:': ' 1', 'Package Quantity:': ' 1'}",,22,POSITIVE
5,True,"01 20, 2014",A2Y0YY5OPQ8J60,B0019UZBK4,OakStOakSeed,"Love these little guys. Great general scissors for DIY folks. I would advise getting a pair for the car and home, you never know when you will need them.",The best,1390176000,,,,29,POSITIVE
5,True,"12 30, 2017",A3NLXC4046Q49Y,B007BEJ07W,Joseph Varisco,I will always get these!  Perfect shears,Perfect,1514592000,,,,7,POSITIVE
4,False,"12 7, 2017",A2ZBCJDWV8Z4FS,B000JG80Y8,Sam  M.,This the second one I had to order within a year. The first one started to trip my breaker. Must have gotten a crack in the molding around it or the motor got loaded. It is the perfect size to pump water for our water feature. It is only in water for about 10 months.,It is the perfect size to pump water for our water feature,1512604800,,,,55,POSITIVE
5,True,"12 7, 2014",AO6DGAYKM0762,B0013HT2QW,AMANAPLANACANALPANAMA,I use these for Histology and as usual they worked well. Little to no lint means I don't have to worry about debris everywhere.,Work well,1417910400,,{'Size:': ' 1 Box of 280'},,24,POSITIVE
5,True,"01 10, 2018",A1FGZFE2CQCUYT,B01HCQSHNG,T. Akin,"Worked for me, saved hours trying to reverse engineer home wiring.",Five Stars,1515542400,,,,11,POSITIVE
5,True,"12 1, 2016",A3DXNXK4VYG94C,B00B84FNBS,Ian Lewis,sorbothane is an amazing product!,this is just what you wanted... but make sure you search all the dimensions to ensure your total satisfaction!,1480550400,,,,5,POSITIVE
5,False,"06 10, 2015",A3L0MNNA34CY67,B00062N42S,Our Daily Bread Soup Kitchen,Will be a great benefit to me in the task that lie before me. Thanks.,Five Stars,1433894400,,,,15,POSITIVE
4,True,"08 31, 2012",A26CSPZSLZ6FT0,B003MNO27Y,J. Shepherd,"This sponge can tackle many thorny cleaning jobs, but I find it most useful for keeping lamp shades looking sharp.  This is the best price I've found on the sponge, too.",Great Sponge for Lamp Shades!,1346371200,,,,31,POSITIVE
4,True,"05 15, 2017",A1EZK5JZG530OM,B01DO13CDS,KTR,It is what it is... works as advertised.,It's tumbling media... what more can I say?,1494806400,,,,8,POSITIVE
5,True,"05 15, 2018",AVADTZ0YSIGSE,B0000225OS,Amazon Customer,worked as expected,Five Stars,1526342400,,,,3,POSITIVE
5,True,"01 20, 2016",A3A4A1AG8TF11S,B000EJUBBU,d0gg,"Accuracy is good.

Small size makes it easy to use in tight spaces.",Accuracy is good. Small size makes it easy to use in ...,1453248000,,{'Size:': ' 6 inch'},,13,POSITIVE
1,True,"09 17, 2016",A286RJY6BO1SJF,B00SJSH20Q,David,"Garbage! I received this on July 2 2016 and opened it up today, 9/17/2016. The bag was vacuum sealed well with desiccant inside. When test extruding there were so many bubbles that the material is useless.",Garbage! I received this on July 2 2016 and ...,1474070400,,,,36,NEGATIVE
5,True,"02 3, 2017",A29KS7FVD11ZPG,B00O15MF6W,KAnd,I bought this to sweep a wide area of broken pumpkins. It did the job. I even bought the 24 inch as well as the 18. Both have held up beautifully. My 18 inch was buried in snow for a winter (yes it was me and not my kids that did it) and when the snow melted it still worked just like new.,Durable,1486080000,,,,63,POSITIVE
3,True,"08 26, 2017",A145ZXHBD0FOX5,B00FNCFJMY,Dan Jefferies,I give it a 3 since it really can't be used to disassemble the old drains .... I had to cut the old drains out ... after that this tool did its job...,Meh,1503705600,,,,33,NEUTRAL
5,True,"12 13, 2017",A1QV4Z28BPH0DW,B011GW19XW,Troy Williams,Does what it's designed to do,Five Stars,1513123200,,{'Package Quantity:': ' 100'},,6,POSITIVE
5,True,"02 9, 2014",A2KQIJ772DY9IG,B006YTWMZW,H. DeLeon,I love this lil product.  I only use it in the Khz range and it works great for me for turning engine speed controls.,Compact and works great!,1391904000,,,,24,POSITIVE
1,True,"01 4, 2017",A34FJDIAV7ATW,B01H4XC3DC,Book lover,Does not work connecting Samsung UN55KU6300 to analog stereo amplifier and Bose speakers. Garbled static over speakers.,Did not work,1483488000,,{'Size:': ' without cable'},,17,NEGATIVE
4,True,"08 14, 2015",A2PZ6Z9EJY2G4Z,B00FFYEPVQ,Juan,For me the equipment is perfect thank,Four Stars,1439510400,,{'Size:': ' ST6802'},,7,POSITIVE
5,True,"08 16, 2012",A3NKYTMD8A7UK8,B002XZ75XU,Linda Lippincott,Just what I needed to repair our raft. This pkg contains two different valves. One is shorter and fatter than the other. The shorter one is the one I needed. I had to replace two valves and had to order  two packages. I now have two valves I can't use. It's a shame they don't sell them separatley.,Boston valve,1345075200,,,,58,POSITIVE
5,True,"11 6, 2016",A2DFZGZV1XH6TJ,B00EZPO9KS,Amazon Customer,it very good.,Five Stars,1478390400,,,,3,POSITIVE
5,True,"06 28, 2018",ALTAWM9MCNHAJ,B019781KF4,Emily,I have a camera out frontand no real place to put a big sign so this is the perfect size to put in the corner of the door/window.,Size,1530144000,,,,28,POSITIVE
5,True,"01 11, 2018",A1C50BKVATAI1Z,B00DGKDOHC,Leonard Washington,No disappointment in the functionality or ability to apply.,It's exactly what it says it is.,1515628800,,{'Size:': ' 55 ml Bottle'},,9,POSITIVE
5,True,"02 7, 2018",A3G5KQHANDE5OF,B00OYK6G78,R. Sowards,Perfect.,Five Stars,1517961600,,,,1,POSITIVE
4,True,"01 18, 2017",A39KQPZMUB03OF,B01DTTZ2K6,Jack Huddle,Nice crimp style connectors. Like being able to heat shrink them too.,Heat Shrink Wire connectors,1484697600,,{'Size:': ' Mixed Color'},,12,POSITIVE
5,True,"01 25, 2015",A3LOIJGSBWZEQ7,B0002BFZ7U,J. V.,Arrive timely and as described. Will work well on my model train layout.,Work Well,1422144000,,,,13,POSITIVE
5,True,"03 14, 2016",A11B27BCLM87J8,B007ZSHM3I,katerina4t,"smells great! awesome anise star pods to add to your food. my son added to his rice (while it was cooking) and it smelled wonderfully adding aroma to the taste of the otherwise bland taste of regularly cooked rice.
It'll also work in my more complex recipes (that was the reason that I bought it.)
The quality is great and shipping was fast as usual.
Will definitely buy again!",Just perfect!,1457913600,,,,69,POSITIVE
5,True,"10 6, 2015",AIWUYIMH0U2F2,B00005IBW1,Jing Chen,The toothpaste has a good smell.,Five Stars,1444089600,,"{'Size:': ' 3 Ounce', 'Style Name:': ' Toothpaste'}",,6,POSITIVE
5,True,"12 17, 2017",A1GC8X1WEKTWHU,B01H4XC3DC,Charles R. Strickland,"I connected the converter, changed the TV digital audio settings, and everything worked great the first time.",and everything worked great the first time,1513468800,,{'Size:': ' without cable'},,17,POSITIVE
5,True,"07 24, 2013",A20N5DGSOW82F0,B003V1DJNA,T. Vaughn,"Utilized in vinyl windows. The thin earth magnet works well and does not impede the closing of the window when surface mounted to the bottom of the sash. The sensor fits snugly in a 3/8"" hole and nearly flush.  The lengthy leads on the sensor are a plus as well.",Window sensors,1374624000,,{'Pattern:': ' PRO51BTM-WH'},,50,POSITIVE
5,False,"10 21, 2014",A3PM8WWXPK4Z7N,B000A85EYY,Pam Flint,Exactly what I wanted.,Five Stars,1413849600,,,,4,POSITIVE
5,True,"02 27, 2016",A15OH4K53RE5NF,B0155Y22J2,HYDRO,Hooked up to the laptop. Had fiddle with the CD to get the program to work. This is my second fiber cam. The picture from this one is 10X better that one I bought just 2 years ago. No complaints yet.,Quality Picture,1456531200,,"{'Size:': ' 5M,Upgraded'}",,41,POSITIVE
4,True,"01 22, 2018",A31F76INYGNGJW,B01E5E5IY4,LSDean,Good selection for a good price. All 7 that I have used function quite well in reducing RFI.,Good price and work as intended.,1516579200,,,,18,POSITIVE
1,True,"03 6, 2017",AMKK5C64TJ3EF,B016DHOWOS,N. Whitaker,"We have these in our MakerSpace at a middle school.  I ordered two of these, and within the week, they were both clogged and stopped working.",We have these in our MakerSpace at a middle school ...,1488758400,,,,26,NEGATIVE
5,True,"03 25, 2016",A2UO926LWA205I,B00E945SJG,Kindle Customer,Works as expected. Helped us Figueroa out that our water heater was sucking power and need a repair. It has already saved us the purchase price.,Works as expected. Helped us Figueroa out that our ...,1458864000,,,,26,POSITIVE
5,True,"08 14, 2017",ALFAEHW6T8MRJ,B00EUH8UGK,kevin l.,Fan motor would not start. A friend suggested this capacitor and off it runs beautifully. By the way. It probably saved me 300 dollars!,A friend suggested this capacitor and off it runs beautifully. By the way,1502668800,,,,24,POSITIVE
5,True,"07 12, 2018",A15DF6EB1ZCZ8R,B00S55IFKE,David J Domogala,Good Deal,Five Stars,1531353600,,,,2,POSITIVE
5,True,"05 6, 2015",A1VTL03HHS4252,B00DTXDU4S,Barry Chernoff,Perfect. Very sturdy.,Five Stars,1430870400,,,,3,POSITIVE
5,True,"12 6, 2014",A3883QWNYAM6QF,B0087WTSTW,Graham Walker,Great light bar that does exactly what it says. I use this in a recess to light a painting and it does a great job.,Worth every penny.,1417824000,,,,25,POSITIVE
1,True,"02 24, 2014",A2H0DIP2XQ0AHE,B0002BBX3U,Mike Harris,I have been driving big rigs for years and I have forearms bigger than most women's legs but even I had a hard time getting the sealant out of the tube. I ended up just throwing about half the tube away. I will never buy this product again.,Can not get it out of the tube !!!,1393200000,6,{'Size Name:': ' Single 2.7 Oz Tube'},,48,NEGATIVE
4,True,"05 24, 2015",A3IY7D21SH0GE7,B001W6Q4MO,Ron W,"worked : very big, be careful, measure before you buy",good and big,1432425600,,,,10,POSITIVE
5,True,"01 25, 2016",A28R0WWHW363HF,B000F4SP30,Barbara,Very happy with product. was graduation present for daughter,Five Stars,1453680000,,"{'Color:': ' Black Edition', 'Style:': ' Black Plated Chestpiece'}",,9,POSITIVE
5,True,"02 27, 2013",A1JYRXKGHU1CIP,B004RUVOG8,Amazon Customer,Not alot to say about it but that its a much better price than I can find locally for the same product,Its Heat Shrink,1361923200,,,,22,POSITIVE
5,True,"01 3, 2018",A7AWOJJHGD1ZA,B016R0CRX4,JLC  Smith,Everyone loved these ornaments!!  I gave a few out as gifts and had to keep one for our home!,Five Stars,1514937600,,,,19,POSITIVE
4,True,"02 2, 2017",A1MEIC7WVKUTKA,B015FK1EH2,SoldadoPR,RECOMIENDO,Four Stars,1485993600,,,,1,POSITIVE
5,True,"04 12, 2016",A20ZLL3TYPA31Q,B00YDJ19ZE,orthogirl14,Very nice high quality. I use it for my essential oil toner and bug spray.,Great quality glass spray bottles,1460419200,,,,15,POSITIVE
5,True,"03 26, 2016",A200SO4K8S78FD,B008YHAM8G,Amazon Customer,Good quality,Five Stars,1458950400,,,,2,POSITIVE
5,True,"06 14, 2017",A3B1L43UOWPQSG,B00062N42S,sewnmom9,Just what I expected,Perfect,1497398400,,,,4,POSITIVE
5,True,"01 12, 2016",AZTUTVW611V9X,B0001GAYRC,Amazon Customer,great,great,1452556800,,{'Size Name:': ' 1 - Pack'},,1,POSITIVE
5,True,"02 6, 2018",A2SRO1S3PGWCWA,B000VDAE0C,bryan scanlon,A#1,Five Stars,1517875200,,,,1,POSITIVE
5,True,"05 16, 2017",A3VLVTN6K2PLZ6,B003ZZUL8S,Walt &amp; Jaq S.,This is a very good product.  Holds up to the vintage jewelry we put in them as well as use over and over again using the zip part each time.  We are in and out of the bags several steps during the processing of each piece.  Then we reuse the bags once that piece is sold and switched to a larger bag after it is padded and prepped for shipping.,Sturdy enough for multiple uses repeated times.,1494892800,,{'Size:': ' Pack of 200'},,70,POSITIVE
2,True,"03 30, 2018",A1EM1EFCYE0VLB,B01CTUSAZA,jason thompson,"It smells good
But it doesn't clean like they advertise",It smells good But it doesn't clean like they,1522368000,,{'Size:': ' 10-Pound'},,10,NEGATIVE
5,True,"05 4, 2016",A311GU27XOYO9I,B013RMESEQ,Margie,I mix my own natural solutions to clean my home and these spray bottles work very well for me.,Five Stars,1462320000,,,,19,POSITIVE
5,True,"12 7, 2017",A3DL8KQC4T73WM,B0182RKR9Q,Laura,Seems fine. Havent used.  Hope I don't have to.,Five Stars,1512604800,,{'Color:': ' White'},,9,POSITIVE
5,True,"12 5, 2016",A15GU6FTN8JYLT,B00I0TV3B8,Jack,nice feel for making cable ties,this is the good stuff...,1480896000,,,,6,POSITIVE
5,True,"09 23, 2016",AQDLI3GTV2ZN1,B00U3KF55C,Luke Krueger,"Support material is a little too sticky as compared to Gizmo Dorks. Besides that this PLA has been easy to work with, and most importantly CONSISTENT. Some spools are brittle yes, and actually when I leave the filament exposed for more than a couple of days it becomes more supple and breaks less! What I love is there has always been enough material to finish two of my 489 gram prints, which is more than I can say for Gizmo Dorks.",Besides that this PLA has been easy to work with,1474588800,,{'Color:': ' Light Blue'},,81,POSITIVE
3,True,"12 19, 2017",A1YW9WFN0HMXMA,B005D8NV0U,KT,It is long somewhat flexible but if you're not careful you will definitely scratch your skin.  the cleansing cloths Smell fresh but you have to be careful or they come off and get stuck in your cast,Will work but...,1513641600,,,,37,NEUTRAL
1,True,"10 16, 2014",AV80H4DV25827,B00JXOMHIC,Nader,Junk!!! waste of money.,waste of money,1413417600,8,,,4,NEGATIVE
5,True,"01 25, 2017",A38IFCKNG9C41M,B000QDZS2G,Mr. CJ,"I use this tape to put on the soles of shoes to ballroom dance. Turns all shoes into dance shoes, to slide !!! Going to use on my Zumba shoes too.",Alternate Use - dance shoe bottoms!,1485302400,,,,31,POSITIVE
5,False,"02 3, 2016",A2K4WKFM8KGPGT,B01076MRCU,ISIS B,"Once I opened and checked out the faucet, I was in love with both the single handle design and the quality of the material used in making it, this is not a thin cheap made faucet, I could not wait to install it, and it was simple enough that I was able to do it myself. Everything you need but tools is right inside the box, with very clear easy to follow directions.
Honest review,.

I LOVE ITT",Awsome great!!!,1454457600,,,,78,POSITIVE
5,True,"03 30, 2015",A1J3MBVJYX0DUJ,B000HBOYZO,Todd Harlan,Purchase for install of cooktop on Staron...it is aluminum tape..,Five Stars,1427673600,,"{'Color:': ' Silver', 'Length:': ' 5', 'Number of Items:': ' 1', 'Overall Length:': ' 5', 'Thickness:': ' 0.0036'}",,10,POSITIVE
4,True,"04 12, 2018",A2HYOVKDHPQ2XF,B00ME74ZJY,kashannda h.,Prints nicely wasn't bad on the wallet either.,Four Stars,1523491200,,,,8,POSITIVE
4,True,"10 7, 2015",A27VX1VSW6PF0Y,B00O47ILVA,R. Masters,"I have been pleased with the reacher.  The suction cups at the end are a little hard to grasp things with though.  All in all, it's a good product.",Great help for handicapped.,1444176000,,,,29,POSITIVE
5,True,"01 27, 2016",A3PDR97S0WKTA8,B0006IX85K,jswett,"No problems with the hose; have only used it once so far, but it seems solid.",Five Stars,1453852800,,"{'Size:': ' 50 Feet', 'Style:': ' 5/8 Inch ID'}",,16,POSITIVE
5,True,"04 6, 2017",ASM9HBGZKHMZX,B00ISYKCAS,CRAIG,Great.,What are these things for?,1491436800,,,,1,POSITIVE
4,True,"01 25, 2018",A2OIQ35789J3SV,B00NGVF4II,amanda weber,"It does a great job cleaning carpet and the different tools make it very versatile. The head of the vacuum is smaller than I expected, which does get it into and under smaller spaces. It gets heavy if you have a lot of vacuuming to do.",It does a great job cleaning carpet and the different tools make it ...,1516838400,,{'Color:': ' Bordeaux'},,46,POSITIVE
5,True,"10 5, 2016",A15RL849ML717Z,B00VHD3LGO,The Wedge,"I was tired of the way my dishwasher just didn't cut it anymore since Phosphates went away. Plus my drain often smelled. I add a little of this with one of the newer dishwasher pods and everything is great. All clean, no smell. Very Happy.",Cascade that WORKS!,1475625600,4,{'Package Quantity:': ' 1'},,45,POSITIVE
5,True,"01 12, 2017",A1PM67FTQHA64E,B005AXF930,patricia mcgrath,the extra large screw head grabs on to fiber discs much better than the standerd Dremel set up,... large screw head grabs on to fiber discs much better than the standerd Dremel set,1484179200,,,,18,POSITIVE
4,True,"07 20, 2018",A26HIN4FLIUJO9,B01BDL4BY0,Xakic,Works just fine.. printed just like any PLA.. Only issue i had was it came a little tangled.. the rubber band they used to secure both ends came off at some point before i got it and it tangled a bit.. i put it on a old spool so i was able to untangle it when i was doing that..,Works just fine.. printed just like any PLA,1532044800,,,,60,POSITIVE
5,True,"09 10, 2017",A12TJM9P9ABTTZ,B014ONCP88,smartshopper,"They are screws, what more can be said. Amazon wanted a review...consider this reviewed.",They work.,1505001600,,{'Color:': ' M4'},,14,POSITIVE
5,True,"08 25, 2017",AEZ2GD4REXAS9,B001HRMJ54,shane gavin,Good to go,Five Stars,1503619200,,"{'Color:': ' Raspberry Tube', 'Style:': ' Smoke-Finish Chestpiece'}",,3,POSITIVE
5,True,"07 14, 2016",A3JULEC7JXRGT1,B007Y8UX80,readmore,Lids fit well and the color is very nice.,Great color,1468454400,,{'Number of Items:': ' 6'},,9,POSITIVE
4,True,"08 12, 2014",A44YJ9719JUEN,B000H9JO8S,Sam,Good too small tho,Four Stars,1407801600,,"{'Length:': ' 12', 'Number of Items:': ' 1', 'Outside Diameter:': ' 0.125', 'Overall Length:': ' 12'}",,4,POSITIVE
5,True,"10 21, 2014",A33R8DHNBSBTPH,B004EXMS4U,vdutton,"Love it, Dont buy those 15-25 dollar disposable, went through 4 before I bought this, has reduced my times in checking sloutions by 75% This thing gives accurate reading quickly Love it!!",Will Buy Again.,1413849600,,"{'Size:': ' 8 in x 39 in', 'Style:': ' Replacement Pre-Filter'}",,32,POSITIVE
4,True,"06 6, 2017",A1URM5T17CNIR7,B000BJUFYQ,Luisa H.,"Arrived and worked great for my needs, but the writing pen broke within a week.",Basically works,1496707200,,"{'Size:': ' Adult', 'Color:': ' Purple'}",,15,POSITIVE
5,True,"07 23, 2016",AXX8K0YT7EC70,B00065UC2K,Joann Torelli,Purchased this for making a third hand on the work bench.,Five Stars,1469232000,,"{'Size:': ' 1/8"" Diameter, 1/4"" Hose ID', 'Number of Items:': ' 4'}",,11,POSITIVE
5,True,"08 6, 2018",A2RZ321KO5TVNZ,B01F2LGAYG,Hank Wegener,Good stuff!,I love this glue lined tubing,1533513600,,,,2,POSITIVE
5,True,"06 18, 2018",AJ5ZQPIJM1SFO,B00IDCJY5O,dischmond,exact fit,Five Stars,1529280000,,,,2,POSITIVE
5,True,"08 23, 2015",AWKGR0O5VEUU8,B000TG9ZKG,East Texan,Works well for my purposes.  Good value.,Happy to own one!,1440288000,,{'Size:': ' 15-1/2-Inch-by-1-1/4-Inch'},,7,POSITIVE
1,True,"07 23, 2016",A32HQ8S0M5W13U,B01ECBPVN8,OBSERVER THE,Not real butcher paper,Not real butcher paper no wax no polymer very thin!!!!! JUNK,1469232000,,,,4,NEGATIVE
5,True,"08 10, 2016",A31TY1OYKHL31M,B01BZPZ0KS,Corvilla,Great product,Five Stars,1470787200,,,,2,POSITIVE
5,True,"07 24, 2014",AYVFSVKXNZTS,B0000DH8I8,RichieVee at the Piano,lower cost the Walmrt.,Scotch is great,1406160000,,"{'Size Name:': ' 20 Yards', 'Style:': ' Transparent'}",,4,POSITIVE
5,True,"03 15, 2013",A2YV0F1VTUGV54,B0002EQU6C,John,Seems to work fine on PC and Xbox heat sinks. The price is a fraction what would you pays at local store.,Good price,1363305600,,,,22,POSITIVE
5,True,"04 6, 2015",A3A9GFN7Q3NLM5,B00RU1V6T6,TobiwanKinobe,Great product - quick shipping.,Great,1428278400,,"{'Size:': ' 2 inches x 60 yard', 'Color:': ' Black'}",,5,POSITIVE
5,True,"03 15, 2017",AYH7O1OYPMUFU,B01G276VPM,Amazon Customer,Yes I'm  very pleased with my purchase. It feels so life like and that's a plus.,Yes I'm very pleased with my purchase,1489536000,,,,16,POSITIVE
4,True,"08 20, 2015",A34IT7UOZ2DSOV,B00A20KO18,Rob W,"Works well and I'm very satisfied. I gave it four stars because it doesn't include the coax testing adapters or dongle, but it's is very good for the price. I wish there were several more of the wire map ends to test multiple drops.",Works well and a good value for occasional use,1440028800,,,,44,POSITIVE
4,True,"07 26, 2014",A3CQ8E0QPF58I7,B00AJSBF6Q,Griz44Mag,"I used these on the PV output leads on my solar cells to extend them into a collector junction box.  I insulated them with 3M shrink tube ( http://www.amazon.com/gp/product/B0053PYF62/ref=cm_cr_ryp_prd_ttl_sol_4 ) also bought here on Amazon.  Works great, no more TYCO connectors to fail.","Good Quality, uniform crimp.",1406332800,,{'Package Quantity:': ' 1'},,43,POSITIVE
1,False,"04 28, 2016",A32JUX5T7L04HY,B006EGAIJ2,Jay,"cracked after 1st use on a 5000 pound car.
I will never trust a Rhino product again",DANGEROUS!,1461801600,46,{'Package Type:': ' Frustration-Free Packaging'},"['https://images-na.ssl-images-amazon.com/images/I/71-pq9dz9lL._SY88.jpg', 'https://images-na.ssl-images-amazon.com/images/I/71DMKu-hiUL._SY88.jpg', 'https://images-na.ssl-images-amazon.com/images/I/81hXj61FxjL._SY88.jpg', 'https://images-na.ssl-images-amazon.com/images/I/819JDaLGF+L._SY88.jpg']",17,NEGATIVE
5,True,"04 21, 2016",A1ZV82GIOLU4SS,B017OVC2QM,ALVARO VALENCIA HERNANDEZ,excellent product,Five Stars,1461196800,,{'Style Name:': ' Fluke 376'},,2,POSITIVE
5,True,"04 11, 2016",AZQ611UA0FW56,B015ER04OK,Amazon Customer,These work great for my sons lunch box...,Five Stars,1460332800,,,,8,POSITIVE
5,True,"05 16, 2016",A3D7IOZ9PEIKJX,B010RJUDZA,Brenda K. Rizzo,"""It is a very nice stethoscope. I bought it for a friend who is graduating from nursing school. I am an advanced practice nurse myself and know a good stethoscope when I see one. Congratulations on creating such a nice stethoscope and good luck with your new business""","""It is a very nice stethoscope. I bought it for a friend who ...",1463356800,,,,48,POSITIVE
5,True,"10 22, 2013",A2LINNB0T986FU,B00076RBZE,Kathryn,"What can I say?  This is an easy size for packing or throwing in a purse/backpack.  I use these for lotion, bag balm, a couple of days of shampoo/conditioner, medication, floss refills for my Reach Access, salad dressing for dining out, hair gel for on the road, rings/earrings, and thumb tacks.  They are fairly indestructible and are leak-proof.  If my husband would quit stealing them for the garage, I wouldn't have to keep buying more!",I use these all the time!,1382400000,,,,75,POSITIVE
5,True,"11 11, 2015",A3RPD7I80715Q0,B00IGOTY3Q,Julie,Took it on a cruise to save space. Worked great for me and my husband with the two brush heads.,Good product,1447200000,,{'Color:': ' Colorful'},,20,POSITIVE
5,True,"07 24, 2016",A1GXY83R7V69YE,B00QW2IVG0,Brenda K,"Exactly what I needed to plug off an abandoned ice maker supply valve.  Many other ""plugs you find are merely thread protecters or dust caps that will NOT seal the water in.  This is the real deal which sealed off the leaky valve.","A real plug, not just a dust cover.",1469318400,,{'Number of Items:': ' 1'},,43,POSITIVE
5,True,"03 6, 2017",A3VAA8A0YBB8B8,B00AJDZJCW,Jack,This is a great addition to any medicine cabinet. The Eardrum visual guide is also a great tool.,Very Handy,1488758400,,,,18,POSITIVE
5,True,"09 12, 2015",A2I1ZWKR60BHKD,B00M1PX9BE,ROB,I used this to fix my E36 a/c control panel. worked great. packaging was great.,worked great. packaging was great,1442016000,,,,15,POSITIVE
5,True,"04 5, 2018",A1ZHG9VFNI4YAB,B000TG60GS,Michael Carson,great brush. it didn't last long though.,Five Stars,1522886400,,,,7,POSITIVE
5,True,"12 10, 2017",A1JA7FC1SNSBTI,B00BT3CWNU,Amazon Customer,Thank you!,Five Stars,1512864000,,,,2,POSITIVE
5,True,"07 24, 2016",A113AOA7A0KI8I,B00NB3TSAQ,Startrekguy2012,Good Stuff,Good Stuff,1469318400,,,,2,POSITIVE
5,True,"02 15, 2015",A370G43QHH4I9H,B000B9V20W,Garrett Graham,We use these tincture bottles for iodine in our pack out kits for backpacking. They work well and hold up to heavy use in the backcountry.,We use these tincture bottles for iodine in our pack ...,1423958400,,,,26,POSITIVE
5,True,"04 19, 2018",A27SWHMMQBYK3H,B005DNQX3C,Marilyn Reich,as advertised,Five Stars,1524096000,,{'Size:': ' 1 US Quart Bottle'},,2,POSITIVE
4,True,"07 9, 2016",AAV18J5U0TLSC,B019ALQ166,JA,does what I wanted it to do,Four Stars,1468022400,,,,7,POSITIVE
5,False,"09 25, 2016",AFMKCES9182UP,B000067S12,Eldon Beers,just what I was looking for thank you,Five Stars,1474761600,,{'Size Name:': ' 1-(Pack)'},,8,POSITIVE
1,True,"03 12, 2017",A2RG8OHVAFB2GK,B00QK5AEBE,Mary A. Bastian,I would not recommend this for bath products. It stopped working on my 2nd time using it. It burned my seals a few time and didn't seal the bags. It's like the heating element lowered into the machine if that makes sense? I didn't apply extra pressure. Worked like a charm right out of the box then stopped when I tried it a few more times. I'm currently looking for a new one with better reviews to buy,Buyer beware.... doesn't work,1489276800,2,{'Color:': ' 8 inches'},,78,NEGATIVE
4,True,"08 13, 2013",A26KT3GEW8J8UD,B0045E0GUQ,John,I have one of these that is half its size.  So I knew what to expect.  Minus one star since it only has 2 through hols on the inner portion.,Just like there smaller bearings,1376352000,3,,,30,POSITIVE
4,True,"08 18, 2016",A2U2CBLBXS6NMH,B00FTJKALG,Linda Wilson,"I liked the big pads, but the wires did not work with my unit, but the rest were still really good!",I liked the big pads,1471478400,,,,21,POSITIVE
5,True,"06 25, 2018",AEF4QLIVA0PP6,B01HEQVQAK,Grant Fields,"Works great, used it to route power to my heatbed, to protect the control board, stays very cool, and very affordable!",Great,1529884800,,,,21,POSITIVE
5,True,"07 24, 2015",APIYNRHHZPX6F,B00GODZ4Y4,Carlos Rodriguez,The Contour works better than the older Rotadent I previously owned.  I was surprised to read so many poor reviews and was seriously considering not purchasing this product.  I'm glad I didn't listen to the naysayers.,The Contour works better than the older Rotadent I previously owned,1437696000,3,,,36,POSITIVE
5,True,"12 20, 2015",A2WBSRUY18LS5R,B0061OT1A4,julie ellnson,work good,Five Stars,1450569600,,{'Style:': ' Pack of 1'},,2,POSITIVE
5,True,"01 25, 2013",A38HRHZ63QMON8,B0012ZE8UU,Gary Dellinger,arrived very quickly and was packaged well.nice construction great protection for my Zune. it will fit into Zune travel case just remove the clip,great protection,1359072000,,,,24,POSITIVE
5,True,"04 1, 2016",A1AMWZPW673F2E,B000BQL43U,William R.,"these loaded easily in my new Arrow T50PBN Staple & Nail Gun, ended up flush in the pine board...",Five Stars,1459468800,,,,19,POSITIVE
5,True,"04 2, 2016",A203DTHOLMIVZL,B00ZKE559W,Ricardo Bordenave,"I can't belive it. it's really simple to use. plug and play. It took me 5 minutes after unboxing to start my first print.
Congrats XYZ!!!!",I can't belive it. it's really simple to use ...,1459555200,2,{'Style:': ' Basic Pack'},,26,POSITIVE
1,True,"01 19, 2016",A391YVG3BGCE34,B00N7432II,Joe,Batteries rusted.  Replaced batteries and unit does not work.,Batteries rusted. Replaced batteries and unit does not work ...,1453161600,,,,9,NEGATIVE
4,False,"03 14, 2015",A6XDZ1MJ0B1A2,B0013TTR4M,Gene P. Louie,Gel-Kam does work as advertised. Brushing it on teeth applies fluoride to strengthen the enamel. Unfortunately it is not as effective as Prevident. Its 0.4% concentration is weak in comparison to Prevident's 1.1%.,Not as Effective as Prevident,1426291200,8,,,33,POSITIVE
3,True,"02 26, 2016",A1OTKI5IBCIFXR,B007OSD9UO,Don Lemmon,holds batteries comes from china,Three Stars,1456444800,,,,5,NEUTRAL
5,True,"07 18, 2016",A10EE5NBPB8OPN,B019A0MUHG,wes,Great beginner kit.  It has more than enough to experiment and learn.,Great beginner kit,1468800000,,,,12,POSITIVE
5,True,"03 28, 2017",A3W41VHLM0ITKM,B00004Z2HN,taj,Thank you,Excellent,1490659200,,{'Size:': ' 7/16 Inch'},,2,POSITIVE
4,True,"02 13, 2014",A20DDQQQWTK9ZE,B001E5D0GQ,Andrea,"What I like about this is that it's all natural, has a great taste and my teeth feel cleaner than with regular toothpaste. Though I was a little dissappointed in that it doesn't seem to whiten my teeth. Other than that I would recommend it.",Good toothpaste,1392249600,,{'Size:': ' 4 Units'},,45,POSITIVE
5,True,"05 16, 2016",A2HA2HYRPAX38S,B000VS2HMK,Bhom Tell,Any clips holding your bike carrier to your trunk .. Just stuff will make them not scratch the paint.,Five Stars,1463356800,,,,19,POSITIVE
5,False,"02 21, 2011",A113I98D4VZPZD,B008CYCIYC,The General,"This stuff is no longer made in china, the bottle i just got had made in the USA right on the front of it.",Not made in china,1298246400,,,,24,POSITIVE
5,True,"05 15, 2016",ARW9RM6X3DHDG,B01D8IZQVS,Amazon Customer,"Good value, sturdy and as described. Arrived with a small but deep dent in the top, would benefit from a layer of foam over the table top in packaging--guessing this would happen a lot. I bought this to extend my counter into an unused space and was able to adjust the feet so it's perfectly flush. So much better than junky particleboard kitchen carts! Shelf holds a ton of pots and kitchen gadgets.",Good deal,1463270400,5,"{'Size:': ' 24"" x 48""'}",,73,POSITIVE
4,True,"02 14, 2015",A3HZN3KN5YVSS4,B003YL4954,TSwys,What can you say about a bunch of staples?  They worked.,Four Stars,1423872000,,,,11,POSITIVE
5,True,"11 9, 2014",AT8TS7XTO8TIE,B002BBD4SG,AlmostEverything84,I purchased these to replace lost balls out of an old ski ball desktop game. These are identical to the ones in there and worked perfectly.  The only odd thing is that they were all kind of sticky/oily. Not sure if that's from the manufacturing process or what.,Perfect Replacements,1415491200,,,,48,POSITIVE
5,True,"05 25, 2016",A2CEHLEILFOAQM,B00315CWXE,Homer,this was a great buy all around deal!,Five Stars,1464134400,,,,8,POSITIVE
4,True,"08 12, 2014",A1Q2TX6M587236,B00042K694,Linda Luker,Put this on my zero turn Toro mower so I could get a better idea of slope.  Works like a charm.  I can now tell when I am taking a risk.,... zero turn Toro mower so I could get a better idea of slope,1407801600,,,,31,POSITIVE
5,True,"03 6, 2015",A96VYWDHIADGY,B007HZLM9O,FAKHREALAM,"Good product, worked as described.",Five Stars,1425600000,,{'Product Packaging:': ' Standard Packaging'},,5,POSITIVE
5,True,"09 13, 2017",A29XI99O7WIWPU,B0015T97JK,LadySue,Great collection. Fits perfectly!,Five Stars,1505260800,,,,4,POSITIVE
5,True,"10 26, 2014",A2D86OV9X25T1K,B00F5DS7J8,holly forster,"This vacuum sucks, literally! I was amazed and yet horrified by the amount of dirt and pet hair it pulled out of the carpet. I had to empty the canister 6 times! My old vacuum never picked up this amount of stuff. Yes, it is a bit heavier than other vacuums, but I don't care. If it keeps performing like this, I'll be thrilled. Bought the extended warranty as vacuums tend to burn out or have problems after a year. Will see how it keeps up.","This vacuum sucks, literally",1414281600,,,,86,POSITIVE
5,True,"01 6, 2018",A1RO80X6TNZOOQ,B004BTC2XY,audra,good quality,Five Stars,1515196800,,"{'Item Package Quantity:': ' 1', 'Package Quantity:': ' 1'}",,2,POSITIVE
5,True,"05 7, 2018",A19T0OXTIAYN2F,B00ETUKKFW,M. Bayless,Nice. Solid. Used a bit of quake putty to get them to stay in the holes. Good finish.,Five Stars,1525651200,,{'Color Name:': ' brass'},,18,POSITIVE
5,True,"09 25, 2015",A2HNFSS8C7XWH9,B006C3O3Z2,LoveMySevenLittles-Az,"We use these gloves for cleaning, cooking, bodily spills, ect. They work great and I appreciate that the powder in them isn't messy, smelly or thick! Sizes are very accurate too.",Gloves are awesome,1443139200,,{'Size:': ' Medium (Box of 100)'},,31,POSITIVE
5,True,"03 2, 2018",A10E3YQ8GRL29R,B0148M7P4O,Michael John,"I have to level with you... I was completely geeked out to get this small tool. Does what it says it will. Easy to use, magnetic and relatively small. I plan on using it to set my blade angles mostly. Comes with a little fabric case/cover.&nbsp;<a data-hook=""product-link-linked"" class=""a-link-normal"" href=""/Calculated-Industries-7434-AccuMASTER-2-in-1-Magnetic-Digital-Level-and-Angle-Finder-Inclinometer-Bevel-Gauge-Latest-MEMs-Technology-Certified-IP54-Dust-and-Water-Resistant/dp/B0148M7P4O/ref=cm_cr_arp_d_rvw_txt?ie=UTF8"">Calculated Industries 7434 AccuMASTER 2-in 1 Magnetic Digital Level and Angle Finder / Inclinometer / Bevel Gauge, Latest MEMs Technology, Certified IP54 Dust and Water Resistant</a>",Small but accurate device,1519948800,,{'Color:': ' Original Version'},,74,POSITIVE
5,True,"04 16, 2016",AINO4U3U9L26V,B0074VCO7U,woodman173,Fast Shipping  Just as described very heavy,Fast Shipping Just as described very heavy,1460764800,,,,7,POSITIVE
5,True,"06 5, 2017",A1ZO1VFY5Q2QI0,B0038IL0EG,Kathleen M. adams,I absolutely love the stethoscope. It's heavy duty & just what I was looking for. Great price too.,Five Stars,1496620800,,,,18,POSITIVE
5,True,"03 5, 2017",AV1Y0DLMYSDCY,B00C3O6J0G,Debora C Rennak,Can see my driveway. thanks,Five Stars,1488672000,,,,5,POSITIVE
5,True,"02 3, 2016",A1K9EJ826S1J66,B001O4HW52,Christopher E. Dufour,"Love this table! Assembled pretty easily by myself in about 30 minutes.  It would have been easier with a second person to  help with the lower shelf, but with a little wrestling, I managed it alone.",Looks great and assembled easily,1454457600,,{'Color:': ' stainless steel & maple'},,36,POSITIVE
1,True,"02 26, 2013",A2XGRCQEYPTDHY,B0002YTKXW,vlad47,"This hard start kit after one month use blow my a/c compressor, when a/c start, give loud noise,  when a/c running every few minute try to restart again and produce loud noise, when i open compressor case and try measure current true hard kit, gauge show over 100 amp, when i install month ago was just 27-30 amp. Not recommended, you can lost a/c compressor for $2000.","Very bad product, you can lost a/c compressor $2000-3000  cost",1361836800,,"{'Size:': ' Greater than 1 Horsepower Range, 189-227&#x3BC;F Capacitor Size'}",,67,NEGATIVE
5,True,"04 25, 2016",A22DA0ASA0X0RB,B00DRALJ28,vern,Thank You,Five Stars,1461542400,,,,2,POSITIVE
5,True,"02 27, 2013",A8674NWIN9JD2,B006KT1DD8,ignas,good price fast shiping jbhl/b bnih jbni jninhj jni mj n n n n n n n n n n,Koyo Torrington B-128 Needle Roller Bearing,1361923200,,,,20,POSITIVE
5,True,"09 8, 2017",A1L379RL0YMNEK,B00TTOUZOE,Theresa V,As expected,Five Stars,1504828800,,,,2,POSITIVE
5,True,"05 16, 2017",A10OTIZLSAMI1J,B01G96LB6U,L.A. Hicks,Worked great on the cruise!,Five Stars,1494892800,,,,5,POSITIVE
5,False,"04 1, 2018",A1KVHXG9NMRS4W,B01APDKX08,slaw,Works great will be ordering different sizes,Five Stars,1522540800,,{'Color:': ' For 22-18AWG (red)'},,7,POSITIVE
3,True,"05 14, 2018",A2A9LGL2M9BTPL,B004N6L9PW,SheKnocks,product fine but even though I have it posted on my door and front window where to put boxes (literally 1-2 feet from door to hide from street view) delivery person put right smack in front of door where passerbys can see or take,product fine but even though I have it posted on my ...,1526256000,,,,44,NEUTRAL
5,True,"05 25, 2017",A2CJPITOU4M3WL,B00FFB87A4,ovidiu cretu,Excellent !,Five Stars,1495670400,,,,2,POSITIVE
5,True,"11 11, 2015",AH7VV78YKZSUZ,B00ODD5MD0,Jonathan Levine,Came quickly and as advertised.,Five Stars,1447200000,,,,5,POSITIVE
3,True,"11 23, 2017",A3J9PC62LRWWGQ,B00IDJ885O,Somewhereinamericaok,The medium is like thin.,Three Stars,1511395200,,{'Style:': ' 8OZ MEDIUM VISCOSITY'},,5,NEUTRAL
5,True,"06 4, 2018",A1J3WJV0858U6Y,B00KZO88X2,MARIA ISABEL CORREAS,Excelente,Five Stars,1528070400,,,,1,POSITIVE
5,True,"09 3, 2014",A1IHV0JM86SX2J,B000ONEQX0,Lars Y Aray C,excellent products and excellent seller,Five Stars,1409702400,,,,5,POSITIVE
5,True,"05 6, 2017",ANJ02XXEEUDHF,B0012DNFP6,crunchies,"Hide everything made of metal from this baby.  Holy balls, it will suck the iron out of your neighbor's blood!",Some dark magic doth live within this cube.,1494028800,3,,,20,POSITIVE
3,True,"08 1, 2016",A14S1DL5U4GS9L,B0013IZTBI,Dennis Banks,Not the best flow,Three Stars,1470009600,,,,4,NEUTRAL
1,True,"01 31, 2011",A1MVBEVD6DXHXC,B00020BQGK,Texan Atheart,"This vacuum has a snap in the clear filter holder.  The snapping part is a small black piece of plastic.  I ordered this on November 22, 2010.  This  small black plastic piece broke off last week.  I just missed the January 31st deadline for returns.  I guess it's 60 days.  But the vacuum should be guaranteed because it's really new.  I like Amazon, but this annoys me a lot.  BEWARE this Hoover and Amazon's return policy.",Broke and amazon won't honor a return,1296432000,,{'Color:': ' Purple'},,76,NEGATIVE
3,True,"07 8, 2017",A1C8IPPGGOUVJP,B00C351GBC,Frances C. Ryan,"fine for animal hair but the price has shot up since I got it in the Spring.,  Ordering another before it goes up any more.",fine for animal hair but the price has shot up ...,1499472000,,{'Color:': ' White'},,25,NEUTRAL
4,True,"06 19, 2015",AZ961EM2OEDP8,B0037XLHQS,Latte Lover,"The Kraft Grocery Sacks were as advertised;  However, the packaging was damaged on arrival, though the grocery sacks were intact.","The Kraft Grocery Sacks were as advertised; However, ...",1434672000,,,,20,POSITIVE
3,True,"04 24, 2017",A3T3RFRLYAAAIF,B01F866W7U,B.A.T.,"I tried to hang a raincoat (appx. 8lbs) from one 40 pound rated hook and the hook slid to the floor.
The 40 pound rating must be a lift rating(?).
Good product but not quite what I was looking for.",Good product but not quite what I was looking for,1492992000,,,,40,NEUTRAL
5,True,"09 23, 2016",A3QSG7SPSELT69,B000CST1L4,Chet a.,Great replacement part at a great price.  I think GENIE'S parts web site says this is not available any more.  Easy to install.  Done in half an hour.  Works great.  No need for a new garage door opener.  Saved a lot of bucks!,Great replacement part at a great price,1474588800,,,,43,POSITIVE
1,True,"11 12, 2017",A3U94PIOC0IWVH,B00DRALJ28,Robert Larkin,"I bought this product and the display started to fade out within 2 months of use and was no longer functional after 3 months. I replaced battery, no change. This unit sat on my window sill and was never dropped, damaged, or moved for that matter. Poor quality. Don't waste your money.",Display started fade within 2 months of use,1510444800,,,,52,NEGATIVE
5,True,"09 4, 2013",A1XVDRAXKQKZ76,B005P7P9M2,RedRyder,"this is a thicker tape than I expected for the price. yeas there is 164' on each roll, I would recommend this product",this is a quality tape,1378252800,,{'Size:': ' 1 Pack'},,23,POSITIVE
5,True,"09 10, 2014",A1BJFWHTVAIQ3B,B000YUCES2,PAUL,Using this to control my Pool pump with a Vera Lite.  Love this setup!!!!,Great for a Pool Pump,1410307200,,,,14,POSITIVE
5,True,"05 18, 2015",A1248QW7I0WUDP,B000LNOSUO,Lwarkentin,Just what I needed and they work just fine.,Five Stars,1431907200,,,,9,POSITIVE
5,True,"01 31, 2016",A2PPNWULZTDGV4,B010ML27EI,wm jones,Hey I liked vice  I got it on time it was a good deal appreciate it thanks,Hey I liked vice I got it on time it was a ...,1454198400,,,,17,POSITIVE
5,True,"12 31, 2015",A3UD17V175A9VS,B0060EUA32,Laura S. Waesche,"Unbelievable vacuum. Small in size but powerful enough to do the job. No more ash blowing out the backside, makes for easy clean-up.",makes for easy clean-up.,1451520000,,{'Style:': ' Vacuum'},,23,POSITIVE
5,True,"10 17, 2015",A9E1CBD228ZYD,B00OXPE8U6,Zach,Perfect temperature control for my project. Easy to wire after a bit of online research and carefully following the wiring diagram.,Perfect temperature control,1445040000,,,,21,POSITIVE
5,True,"09 13, 2014",A3I0J6PQQKCOWG,B0050GWAVG,James S.,Item was delivered on time and without any damage. Item was correctly  described in the description.,Five Stars,1410566400,,,,16,POSITIVE
5,False,"08 15, 2010",A321XY9PEBA39W,B00002X2EV,Brian Carlson,"If you have to move sheetrock, this is an absolute must have!  Our local hardware store wanted $2.50 a sheet to deliver the rock into our basement (even with a walkout accessible to the truck) or $50 to drop the rock on the patio. My wife and I opted to carry it into the basement ourselves and save the $250.  This little $6 device made the job easy on our backs and I would highly recommend you purchase a couple if you are moving any quantities of sheetrock.",Truly a back saver!!,1281830400,6,,,88,POSITIVE
5,True,"09 13, 2016",AF85Y91R24CMB,B017AJ0IC8,Richard Bouman,"It is a good sign when the sign company takes their signs seriously. Ordered the sign Sunday, received it today even without being prime customer. Signs are made in USA which is a big plus. Good, solid sign material - just as expected.",This is a good sign!,1473724800,,,,43,POSITIVE
5,True,"10 31, 2017",A2KIS67AJ1MBJT,B00137WP5C,Willie B Davis,worked great,Five Stars,1509408000,,"{'Size:': ' 0.027 inches', 'Length:': ' 12', 'Outside Diameter:': ' 1/8', 'Overall Length:': ' 12', 'Special Features:': ' ASTM A213 and A269'}",,2,POSITIVE
5,True,"09 22, 2015",A2OA6QLRYXCZ2R,B005F6OMPS,B. Evans,"The pHydrion pH paper roll is a continued repeat that I've been using for years.
I totally trust this company for reliable pH readings for both urine and saliva.
This product has kept me safely in the alkaline range, thereby keeping me
healthy! I'm very pleased with these pH paper rolls and will continue to purchase
Micro Essential Labs.","Great, reliable pH product!",1442880000,3,,,59,POSITIVE
3,True,"12 23, 2017",A1618ULE17CHWV,B00062N40A,Hazel,"I rate this product a 3/5
I ordered Wild Orchid and it's matte light pink rather than light purple.
Prestige was recommended to me by my instructors for school. Specifically the double corded style. I have yet to use it in the field but from testing it at home; yes I can hear our of it. If it's good enough for my school it's good enough for yours. - Future LPN","A good ""Cheap"" Scope.",1513987200,,"{'Color:': ' Wild Orchid', 'Style:': ' Clamshell'}",['https://images-na.ssl-images-amazon.com/images/I/71XMusCYNHL._SY88.jpg'],71,NEUTRAL
5,True,"12 30, 2016",AM8GVPW6RSENA,B007Y7I2K2,SamJam,On a bright day backing into the garage makes it hard to see.  This tape cures that problem.,Bright Fix,1483056000,9,"{'Color:': ' White', 'Length:': ' 5.0', 'Number of Items:': ' 1', 'Overall Length:': ' 5.0'}","['https://images-na.ssl-images-amazon.com/images/I/61JwAuCIbsL._SY88.jpg', 'https://images-na.ssl-images-amazon.com/images/I/61WcASEoHaL._SY88.jpg']",18,POSITIVE
5,True,"09 9, 2017",A3A6TDBBCFEB2O,B00GZE3UJ8,Yarik Stalin,Perfect. It actually works and doesnt leave glue residue behind!,Five Stars,1504915200,,"{'Size:': ' 2 Inches x 30 Yards', 'Color:': ' Black'}",['https://images-na.ssl-images-amazon.com/images/I/71-y0Ba31vL._SY88.jpg'],10,POSITIVE
5,True,"12 16, 2015",A1N705HD1GQ73I,B0013HJBA4,Vishal Gupta,"MUST HAVE For 3D Printers with Heatbed

Pros
Prints most plastics with zero warping.
For PLA, set the temp to 55. Never warps and the prints pop off easily once the bed cools.
PET+ / PETG, temp at 75. Also prints really well.
ABS around 85c, minimal warping.

Must have, no more dealing with annoying blue tape or glue sticks.

Cons:
None?",MUST HAVE For 3D Printers with Heatbed,1450224000,,"{'Length:': ' 12', 'Number of Items:': ' 1', 'Overall Length:': ' 12', 'Thickness:': ' 0.03'}",,62,POSITIVE
5,True,"10 20, 2016",AHL5QY7Q8A7XQ,B00BY9J8DG,Amazon Customer,Fixed it!,Fixed my AC,1476921600,,,,2,POSITIVE
5,True,"06 4, 2016",A1AO8E0YGA53RG,B00EUEDC4S,Amazon Customer,Correct product and prompt delivery.,Five Stars,1464998400,,,,5,POSITIVE
4,True,"05 29, 2016",AY2UC9JDC8R0Y,B00TO7NHBY,God,"I used it to check my cam adjuster on my 1982 Honda GL500I motorcycle , maybe a little long but fit through the 30mm inspection hole.",I used it to check my cam adjuster on my ...,1464480000,,,,26,POSITIVE
4,True,"01 6, 2018",A12RJZ51YIE15X,B00NB3TCQG,Bill Grenoble,Handy #18 wire for connections in a large box. I also have white.,Four Stars,1515196800,,,,13,POSITIVE
5,True,"12 27, 2015",AXDS4R4DD4PO3,B00C7U17US,hunter novak,this is very fun to play with and comes with a good amount,Five Stars,1451174400,,,,13,POSITIVE
5,True,"04 7, 2018",A14H9R8QSNMA7U,B01EMVBOUM,b,This product is great strong to write anything you need to or use it for surgery however once on the skin it doesnt come of easily,This product is great strong to write anything you need to or use ...,1523059200,,,,26,POSITIVE
5,False,"07 22, 2014",A3HNSGVMACW249,B00CATVET0,sistablues,Finally! A grill brush that does the job with minimal effort! Love the longer handle for a better grip and even pressure . The stainless steel wire bristles are sturdy and do the job in a jif. Brush cleans easily in sink - I use a dish scrub brush to clean the brisles and the hang it up to dry. I don't own a dishwasher so I cannot attest to that. Very happy with this brush!,Clean with ease,1405987200,,,,76,POSITIVE
4,True,"01 5, 2018",A32JGGYMJLIVA4,B00EUGCT22,Michael M.,good product,Four Stars,1515110400,,{'Size Name:': ' 1 - Pack'},,2,POSITIVE
5,True,"05 9, 2015",A62V0BVWVQZBQ,B016Q6T7Q4,Zatronium,"Unlike some other boards on Amazon, these have very low resistance, as tested by my meter. They also have a padded backing, but it's not anti-slide, so I'm not sure why it needs padding. The backing does set it apart from other boards, though. The rows and columns are numbered/lettered, and they have little mounting holes, which is nice too. Apparently they also clip together, but I haven't used that feature. Definitely worth the purchase.",which is nice too. Apparently they also clip together,1431129600,6,,,75,POSITIVE
2,True,"09 23, 2015",A1IALBM3F0FC3U,B004FC5VT4,Roberta Sams,Too small for my use.,Two Stars,1442966400,,,,5,NEGATIVE
4,True,"09 8, 2014",A2XBV7VVIEJ3NU,B00196RV9C,Thomas C.,Works well for light duty only. I would up up to 25 foot lbs of pressure or so..,Four Stars,1410134400,2,,,18,POSITIVE
1,True,"02 13, 2017",A168DUQ6EQPLW,B01BX21SOK,stevenlquirk,2of them were broke when I got them,BROKEN,1486944000,,,,8,NEGATIVE
4,True,"07 8, 2014",A3LDE2G0LHGPUT,B00AZBIZTW,Motherof1,"Vaccum works well, however it did not come with the wand or the extra attachment that it stated it would. I bought it from Amazon warehouse so maybe I misread.  It does clean well, the filter being washable is a great addition; and it is pretty lightweight for a vacuum.  Overall I would say had it come with all the pieces it is the best vacuum I've found at that price point.",Missing attachments but a great vacuum overall!,1404777600,,"{'Color:': ' Purple', 'Style Name:': ' Vacuum Only'}",,72,POSITIVE
2,True,"11 23, 2014",AY2W0RGBOCZE9,B00KH7RFVI,Murph,"I purchased 2 of these regulators. Both times they sprung a leak in the same place, a crack developed in the metal right at the water outlet side of the regulator where it connects to the hose. Seems like its a defective casting process to me but I can't be sure.",Seems like its a defective casting process to me but I ...,1416700800,23,,,51,NEGATIVE
5,True,"02 18, 2018",A3TSYQJTY3PAHJ,B00VQ561XI,Roger R Fortin,Much better than I expected in all respects.,Five Stars,1518912000,,{'Color:': ' Blue'},,8,POSITIVE
2,True,"04 27, 2015",ALD1714OWTZF8,B00F4ORTZ6,Joseph Peterman,Worked Great for 2 Weeks then quit working and now nothing. Not worth the investment.,Two Stars,1430092800,,{'Style:': ' Premium Digital to Analog Converter'},,15,NEGATIVE
2,True,"10 8, 2016",A34ZSOOYR6D058,B00551NU3I,M Lukas,"Convenient and easy to read, but lacks reasonable accuracy. The published 2deg F accuracy is weak enough, but compared against older mercury based bulb thermometers found accuracy off even more. At room temp, this unit was off by 3-4 degrees on the low side and even more at temps below freezing.",Pocket thermometer accuracy,1475884800,,"{'Size:': ' Closed Plastic Case', 'Style:': ' -30 to 120F'}",,51,NEGATIVE
5,True,"02 7, 2016",A34IIT55DIX1FU,B003GXF66G,eastmanair,Great little fitting,Great little fitting,1454803200,,"{'Size:': ' 1/8""', 'Number of Items:': ' 1'}",,3,POSITIVE
1,True,"11 2, 2016",ANNM8TEMIPCGA,B00B887CLS,Travis Opperud,"The resistance is nowhere near linear. This makes it pretty much worthless for any respectable instrumentation, as this makes proper calibration impossible. This shortfall is minuscule next to the fact that the sensor has a rim around it (the black part in the thumbnail), and that prevents it from getting any reading if the object applying the force is larger than the force gauge. For example, you have two plates, and put the force gauge in between: no reading.",Garbage,1478044800,,,,79,NEGATIVE
4,False,"06 9, 2014",A24FY1EBJ7EWLH,B000Q5ZOIW,Cabushka,"This is an industrial-sized trash bag, probably more appropriate for office paper or recycling.  Though it seems strong for it's weight, it is too large & not heavy enough for my residential trash can.  Also, I wouldn't want the contents of my trash bag on the curb for the world to see!  Great, though, for emptying the bin of my paper shredder before heading to the recycling center.",Extra Large!,1402272000,,{'Package Quantity:': ' 1'},,68,POSITIVE
4,True,"02 3, 2016",A10CPL3ZO92BH2,B00HF1J8S2,Accurate Observer,works as intended,Four Stars,1454457600,,,,3,POSITIVE
5,True,"09 8, 2016",A27ZC0L7HFU649,B0147I9P8I,Silvia Pepperman,Exactly as I expected them to be.,Great for freezer meals,1473292800,,"{'Size:': ' 2-1/4-Pound with Board Lid', 'Package Quantity:': ' 1'}",,7,POSITIVE
5,True,"07 10, 2017",AJXKFNF5POKQA,B00JHKTDMA,luvher74,"this dual lock fastener are strong. I can hang just about anything on the wall, glass, or siding without fear of it falling off.",3m dual lock fastener,1499644800,,{'Size:': ' 1 in x 6 Ft'},,24,POSITIVE
2,True,"01 25, 2016",A2T5LS4VPV3FG,B000FSIV6M,barbara brookover,It's fine if you just want a prop but if you want to actually hear anything you are out of luck. It was a present for my son and he likes it but we were disappointed that he couldn't actually hear his own heartbeat with it.,Prop only,1453680000,,{'Color:': ' Stealth'},,46,NEGATIVE
3,True,"08 18, 2017",A3UPST0RR22M43,B01DMFVIEQ,Morgan,Nice and convenient but the amount distributed on the ball is not consistent and some of the balls fall out if you turn them upside down.,Nice and convenient but the amount distributed on the ball ...,1503014400,,{'Package Quantity:': ' 12'},,26,NEUTRAL
5,True,"06 16, 2015",A3NG4P6K7NFCU6,B00M4X5J20,Doctor IJG,"Product as expected good quality!
Thanks!",Five Stars,1434412800,,,,6,POSITIVE
5,True,"08 22, 2014",AAT7B02U4Q2JV,B009D4IM5O,Amy Crawford,Perfect,Five Stars,1408665600,,,,1,POSITIVE
5,True,"12 2, 2017",A1KCX0JUWSWGB8,B01418N1NO,wayne smith,Works good seems pretty accurate,Five Stars,1512172800,,{'Style:': ' Degree -58 to 662F(-50 to 350C)'},,5,POSITIVE
3,True,"01 2, 2018",A1E77XSW5DQ2Y,B00MNIYZ1W,Michelle M.,"I used this for an art project, so it worked well.  However, they did not fit snugly with PVC pipes.  I had to use screws to keep them attached.  I would not recommend these if you want to use them for actual irrigation.",I would not recommend these if you want to use them for actual ...,1514851200,,,,43,NEUTRAL
4,True,"08 10, 2016",A23PVGJNWBECZR,B00B5103HI,Richard Dean Carey,once your knives are sharp these are usually all you will need,finish up sharpener,1470787200,,,,12,POSITIVE
5,True,"04 29, 2015",A2P170SZCCH8YA,B00E8KB3DG,william abrahams,Added to a emergency bag and the price was unbeaten,great price and quick shipping,1430265600,2,,,10,POSITIVE
5,True,"09 27, 2016",A1JU8UJG9AXUBJ,B008X10YRC,tattoomanz,as advertised,Five Stars,1474934400,,{'Size:': ' black 5pcs-1'},,2,POSITIVE
5,True,"06 24, 2014",AOFGZ0KPFN74M,B000E62TCC,Glenn,"Exactly what they say it is. It is regular old plastic tubing, but food grade. I bought it for use in a water distiller that I'm making FOR SCIENCE. It will kink, like all tubing, and will forever be prone to rekinking at that spot, so store it carefully.",Its plastic tubing,1403568000,,,,49,POSITIVE
4,True,"05 22, 2018",A3LYVB1JLWRHDN,B002DZRFIK,Kevin Quosig,"Was building a cushioned form out of thinner pieces of sheet neoprene. This stuff dries in a reasonable amount of time and doesn't smell very badly (at least no worse than the raw neoprene sheeting itself).

It's consistency and application reminded me of rubber cement and similarly dries to a semi-flexible bond.",Glues together neoprene very well,1526947200,,{'Color:': ' Black'},,52,POSITIVE
5,True,"02 26, 2017",A3IFFFEFEORUGN,B00AOCKWMU,Joshua Sciortino,Was spot on with hydrometer.,Five Stars,1488067200,,{'Color:': ' Aluminium'},,5,POSITIVE
4,True,"12 2, 2012",A8FKL1DHTHC12,B006O130X8,Matt the Photographer,stable for the most part.  the wheels are a little flakey and don't work super well for curved tracks. there are nicer ones out there but they cost a lot more.,works perfect and worth the money.,1354406400,,,,31,POSITIVE
5,True,"02 1, 2018",A1WFFDGFBQDVGE,B011EFY014,Film Guy AC,Pretty cool.  Definitely changed some of my habits with sleep and room cleanliness.,Pretty cool. Definitely changed some of my habits with ...,1517443200,10,"{'Color:': ' White body, Brown frame'}",,13,POSITIVE
4,True,"08 20, 2018",A2JUOTSVQYVH2G,B01AGQ0F3O,Mike shannon,"It was good and fast to get to me, l use it for lawn tractor worked great",It worker we,1534723200,,,,17,POSITIVE
4,True,"04 1, 2017",A39Q4AJLX8TRPI,B01E7FIJQA,Amazon Customer,It would be convenient to have one without the welded head,Four Stars,1491004800,,,,11,POSITIVE
5,True,"06 28, 2018",A2F6GES1MBOFXS,B00ZSXQQ9I,BluesJamJim,"Grab bar install, worked great.",worked great.,1530144000,,"{'Item Package Quantity:': ' 2', 'Package Quantity:': ' 2'}",,5,POSITIVE
5,True,"04 21, 2015",A12BTYR0ZGRTLR,B004P4OB4S,Ken,I love these glass test tubes. They work perfect for me.,Very good product.,1429574400,,,,11,POSITIVE
5,True,"08 21, 2014",A2VNRTH3TCF8N2,B009QBUO4Q,Bradley Hatcher,im happy,Five Stars,1408579200,,"{'Size:': ' 100 cm', 'Color:': ' Black/Red'}",,2,POSITIVE
4,True,"07 17, 2015",AXCSDN7T32XEV,B003XFPUI6,Jon,"Had to space out the metal cover on my Buffalo brand bench grinder.
Bristles were rubbing pretty bad. Had to give the grinder a little manual spin by hand to get it going.
Added a few washers to space out the cover and it's better.",Bristles were rubbing pretty bad. Had to give the grinder a little ...,1437091200,,,,45,POSITIVE
5,True,"05 9, 2018",A384EDAX04YIVT,B005KMDV9A,Krashena,"LOVE this thing it is the best vacuum cleaner I've ever had. Careful it is powerful when I turn on the power it literally pulls me a bit, also pay attention as your using it as I accidentally ran over parts of the cord and didn't notice until I went to rap the cord up it looked as if pieces had been shaved off.",LOVE this thing it is the best vacuum cleaner I've ...,1525824000,,,,64,POSITIVE
5,True,"02 13, 2018",A1VTVT65APJBTY,B01GB7J8C6,Amazon Customer,"On time, complete and without errors. They sent exactly the product they showed.",Five Stars,1518480000,,,,13,POSITIVE
4,True,"03 27, 2014",A1RQDXA1V6X7X,B005FDPDDG,Hank Seifert,Had to reverse the float to work as an open circuit that closed when the float was lifted by water. Using it to record sump pump failure to activate water alarm telephone unit that is 30 feet away.,Works fine as open or closed float switch,1395878400,,,,38,POSITIVE
5,True,"09 12, 2016",A2PO4K5WCJGSW4,B00GB03QB8,toms_jeep,"These are great for getting thread sizes, This is much easier to use than the ones with the cable when out on the floor checking machines",Must Have for Checking Thread Sizes,1473638400,,,,26,POSITIVE
5,True,"05 23, 2017",A1MSWQUJQSYE1K,B010MZ8S6A,Leslie F,Bought two of these. No issues with either in almost a year.,Five Stars,1495497600,,,,12,POSITIVE
5,True,"07 9, 2017",A1Q5CU2GN2USZF,B00MVXL116,T. Ruter,"I make handbags, and these are the best price on the internet!  I love them!",and these are the best price on the internet,1499558400,,,,15,POSITIVE
4,True,"04 27, 2018",A33QXL39QVZDEL,B005GRULGK,frankvill,I used it to verify the correct calibration of my HANNA pH meter. Useful and cheap.,Useful and cheap,1524787200,,{'Size:': ' 4oz. Bottles'},,16,POSITIVE
5,False,"02 20, 2015",A4VQ499NIUHUM,B000BQNYME,Jonathan Wald,"Boiler dripped for 5 days, progressively getting worse.  The addition of thgis solution worked within two minutes.  Two days and counting, there is not a drop lost by the system.  Stopped the leak, my stress, and four thousand plus of added house expense.",Sealed the Worries Away,1424390400,,,,43,POSITIVE
5,True,"04 6, 2017",A2I45JY37CC9Q1,B01C94S7HC,Mike Sullivan,Just what I thought it would be.,Five Stars,1491436800,,,,7,POSITIVE
4,True,"12 9, 2016",A2JIEPJXVQDF9S,B00V2W467I,Darin Doyle,A great time saver.,Four Stars,1481241600,,,,4,POSITIVE
5,True,"07 24, 2018",A3RS9OW7CTZHDM,B019NTH2ZY,F.E.T,Perfect for our go-kart. Exactly as described.,Everything was perfect!,1532390400,,,,7,POSITIVE
1,True,"03 19, 2015",A3B1PSOPHPMKGP,B0060EUA32,Barefoot2995,2 small,One Star,1426723200,,{'Style:': ' Vacuum'},,2,NEGATIVE
1,True,"03 11, 2016",AMY8R332U6CX2,B00QQ5Q3BI,Ricardo Castellanos,"The glass is warped, rendering it totally useless for its intended purpose.",warped up in the center,1457654400,,,,12,NEGATIVE
5,True,"01 17, 2016",A2HDGTYMBPT35P,B00CMTKKQ6,Runner434,Product was shipped in a timely manor and was well packaged.  The hook and loop backing held tight to the buffer at over 3000 rpm.  I would highly recommend.,I would highly recommend.,1452988800,2,{'Size:': ' 2000 Grit'},,29,POSITIVE
5,True,"07 26, 2017",A7V8LATHZGGYZ,B00F3HUT6U,JohnLandscapes,Look no further for quality deck screws!,The best!,1501027200,,,,7,POSITIVE
5,False,"08 13, 2016",A3RU8E4YT88XAB,B013L37DPM,Kelly Anne Conley,Nice and sturdy with several clever pockets and a rain cover.  I was so glad to find a pannier which matched my bike AND was very functional.,Good choice,1471046400,,,,27,POSITIVE
5,True,"08 11, 2017",A29YSV56NMXWLA,B01F866W7U,John S Hellwig,Exactly what I needed. Strong magnetic hooks to hold pot holders on my fridge!,Perfect,1502409600,,,,14,POSITIVE
5,True,"10 21, 2013",A1H45U0DTDWLT0,B001H9NWZS,Joel A.,Duck tape just works.  Great for many uses around the house.  I keep spare rolls in each vehicle as well as the tool boxes.,Duck Tape,1382313600,,,,24,POSITIVE
5,True,"08 5, 2015",ASNC7GK0GTHL8,B00XVP0TSO,E. Fleisher,Worked great!  Met expectations.,Great Temperature/Humidity Gauge,1438732800,,,,4,POSITIVE
3,True,"02 11, 2018",A2M8J0TT602EMT,B01H3XBJME,Tori Dunn,"Tape had some hefty dents in the rolls, either from delivery or storage.",Three Stars,1518307200,,,,13,NEUTRAL
5,True,"06 9, 2016",A3QTW40B17UM67,B014GVCGLE,tginnb,"Just what I needed, thanks",Five Stars,1465430400,,{'Color:': ' Black'},,5,POSITIVE
5,True,"04 17, 2017",A2GH7TIPWLXF1Q,B012YZE6SA,Brenda Ross,"Both my husband and I, although skeptical, are enjoying both the oil pull and dirt tooth powder. I've wanted to try oil pulling but wasn't brave enough to try plain coconut oil that was solid. The flavored pull seems more humane and we both notice improvement in our breath.","Surprise, I can invite Dirt into my home without the need to clean.",1492387200,,"{'Size:': ' 3 Month Tub 20g', 'Color:': ' Sweet Spice'}",,49,POSITIVE
5,True,"02 20, 2018",AEEXZY6BX0US8,B00OYK6G78,Michael Whitworth,great,Five Stars,1519084800,,,,1,POSITIVE
5,True,"06 18, 2016",AN7M1KVCE4QVZ,B00SC09AME,Amazon Customer,I liked this because you get just the right amount in a shot,Five Stars,1466208000,,,,13,POSITIVE
5,True,"03 2, 2016",A20LO6SNKZFOJC,B000NBKLOQ,sporadic,"Hey, they do what nuts do! Haven't let me down yet. Nice nuts.","Not just crazy, they're nuts!",1456876800,,,,13,POSITIVE
5,True,"11 17, 2017",A2EQY2V4PSUE88,B00AH21QO0,Sandilee4u,works great,great,1510876800,,,,2,POSITIVE
5,True,"05 25, 2018",A34EANXHR17HW5,B008VID92O,Case Sprenkle,goodproduct good price,Five Stars,1527206400,,,,3,POSITIVE
2,True,"01 22, 2016",A3BLV8M5YKJT41,B00196P7Y8,Juan Nieves,Could be better. It proyects the floor but it slips not secure enough on wood floors.,Two Stars,1453420800,,{'Color:': ' Pebbles Print'},,16,NEGATIVE
3,True,"02 18, 2016",A28WWAQD3SSBRI,B00PKKG45U,Amazon Customer,Packet was hard to tear away opening.,Three Stars,1455753600,,,,7,NEUTRAL
5,True,"07 25, 2017",A197GB46UI06WN,B000KZUU32,kf,sure handy to have extra nozzles that are clear and easy to clean...have tossed many tubes of caulk when they seized up soled!,... handy to have extra nozzles that are clear and easy to clean,1500940800,,,,23,POSITIVE
5,True,"02 14, 2017",A3HJFG73EWIQHD,B00TDBVW7W,george sendek,works for meat patty's one on both sides and bang you have a burger,Five Stars,1487030400,,,,14,POSITIVE
5,False,"05 9, 2016",A1AGSRKMRLUEWY,B00LERY112,Amazon Customer,"Great price, looks good and easy to install..",Good Buy...,1462752000,,,,8,POSITIVE
5,True,"02 12, 2018",A1AAB715FDTVO4,B013E9L4ZS,Javier,"The product is expensive, but it's work perfect. During the 1st week, I had to empty the canister half way thru due to all the dust that the machine collected. Works amazingly, you will not believe how much fine dust you are breathing right now in your home. It will keep all that allergens out.","Expensive but worthy, even more, if you work all day.",1518393600,,,,55,POSITIVE
5,True,"04 25, 2016",A3EZPLNVJ5XWMK,B00T8A7GFA,Dora S.,These are great,Must haves,1461542400,,{'Size:': ' 1 Set'},,3,POSITIVE
4,True,"10 24, 2015",A38LL8NVWEG5WU,B005Z4QU5U,Sheila,as described,Four Stars,1445644800,,{'Style:': ' Pack of 10'},,2,POSITIVE
5,True,"01 10, 2016",A20L6BGMNCLMM6,B015OT106O,randyg,great product workd as advertised,Five Stars,1452384000,,{'Size:': ' 1 pack'},,5,POSITIVE
4,True,"09 25, 2014",A33M7FY0J3VZKS,B008XB8CUI,Carl Davis,I really like the pocket toothbrush.  I searched a long time to find an electric toothbrush to travel with.  It's a little under powered compared to your regular electric toothbrush and the brushing head is a bit small for me.  But I still think it's a very good product and you can't beat the price.  I'd buy another one.,Does a good job and great price,1411603200,,{'Color:': ' Black'},,59,POSITIVE
1,True,"02 25, 2015",A1EOAPYKGTBZUY,B00A88X808,BEnglish,You get what you pay for I guess.,One Star,1424822400,,,,8,NEGATIVE
5,True,"06 1, 2017",A27WOQDHXNQ9PO,B00WE0DEKW,tatsuemon,This is the best in best for keyboard lubrication.,Five Stars,1496275200,,"{'Size:': ' 1OZ Needle Nose', 'Style:': ' Krytox GPL105 - Industrial Oil'}",,9,POSITIVE
1,True,"11 4, 2016",A3VGFO25WQ33HI,B00KBPDGUK,Angelo Perri,not what I expected as a sealer.,One Star,1478217600,,,,7,NEGATIVE
5,True,"08 25, 2014",ARKPVRYEK4YK2,B00FAUTN9O,Colorado Buyer,Well-made screw.  Nice crisp threads with nice machining,Nice crisp threads with nice,1408924800,,,,8,POSITIVE
5,True,"02 29, 2016",A3O8DI2WBPZ6EP,B006IPH5H2,Kim,This was surprise purchase because when I bought the Audioengine speakers.  I did not realize they did not have a headphone outlet which I really need for my job.  Luckily audioengine does make this adaptor or I would have had to purchase I different pair of speakers to be able to do my job.  I did set it up today without any problems and it does work.,Does the job I needed it to.,1456704000,,,,67,POSITIVE
1,False,"09 12, 2016",A3MENYJ4HXZX60,B0011YY9YM,chongho,"unable to use. I strongly suggested ""do not buy unless you know what you are buying""",One Star,1473638400,,{'Package Quantity:': ' 1'},,16,NEGATIVE
5,True,"02 17, 2016",ABYXBNGLG9BWN,B001925P6W,Joyce Colella,Excellent product. Given as a gift for parent who has child who switches lights on and off all day long.  Perfect resolution to parents problem.,Excellent product. Given as a gift for parent who ...,1455667200,,{'Size:': ' 1-Pack'},,25,POSITIVE
5,True,"03 29, 2017",A3SDTFXRGOT9P6,B001E6A798,Richard Greene,Beautiful finish and thick - weighs 75 lbs.  perfect addition to my home.,Five Stars,1490745600,3,,,13,POSITIVE
5,True,"08 22, 2015",ARUL5Y3D69T3O,B000J5KOIE,Ashley,Great for after birth squirt bottle,Five Stars,1440201600,,,,6,POSITIVE
5,True,"09 7, 2014",AKG8BQSNQM3QV,B00G9AUZK0,1littlefixtobeperfect,Cool product.  Works great .,Five Stars,1410048000,,,,5,POSITIVE
1,True,"01 20, 2016",AO69MMMLD3J0I,B00IK4ENYM,James A,"Wow!  Talk about low quality, this tape has it in abundance!  VERY thin, dirty rough edges, and half way down the roll, some sort of red rubbery like tape substance stuck between the layers.  WILL NOT BUY AGAIN, NOR RECOMMEND!  Take my advice, buy the Three MMM stuff and leave this alone.",Failure Tape,1453248000,,,,52,NEGATIVE
5,True,"03 11, 2017",A9NCFBEX48QOP,B00SLVV4YQ,Amazon Customer,just right,Five Stars,1489190400,,{'Size:': ' 2 Pack'},,2,POSITIVE
5,True,"03 14, 2018",A2RLGFUKDIEJMU,B009VSM244,SL ,"The cutest key chain Ive ever seeing! Beautiful package!
Thank you!","More than a key chain, its an art!",1520985600,,{'Color:': ' Tooth Key chain'},,11,POSITIVE
5,True,"04 13, 2018",A3BWSL9VZTWBPU,B000JFFEFW,Amazon Customer,Worked as expected and easy to install.,Works great,1523577600,,,,7,POSITIVE
5,True,"02 23, 2016",A3EQDESFQGIU0H,B00YGQ3FOC,Brian,Very good price point,Very good price point,1456185600,,,,4,POSITIVE
4,True,"04 2, 2018",AGFOLW7IYTMOO,B00SDTC7RY,Jeff Kiser,great,Four Stars,1522627200,,,,1,POSITIVE
5,True,"09 12, 2017",AWM1CHD3H9IUU,B00FX36W7O,John Campbell,"Good Shop vac, strong suction, easy to move around.",Five Stars,1505174400,,{'Style:': ' Vacuum'},,9,POSITIVE
5,True,"09 7, 2016",A1L0TVAJ1TYE06,B00J0GMMP6,TCG,"After trying other brands of filament, I'll stick with Hatchbox.  I've had great success with every Hatchbox spool I've ordered, both PLA and ABS.
A great mix of value and quality.",Best filament I've found,1473206400,,,,31,POSITIVE
5,True,"12 20, 2014",A337CU3UD2LAFL,B00IKTO7VQ,Mike Dudas,works awesome.  Perfect amount of sticky-ness,works awesome. Perfect amount of,1419033600,,,,6,POSITIVE
4,True,"05 22, 2018",A1NGPR5XXZR4VH,B01EK6XFVA,B. Fernandes,Good tape.,Four Stars,1526947200,,"{'Size:': ' 6 Pack', 'Color:': ' Crystal Clear'}",,2,POSITIVE
5,True,"05 28, 2018",A1B8M8WOT4WGKW,B01B16U7B8,cb,"Havent had to use it yet, but it fits in my trauma kit .",Five Stars,1527465600,,,,14,POSITIVE
4,True,"11 30, 2017",A2OFY05DIDLL4X,B005WTY5SM,Vincent M. Kelly,Just what I wanted and in great condition.,Four Stars,1512000000,,,,8,POSITIVE
5,True,"05 14, 2016",AMVXQEPCCYXNG,B011SGW6LA,Amazon Customer,Great product!!! Will buy again !!,Five Stars,1463184000,,"{'Size:': ' Small', 'Color:': ' Purple'}",,6,POSITIVE
5,True,"03 13, 2015",A3K9AMAUZ2GLQP,B007A2PMF4,taquisha Robinson,A little smaller than what i expected but they still made amazing treats for the doc mcstuffin party. ..and shipping was fast ....i would recommend,... smaller than what i expected but they still made amazing treats for the doc mcstuffin party,1426204800,2,,,25,POSITIVE
5,True,"01 17, 2017",A1LOE2PDACFUH1,B01DQBP8BA,Woodsy,"Received product as advertised.  Have only used it a few times so don;t know how durable it may be.  It is very accurate and is easy to use providing quick answers to leaky windows, door, frames, un-insulated spots in ceilings and walls.  It even gave a quick reading inside our hot oven.  Don't know how I did without this thing - everyone should have one.  A recommended buy on my list.",It is very accurate and is easy to use providing quick answers to leaky windows,1484611200,,,,71,POSITIVE
5,True,"07 13, 2017",A3CHOLWST387VU,B0042SWOHI,Jana R. Nix,Slime!!!  Not ironing.  Worked great!,Worked great!,1499904000,,,,5,POSITIVE
5,True,"05 26, 2017",AK8XX57WC3Z62,B018QHQSB8,RJ Joyner,"I  got this tool as a way to get an accurate temperature for roasting coffee, it works so well, now I know how hot the coffee is at any time in the roast. it is very accurate as well. and if you need a different type of thermocouple it is compatible with them all !!",This is a very good thermometer. Does what it is made to do.,1495756800,,,,55,POSITIVE
5,True,"04 25, 2015",A3OGUIUKMWA3QQ,B00IKDI7Y0,anthony jones,Love the price. I loose these all the time.,Five Stars,1429920000,,,,9,POSITIVE
5,True,"05 6, 2017",A1460RUJX7DFIF,B0166FFCHS,Carolyn A. Stuart,I used this to glue a stained glass hummingbird wings . Stuck immediately!  Strong bond!!  I have recommended several times!,Pleasantly surprised!!!,1494028800,,{'Color:': ' Clear'},,20,POSITIVE
5,True,"05 2, 2015",A23Z132TXLUGW5,B00YL1GSI2,Mc DeWitt,Always good to have shims on hand.,Five Stars,1430524800,,,,7,POSITIVE
4,True,"01 23, 2018",A3POTF0D11B850,B013CTWO54,Wyrenutt,Protects my eyes during a solar eclipse.,Eclipse glasses,1516665600,,,,7,POSITIVE
5,True,"02 21, 2017",AK2YDMGMBAT2Q,B001NDNV18,teresa,The best Vacuum ever made. take it from the cleaning lady with 32 years experience.,Five Stars,1487635200,,{'Style:': ' Oreck Commercial XL2100 Upright'},,15,POSITIVE
3,True,"01 20, 2011",A3PTNMCULWRLNF,B0000DD1F9,Philip Michael,This is a small light duty caster that works fine for what it is. It is exactly the same caster and brand name that Grizzly sells. Grizzlys price for the fixed or swivel is $1.50.,overpriced,1295481600,,,,35,NEUTRAL
5,True,"01 13, 2016",AOCRA7CB8VD5V,B00AF0ODGM,SkcMac,work as described.,Five Stars,1452643200,,{'Number of Items:': ' 1'},,3,POSITIVE
2,True,"05 10, 2015",ASFAO68UDNT4E,B007AZ37VC,Barbara Young,"WARNINGS ON THE BOTTLE OF THIS PRODUCT REVEAL THAT IT IS HARMFUL TO BREATHE AND COME IN CONTACT WITH.  I HAVE NOT OPENED THIS PRODUCT AND WILL  NOT DO SO, IT IS TOO TOXIC TO USE.",TOXIC,1431216000,,"{'Size:': ' 16 oz', 'Package Quantity:': ' 1'}",,36,NEGATIVE
5,True,"09 14, 2016",A2EVEJNC5C6DG5,B0014LOZVO,Anne M.,"It is exactly what you think it is. Not sure if there is a difference between the Scotch and actual Duck Tape brands, but this is serving its purpose.",It is exactly what you think it is. Not ...,1473811200,,,,29,POSITIVE
5,True,"04 24, 2018",A13ULNU1EP99E0,B009VSM244,Truitt Ashcraft,"Gift for grandsons girlfriend. It's unique, not something that everyone will have on their desk or shelf. She loves it.",Great for anyone interested in anatomy!,1524528000,,{'Color:': ' Skull 1lb'},,20,POSITIVE
5,True,"08 14, 2015",A2U5B2NFH7C3JT,B00KIFAQZ6,Shopper X,"Good quality, good price.  Super stable and lightweight, I'm 220 and it doesn't make a peep when I'm on it.","Good quality, good price",1439510400,,,,20,POSITIVE
4,True,"08 11, 2017",A2T28OBEJXJ8FX,B000GUN96Q,PATTY,Good products,Four Stars,1502409600,,,,2,POSITIVE
5,True,"08 16, 2016",A1VB64BQGGIMMY,B000YZAUE2,Just a person ,great,Five Stars,1471305600,,{'Size:': ' 1 Pack'},,1,POSITIVE
4,True,"03 2, 2016",A23C06KIH5G8EP,B00N7432II,peacockflock,"Arrived on time, no hassles, very helpful, but the item itself is a bit bulky. doesn't fit into my water jugs as I had hoped. No big deal, I wanted to buy all new water jugs anyway.","Arrived on time, no hassles, very helpful, ...",1456876800,,,,37,POSITIVE
5,True,"03 3, 2016",AL3B1KGE6Z7CA,B00D7M6692,Uncleburkie,Worked great for a 4x4,Good kit,1456963200,3,"{'Size:': ' 4"" Fan & Filter & Ducting'}",,5,POSITIVE
5,True,"12 2, 2016",AWX6DQ4VMCJ9E,B00BUVARV0,ALBERT DAVID NALVEN,"Better than the rest, because of the excellent (heavy-duty)  cap",BEST CA NOZZLE,1480636800,,,,10,POSITIVE
5,True,"07 25, 2014",AOBI2EEOXWB0E,B00BL8BNII,Book Raven,Needed this to keep a surgery scar covered until it healed more.  Add some non stick gauze and no adhesive burns.,Needed this to keep a surgery scar covered until it ...,1406246400,,,,21,POSITIVE
5,True,"07 9, 2015",A2NBGOD41RYBGR,B00JWL4LM6,Stephanie G,"This is a great deal! It's a huge roll of foam tape and will last me quite a while. It is fairly thin but can easily be layered if you'd like. Or if you want a bit of dimension on your cards or projects, this is great.",Huge roll of foam tape for a great price!,1436400000,,,,47,POSITIVE
4,True,"06 23, 2016",A1ZZB7K6KPGYGZ,B015PCI0QS,Keven VK,Just what I needed. Arrived as expected and matched the description.,Just what I needed.,1466640000,,,,11,POSITIVE
4,True,"04 21, 2015",A3Q1TKSTGI85HI,B000B7N1DA,cheryl devine,Great!,Four Stars,1429574400,,,,1,POSITIVE
5,True,"03 1, 2018",A288L06LR2NE3X,B00DRALJ28,Amazon Customer,really like it.,Five Stars,1519862400,,,,3,POSITIVE
5,True,"10 27, 2016",A2RUPMTA3M355B,B00HJ6Y05O,woody,We use this to replace the old caulking on the roof of our RV. It levels out great and fills the gaps as it levels itself.,Hard To Beat,1477526400,,{'Size:': ' 10.3 Ounce'},,26,POSITIVE
1,True,"04 30, 2018",A1GRWT8K2ODZSE,B00GZE3UJ8,Baltimore Rock Opera Society,"I would give this zero stars if I could. This is NOT industry gaffe tape and you cannot return it once it has been opened. The adhesive isn't strong and the black part peels away from the white adhesive so you can tell it's not the tough fabric structure of true gaffe, more of a paper tape if anything. You get what you pay for.","NOT industry gaffe tape. Cheap, doesn't stick, no threads.",1525046400,,"{'Size:': ' 2 Inches x 30 Yards', 'Color:': ' Black'}",,65,NEGATIVE
4,True,"05 3, 2018",A302AA0HAPTU4I,B00DRALJ28,poczta@borowka.pl,Ok,Four Stars,1525305600,,,,1,POSITIVE
5,True,"10 14, 2017",A2PB3K4ZQTOS6Y,B001NNRWPY,Amazon Customer,Worked as expected,Five Stars,1507939200,,{'Size:': ' 5-Pack'},,3,POSITIVE
5,True,"03 22, 2017",A1N5WOSW0ZRV4O,B00DSRU3V8,tracy,It is great. I love it,Five Stars,1490140800,,"{'Size:': ' 17"" Height, 64F to 88F'}",,6,POSITIVE
5,True,"09 9, 2017",A3ANQZHN2S97PP,B00YAZ5N1C,huyen do,Perfect! Thank you,Five Stars,1504915200,,,,3,POSITIVE
5,True,"04 29, 2016",A3VXZQDHVBNHHP,B000NN9SDO,BrianHebe,as described!!!!!!!!!!!,Five Stars,1461888000,,,,2,POSITIVE
3,True,"01 17, 2017",A2J0NDX2WWB9G5,B00BR1CNFQ,Lawrence J Smith,Does what it says it does. Worth the money for simple general duty. Not intended for high clamping forces.,Does what it says it does. Worth the money ...,1484611200,,"{'Style:': ' 6-12"" Woodworking'}",,19,NEUTRAL
2,True,"08 1, 2016",AQN3VHGK8BDI7,B015OUPN4S,Experimental Adventurer,"From the photos provided by the seller, it looks to be an extremely fine-grained product. However, it's quite grainy when you actually use it. This one will not work well to work into carpeting for fleas and similar.

I had to return it for a different product by Tranquility that promises ""cornstarch-like"" texture.",Too Grainy - Not Fine Textured,1470009600,13,{'Size:': ' 2 lb'},,53,NEGATIVE
5,True,"06 3, 2016",A32IMHDQEQOZVD,B00W86GHLA,Paul Hadley,Perfectly!,Very nice project container.,1464912000,,,,1,POSITIVE
5,True,"09 16, 2017",ATEULYOPLB7TD,B011RZDAKS,Viri,Soo cool.,Five Stars,1505520000,,{'Color:': ' Orange'},,2,POSITIVE
5,True,"08 3, 2017",A7XJ4KSQ4ZOIZ,B006EGAIII,John L.,"Got these for easy access to the underside of my classic car. Getting the car on these is easy and the end stops do work well. Gives just enough space to get under the car with a creeper and still have enough room to maneuver your arms. Seem very solid, but I still used jack stands for safety. They stack for easy storage which is a nice feature.",Must Have for the Home Mechanic,1501718400,,,,68,POSITIVE
5,True,"02 19, 2017",A3M0JJTI7J4SNO,B0015YJK9C,Grammy O,Product as described.  Very handy.,Five Stars,1487462400,,"{'Size:': ' Diameter: 1-3/8"", Length: 6-1/2"" to 35""', 'Length:': ' 6-1/2"" to 35""', 'Style:': ' Round'}",,5,POSITIVE
5,True,"09 6, 2016",A2QBGH8DGVDBGR,B000FH2Y9S,Cynthia,My nephew was very excited to get his fire truck look Trike. It's made very well! Easy to put together.,Fire Truck Trike,1473120000,,{'Color:': ' Red'},,20,POSITIVE
3,True,"09 22, 2016",A3RC403WD2I6R4,B00I2BA8KG,MtnJan,"This Hoover was 'just an ok' vacuum, not near as good as my old Dyson DC7. I returned this Hoover and bought another Dyson DC33. But this seller was good to work with on the return, no issues there at all. Just sorry the Hoover did not work out for me.",not near as good as my old Dyson DC7,1474502400,,{'Color:': ' Metallic'},,51,NEUTRAL
5,True,"12 18, 2017",A2XTWDULC04JJZ,B000TPJYFI,Timmyly,Great stuff but since I have it on the front of my car the rocks that the other cars throw up chip it fairly easy.,Great stuff but since I have it on the front ...,1513555200,,"{'Size:': ' 2 in. x 5 yds. (50mm wide)', 'Color:': ' Blue'}",,25,POSITIVE
5,True,"09 11, 2017",AA7TCMH518YZ1,B00YFG1U9U,book addict,"These shears are great! I'm in clinicals and they cut through everything I need them to. Madison Supply, please consider making a 5.5 inch pair to fit more easily into scrub pockets. I would buy those in a second and put these in my road kit.","Awesome for medical personnel, but please make a 5.5 inch pair",1505088000,,{'Package Quantity:': ' 1'},,46,POSITIVE
5,True,"11 22, 2016",A18DJCDD0H32I5,B00HEQY4JG,S. Dillon,Our deck looks fantastic! This was easy to use and so worth it!,Our deck looks fantastic!,1479772800,,,,13,POSITIVE
5,True,"10 31, 2017",A3C2UJXUKFU356,B000UTTIW2,S. Rogers,"I have used this tire to replace pneumatic tires on a hand-truck (generic purchased from Sam's club) and a Karcher pressure washer (also purchased from Sam's).  The swap on the hand truck was easy, but the Karcher took persuasion to first remove the existing hub.  Great upgrade and no longer worry about the tires going flat.",Works on Karcher Pressure Washers,1509408000,,{'Style:': ' Flat Free'},,56,POSITIVE
5,True,"11 7, 2016",A1BCZQJOUCJRH8,B01DD1IV4Y,Stei0229,Easy solution for TVs with only an optical out.,Five Stars,1478476800,,,,9,POSITIVE
5,True,"06 25, 2017",ANNN163K4DR3P,B003GSL18I,Kl H.,good quality,Five Stars,1498348800,,"{'Size:': ' 1-1/2""', 'Number of Items:': ' 1'}",,2,POSITIVE
5,False,"07 3, 2013",A1P77I8ZVTYYHR,B0045I8E4M,sammyboy405,This is by far the best one ive ever owned.  Ive gone though 3 already to get the quality clean carpet i want.  We have 2 dogs and this thing works amazing wonders with pet accidents.  And its made our older carpet look new again.  The Suction is powerful. And I love the 2 tank design and how you can tear the shampooer down to give it a good cleaning. Im really amazing by this dude..  Its really worth the money.,Best Carpet Cleaner Ive ever had.,1372809600,,{'Configuration:': ' Cleaner'},,81,POSITIVE
5,True,"11 10, 2015",A1A7A8QSBA00WY,B00Q2251P4,ddinmlb,Exactly as pictured.  Delivered on time or ahead of schedule.  Very pleased.,Quality product,1447113600,,{'Size:': ' 2200 TIE-POINTS'},,12,POSITIVE
5,True,"06 4, 2016",AOTCSUWBICSJK,B01823Y0CK,NorCal Explorer,"Did the job well, thick metal and enough plastic to insulate it from shorting out.",Five Stars,1464998400,,{'Pattern:': ' Male'},,15,POSITIVE
5,True,"07 7, 2018",A1734S3LW0A5A1,B01GXQMP66,Derek A. Peck,Great assortment of common connectors.  Works great with a good crimping tool.,Five Stars,1530921600,,,,12,POSITIVE
5,True,"12 8, 2014",A2LFWJ8X817QGX,B00004WCCL,Brett,This is the one to get - other brands are poor quality and not sticky enough.  Scotch/3M always makes great products and this is no exception.,This is the brand to get,1417996800,,"{'Size Name:': ' 3/4"" X 66 ft'}",,26,POSITIVE
5,True,"03 21, 2015",A47Y93F56D1SH,B0076AY6J8,Ed in Tally,"Genuine 3M, delivered on time and as promised.",Excellent Value,1426896000,,,,8,POSITIVE
5,True,"05 10, 2017",AHP1FIFQ3G8RW,B0009Q01DG,RGK,"Can't beat the price, quality and shipping time for the tape - Thanks Much!",Five Stars,1494374400,,,,14,POSITIVE
5,True,"12 12, 2014",AZD23BOINJFL,B0027Z7T64,Pam Grimm,It was just what we needed.,Five Stars,1418342400,,,,6,POSITIVE
4,False,"06 4, 2017",A3HCLNCRF4GN0F,B018QNM7V2,Sandra Trimble ,"Just mounted my new vise, and added the Nylon Vise Jaws to it. The magnets are strong, and the nylon is firm that hold things tight but won't scratch what they are holding. Well worth the money.",Worth the money!,1496534400,,{'Size:': ' Medium'},,37,POSITIVE
4,True,"05 9, 2015",A2VLY071FVT9BF,B000FPDOCG,edupnorth,Just what I expected!,Four Stars,1431129600,,,,4,POSITIVE
5,True,"04 14, 2014",A13VE6V6LYHVD6,B000NIG1Z2,compostfan,worked well on the neoprene part of a pair of Muck boots that had worn through. Easy to use it.,good repair,1397433600,,{'Size:': ' 0.75 ounce'},,20,POSITIVE
5,True,"07 13, 2015",A2HH22URVI2HDJ,B0051IBBUE,D. Albrand,A better way to hang stuff on dry wll.  A modern takeoff on the Moly bolt.,Heavier haners,1436745600,,{'Package Quantity:': ' 1'},,16,POSITIVE
5,True,"02 26, 2016",A2NSRCQSJSHX7U,B000KKVL6C,Teia DeWoody,"Will be buying several more. I found these in the store, way more expensive!",Great price,1456444800,,{'Color:': ' Multi'},,14,POSITIVE
4,True,"08 16, 2017",A2IUOAJSX39LJO,B006RU5FB6,NIkki,My only complaint it that they squished the box to ship these to me so I had to tape it back together... the tabs are awesome tho! They had these at the refinery where I worked and I feel they really help to rehydrate you. Obviously you need to follow the instructions and drink water great product to throw in your first aid kit especially if you're prone to dehyration and heatstroke like me and my family! And there are is no carbs or sugar in it!,the tabs are awesome tho! They had these at the refinery where ...,1502841600,2,,,87,POSITIVE
1,True,"03 26, 2017",A26RHY6DZHW4HN,B000F09CEA,Chester L.Crouthamel,"Did not work.

DID NOT WORK, COMPLETE WASTE OF MONEY AND TIME.

.",COMPLETE WASTE OF MONEY AND TIME,1490486400,,{'Size:': ' 13 oz'},,13,NEGATIVE
1,False,"02 12, 2018",A3B65XN14U6FPE,B00H1LVUHS,Michael R. Westbrook,"A digital clock like this one for my car (with ability to hard hardwire to the main battery) was exactly what I need. But, I cannot for the life of me understand WHY they're only in military time. If I just knew the reason, that may at least help for my own sanity! It's SO FRUSTRATING! :(",WHY...WHY...WHY??,1518393600,,,,57,NEGATIVE
5,True,"03 1, 2018",A36SSQIGDQ76N0,B016V308D8,C. Burgess,Perfect assortment of colors!,Perfect assortment of colors!,1519862400,,{'Package Quantity:': ' 30'},,4,POSITIVE
1,True,"08 11, 2015",A345HILUATC579,B00UV4A93S,ciel medspa,the scalpel handle was defective and no blade would completely enter it.,One Star,1439251200,,,,12,NEGATIVE
5,True,"03 9, 2015",A3SYYK03WH2H66,B00IL5318Y,Aaron D.,"Great price, shipping. Thank you for the great products.",Super Awesome,1425859200,,,,9,POSITIVE
4,True,"02 23, 2014",A19SB7YXTOQYUY,B009E0EA2G,Cliff Vulgamott,the cross vicf is built very well it cranks oh so easy in all directions I look forward to using it in the future.,5 jn cross vice,1393113600,,,,24,POSITIVE
3,True,"06 19, 2016",A2VN7ET797KQVV,B000XZTD14,Maggie,great product but price too high,much cheaper and more volume other places,1466294400,,{'Size:': ' Single Pack'},,6,NEUTRAL
5,True,"03 3, 2017",A1L5LW8V14GP6C,B00Z5FCCOW,passerby,Perfect fit for the 2x3 square steel tubing I used it on,Five Stars,1488499200,,,,12,POSITIVE
5,True,"04 3, 2015",A3VBPSPZOU965V,B00BYQLGNY,jacqueline mitchell,"Cool little device. Had to move chairs out from under the table because it ignored that area after repeatedly hitting chair legs. Did a good job with pet hair and floor felt incredibly clean after running it. Also, great for after mopping (and floor is dry) for picking up those nuisance ""mop droppings"" that I always find after I've swept and mopped. I love this.",Cool little device,1428019200,,,,65,POSITIVE
1,False,"10 17, 2017",A21MT4GO9J6KXY,B004EXMS4U,Sorn,"I purchased three pH pens, and none of them could successfully perform a 3-point calibration.",Could not calibrate,1508198400,,"{'Size:': ' 8 in x 39 in', 'Style:': ' Replacement Pre-Filter'}",,15,NEGATIVE
5,True,"02 20, 2018",AFVSINJK16Z40,B018QNM7V2,bullshtstopshere,"Yet to use these, but they look great, and I know they will work awesome!","but they look great, and I know they will work awesome",1519084800,,{'Size:': ' Medium'},,15,POSITIVE
5,True,"05 17, 2017",A2QCT9GBIYKWNY,B01DUN2OOS,Mark B,"As described, great value",perfect,1494979200,,,,4,POSITIVE
5,True,"03 5, 2018",A9V4QQP9VFS2M,B000K2HO1Q,Hakman,Simple to install on my 2016 F250 crew cab short bed. Took me about 30 minutes. Youre going to want to install the shutoff valve. Im using a solenoid (always off) 12v.,Exactly as advertised.,1520208000,2,,,32,POSITIVE
5,True,"12 17, 2013",A37HG9YD5LUQ12,B005W1BRQS,Lucy,"I just received it, so don't have much to say, the build quality seems good. and i need more words.... it annoying.",so far so good,1387238400,,,,22,POSITIVE
4,True,"04 30, 2018",A1M8FDH9S5M6WJ,B0042P2G1A,Tanya Chinnici,Worked great on the siding. Would be nice if they could hold more weight,Four Stars,1525046400,,,,14,POSITIVE
5,True,"05 19, 2017",A1SXKZFSLVZXMP,B00002NC3K,B. Yamamoto,perfect fit,Five Stars,1495152000,,,,2,POSITIVE
5,True,"05 15, 2014",A2L3HMU0WRYUGD,B007DDGYF2,Antoinette C. Backdahl,Received the item and it works. Have not been able to test its accuracy but seems to work just fine.,Works great!,1400112000,,,,20,POSITIVE
5,True,"09 12, 2016",AP67Q4OEFTSY0,B00IJZC9QQ,Birder,Super prouduct got to have it.,Clean fit.,1473638400,,,,6,POSITIVE
5,True,"01 30, 2016",A2X79X3AR74X98,B00DXPRTHG,Michael W. Whatley,good for mixing ejuice,Five Stars,1454112000,,,,4,POSITIVE
5,True,"07 15, 2013",A1APSU8NWOYJX2,B0009KMYHI,Monjure,"Original Panasonic cut out after 15 years of service.  Got this one on Amazon for a great price and it works fantastic.  The controls are a little different but better and enhanced.  Had to make a little more room, because the unit was a little bigger than our original unit.  However, the inside cooking area is also much larger by comparison is a great new feature from Panasonic.",Awesome Microwave,1373846400,,"{'Size:': ' 2.2 cu.ft', 'Color:': ' White'}",,68,POSITIVE
4,False,"05 9, 2018",A18USFZNDAZ21D,B01A9A0OBU,Gail Klanchesser,"Purchased for a wilderness first aid class.  Worked great, students were able to easily roll and carry their classmates across a field.  It has 2 pockets to help hold a long board, which we did not use for this class.  One of the pockets ripped when we were moving the litter underneath the patient.

Overall great purchase, disappointed that the pocket ripped. But the integrity of the litter was solid and the extra grab handles made carrying heavy patients an easy task.","Many grip handles make carrying an easy task, but long board pockets are not as durable.",1525824000,,,,82,POSITIVE
1,True,"06 29, 2016",A2ZOPX15YS2YLQ,B00X7R1FZ2,Rose,I just received mine today and I tested it. It is very heavy; hard on the wrist and hands. The cord gets tangled. Difficult to maneuver. The way the dust pan pulls out you can easily make a mess. I would like to return this product.,Do not recommend this.,1467158400,3,{'Color:': ' Bordeaux'},,46,NEGATIVE
4,True,"05 15, 2017",A1PF3NPV1GF456,B013QBXPG0,t. w. aldrich,what I expected,Four Stars,1494806400,,{'Size Name:': ' #10 x 3/4 inch'},,3,POSITIVE
5,True,"05 6, 2016",A1DMEK7PWC2M0J,B00095VINE,Amazon Customer,Great for a student,Five Stars,1462492800,,"{'Size:': ' Adult', 'Color:': ' Magenta'}",,4,POSITIVE
3,True,"08 8, 2017",A2XZIT2QJEEDVB,B01DIZJ6X0,David S.,The resistance varies quiet a bit on these from one to the other.,Three Stars,1502150400,,,,13,NEUTRAL
5,True,"07 30, 2015",AST9JDHH5MYHX,B00PJA610Y,Cesarina Caro,The 8x10 Fulfillment Bundle Bags have our shipments so much easier and economical. We also love the fact that they can be downsized to accommodate smaller items. Thank you!,We also love the fact that they can be downsized to accommodate ...,1438214400,,,,29,POSITIVE
5,True,"04 15, 2016",A3GLKJM2L6O70M,B006C3O3Z2,Caitlin,Great for around the house cleaning!,Five Stars,1460678400,,{'Size:': ' Medium (Box of 100)'},,6,POSITIVE
5,True,"12 21, 2010",AP8WI1JS0D9Y7,B000KU8048,V. Oleszkiewicz,This came installed in my house when it was new.  Failed after about 10 years (flap inside failed).  Not bad.  Bought this one from Amazon and it works great.  Maybe a bit more expensive than others but worth it.,The real deal,1292889600,6,,,39,POSITIVE
5,True,"07 5, 2017",A3L0WTTK8ESUEJ,B00S730YWG,Celeste Napodano,works great!,Five Stars,1499212800,,,,2,POSITIVE
5,True,"01 18, 2014",A3EVESZ7ZW7R4H,B00A1SQAS2,L. Seamons,I used it to have kids at school do a dance at Christmas and it worked well. It was affordable and practical for that purpose.,I worked well for what I was using it for,1390003200,,,,25,POSITIVE
5,True,"04 15, 2016",A2RHZ33ERTZZ0E,B000F09CEA,Mac,I hoard this product in my shops. Don't tell Kano but I would pay twice what is costs...It is that good.,It is that good.,1460678400,,{'Size:': ' 13 oz'},,21,POSITIVE
5,True,"08 9, 2015",AAJTQAJD2HP9I,B001ULDADW,CONSTANTIN MARIAN CALDARUSE,"Working gret,thank you very much",Five Stars,1439078400,,,,5,POSITIVE
5,True,"09 5, 2015",A1YJOJWCQRC9JY,B0060FGA8A,Seth,great!!!,Five Stars,1441411200,,,,1,POSITIVE
5,True,"10 20, 2017",A2ZXSXH5I18OAO,B001GM1H9O,DavE,Handy size wheel for all sorts of cleanup projects. Doesn't shed wires like some do - a safety bonus - when really used hard.,WHEELY GOOD BRUSH,1508457600,,,,24,POSITIVE
4,True,"03 11, 2015",A2QAUVO9L6JQTS,B00FCINY8K,janet loraine waldrop,Great and fastest delivery,great,1426032000,,,,4,POSITIVE
2,True,"07 15, 2013",AF3I7XHJ6OTSU,B000BOB8P6,Jenna,"Well, After I had read the reviews I was excited to give this a try on my resin adirondack chairs that cracked....well...it claims to dry in 5 minutes...NOT so...I am 4 days in and it is still a bit sticky, but beyond that it just didn't bond I went to sit in them and I only weigh 125lbs. and it immediately split right where I had used the putty, so for me this was a total waste of $$",Didnt work for me..,1373846400,4,{'Size Name:': ' Single 2 Oz Cylinder'},,79,NEGATIVE
3,True,"04 25, 2014",ACPPJKACW25UU,B0023EY002,Mel A,"I got this vacuum to pet hair off a flat surface floor.  The suction is ok on flat surface, and not good at all on rug.  It is a lot more convenient that our big shop vac, but does not have near enough suction.  The attachments are cheaply made.  Would not recomend.  I wish I would have gone ahead and paid a little more and gotten a better vacuum.",Just OK,1398384000,,{'Size Name:': ' 1 Vacuum'},,69,NEUTRAL
3,True,"12 30, 2012",A2L3M4WAAFXJO6,B00KG8DNKU,Marv,works ok for what I want it to do. I am not using it for breathing but for controlling the flow of oxygen out of cylinder.,regulator,1356825600,2,,,26,NEUTRAL
4,True,"08 10, 2014",A1EMJ69XS6NTOC,B0009KMYHI,OhReally?,"Great microwave, if you don't mind stainless save fifty bucks and get it at super Wallie's.
Sensor reheat is great, warm up leftovers with just two taps. Quick min button to boil hot water, lots of neat time saving features, really user friendly.
I wanted white to match appliances and cabinets so this was the best price at Amazon.
Great buy.","Great microwave, if you don't mind stainless save fifty ...",1407628800,,,,61,POSITIVE
5,True,"08 4, 2016",A3O5NFAVZBPB0J,B0029B0NG4,TeacherNYC,Very easy and useful...good price - came earlier than expected.,Five Stars,1470268800,,,,10,POSITIVE
3,True,"01 5, 2018",AFJOJG3SU7OR0,B00B28Z2AC,captain40,"I have a pipe that is leaking. FFI slowed it down, but isn't working as well as advertised.",Three Stars,1515110400,,"{'Size Name:': ' 4 Inch', 'Style:': ' Single Pack'}",,18,NEUTRAL
5,True,"09 16, 2016",ABSBFA91Y6ZPM,B01D0HSE70,RKretovics,perfect - exactly what I was expecting!!!,great,1473984000,,,,7,POSITIVE
4,True,"04 28, 2018",AQ4QV5O4CW82F,B00BICAOR8,homeschooling mom,Item as expected.  Shipped from China...arrived promptly.,As Expected,1524873600,,,,7,POSITIVE
5,True,"10 15, 2015",A3EPXXXD7URG0C,B001B19FDK,dreeme1,Beautiful product! Would recommend to others!,Beautiful product! Would recommend to others!,1444867200,,{'Size:': ' 1 Pack'},,6,POSITIVE
5,True,"09 5, 2017",A1BTJ3WBA3CLYN,B004CAN18W,Dan Nielson,Perfect exactly what I needed quick shipping thank you,perfect,1504569600,,,,9,POSITIVE
5,True,"05 6, 2013",A1RWMM3LPGU5JN,B002O16SHW,CJ M.,This worked just as advertised.  It is a good product and did not leave any residue on the floor when we pulled up later.,Great product,1367798400,,{'Size:': ' 12 Yd'},,24,POSITIVE
4,True,"11 23, 2017",A2IBQSWCBJ2PNQ,B000OMHI0E,Baggeric,Works just like tubing should.,Four Stars,1511395200,,"{'Item Package Quantity:': ' 1', 'Length:': ' 36', 'Overall Length:': ' 36', 'Package Quantity:': ' 1'}",,5,POSITIVE
5,True,"03 6, 2017",A149EW1GX71EKG,B00OOE6OSU,BarbDann,"They are working good for me, and the size variety is helpful.",Five Stars,1488758400,,,,12,POSITIVE
5,True,"07 9, 2018",A3QMR1R2M9JEWQ,B00CH2JSIY,Amazon Customer,Using as a prefilter for a misting pump,Works well,1531094400,,,,8,POSITIVE
5,True,"02 9, 2014",A2SIWZU2QI4320,B00EQIBCQS,Robert W. Hilton,This capacitor worked perfectly and still does. It fit the space and was the right micro fared  and voltage thank you.,Worked better than the original,1391904000,,,,21,POSITIVE
4,True,"08 27, 2018",AYVAARO6F2M7W,B01544XRF6,clement warner,It is good all around it did very well on mixing time and it was not loud.,It performed just as i expected,1535328000,,{'Size:': ' 30-Quart'},,17,POSITIVE
5,True,"04 20, 2015",A12M8ZK40WTY9T,B00134AE6W,Robert Gelb,Works very well.  Came on time.,Five Stars,1429488000,,,,6,POSITIVE
5,True,"08 6, 2015",A16J5PN97HUPPP,B00EZ89A54,Mike3746,What can I say...they arrived on time and worked perfectly.,What can I say... they arrived on ...,1438819200,,,,10,POSITIVE
5,True,"08 24, 2017",A2EMD4XY8S2WNE,B00APMNP3W,Amazon Customer,Performs as advertised.,Five Stars,1503532800,,,,3,POSITIVE
5,True,"07 28, 2016",A22V9Y8F1UKO9P,B00H3J60Q4,Beth Morgan,This worked great for a project I had.,Five Stars,1469664000,,,,8,POSITIVE
1,True,"11 23, 2017",A3H8ZGBJL2UNFB,B00ESL5LQK,Flyinglow,"Not very impressed. I immersed a short piece of 2x4 in it twice per instructions. Threw it into my wood stove a few days later and it basically caught right away.

I was interested in knowing if it would affect the color of wood it was applied to. Doesn't seem to change the color so much as darken it a bit.",My test failed,1511395200,,{'Size:': ' 5 Gallon Pail'},,61,NEGATIVE
5,True,"09 20, 2016",A1AR5R49LVBTQE,B01ANY2BVS,M.B. W.,I have used a similar product in the past and had been looking for more to use at our lake house.  This product is perfect.  With handicapped and young family members safety is a big concern for me.,Provides Greater Safety,1474329600,,,,38,POSITIVE
5,True,"01 25, 2016",A388NRPDSRU62X,B00XTU9RF2,Jennifer,"We can't get the apps to work on our phones and while hook-up was easy, set up on the home network and computers was not as simple.","... to work on our phones and while hook-up was easy, set up on the home network and computers ...",1453680000,3,,,27,POSITIVE
5,True,"07 13, 2013",A1LHH84KGDAYZZ,B018A35Y5O,Amanda Miller,Perfect! I used this for punching the fabric on my wedding tent. It worked very nicely. Thank you very much.,Nice,1373673600,3,,,20,POSITIVE
5,True,"08 13, 2013",A3LT6LQUA1RW2R,B00CAIQL76,Brittany,This came complete with all the hardware needed except for two washers which I already had. It was simple to put together.  I live in a small apartment with no counter space. Having this has helped out greatly.,just what i expected,1376352000,2,,,38,POSITIVE
5,False,"11 7, 2014",A194Q2Q3ZNK0D4,B0018CLUAI,k27,arrived on time.  product exactly as described.  very satisfied.,very satisfied.,1415318400,,,,9,POSITIVE
5,True,"04 19, 2018",A6LR1PWX1CMWA,B00GZE3UJ8,RICHARD MCKUIN,This stuff is better then ducked tape,Five Stars,1524096000,,"{'Size:': ' 2 Inches x 30 Yards', 'Color:': ' Black'}",,7,POSITIVE
4,True,"03 15, 2014",A33GBO7LJNU0PK,B00F4ORTZ6,Stig Thule Kristensen,Perfect. Can use this device together with Playstation 3 and headset.  no charge adapter included for EU countries. However this device also support USB charger. :-),Perfect for Playstation 3,1394841600,,{'Style:': ' Digital to Analog Converter'},,26,POSITIVE
5,False,"10 10, 2014",AS7AO39P7GE7I,B0093I5NM0,edselater,"Excellent for mounting the Gridwall panels.  I decided not to put holes in my landlords walls. however, and merely leaning Gridwall panels up against the wall.  Works great.",Excellent product,1412899200,,,,28,POSITIVE
5,True,"05 3, 2017",A2V7821QAANBKI,B00C351GBC,JustDave,Highly recommend this unit. We have a 2800 ft2 condo and this is the perfect vacuum for it. Grab it any time for a quick clean or run it around the whole place in under 15 minutes. It is mostly hardwood but we have some carpet as well. Easy to clean also.,Great Cordless Vacuum,1493769600,,{'Color:': ' White'},,52,POSITIVE
5,True,"05 5, 2015",AI4TGIBJBZX1Y,B00FPSL0FG,C. Taylor,"Its quick, light and easy. You have to put it directly over dirt as it has no roller brush. But grab it and go and its great",light and easy. You have to put it directly over dirt ...,1430784000,,,,27,POSITIVE
3,True,"07 3, 2015",AHGQ4VHPEMV5K,B004LO2XVA,Jasmine,"keeps ""unsticking"" itself from where I placed it",Three Stars,1435881600,,{'Color:': ' White Oak'},,8,NEUTRAL
1,True,"07 10, 2017",A1YOJKMZCHIJ3W,B00EJSLLS4,Amazon Customer,"My set didn't include a set of $1 bills as described. The bills themselves are pretty nice, but leaving out the 1's was kind of killer.","The bills themselves are pretty nice, but leaving out the 1's was kind ...",1499644800,,,,26,NEGATIVE
5,True,"12 26, 2015",A3NNWHBK6TR3A4,B000NPR3XY,GTI,great for brake inspection without removing wheels,Five Stars,1451088000,,,,7,POSITIVE
5,True,"09 9, 2016",A1ZWSB0LILNYFQ,B00Z5KETD4,Gordon G. Mills,"This is a high quality tool except no matter how I put the battery in the meter will not work!!
Updating feedback!!
This Company replaced this tool, and as I thought it is a very high quality tool.  It rolls smoothly and meter is very accurate! I highly recommend this tool and the awesome service from the Company!!
Gordon Mills",Digital Caliper!!!,1473379200,,{'Size:': ' IP54 Digital Caliper'},,60,POSITIVE
5,True,"02 17, 2015",A39V28Y1ZECZ0F,B006KQW4UW,Nfitzy1982,love duck tape.,love,1424131200,,,,3,POSITIVE
5,True,"06 3, 2014",A4YV49T8Y0X94,B008KHIEEE,RobbyB,Can't go wrong with stainless steel.  Hex socket screw set is exactly as described and pictured.  Good quality and no issues.  Thanks!,Great quality.,1401753600,2,,,22,POSITIVE
4,True,"12 8, 2012",A3SS4GJ7D6EYM8,B001C19278,LJN,"I use Rocksett whenever I'm building a gun.  It usually keeps it bond in high temp and vibration from firing a pistol or rifle.  On occasion it will lose it's bond, but its usually only with a small 1.5mm set screw for an Ops Inc suppressor collar.  I had to buy a new bottle because the last one didn't store well.",Stronger bond than red loctite,1354924800,,,,61,POSITIVE
5,True,"10 9, 2015",AOYJAUU0XF5BA,B003ZZS4PK,MaryAnn Kwant,"We use these for our quilt patterns, and small kits, in my quilt shop.  Works great, good quality, good pricing.","Works great, good quality",1444348800,,{'Size:': ' Pack of 500'},,20,POSITIVE
5,True,"06 20, 2018",A2JE2DSKWVPMNF,B00NRBMH4Q,Agliberto Barsaglini,Excellent!!,Five Stars,1529452800,,,"['https://images-na.ssl-images-amazon.com/images/I/71ucXnrubkL._SY88.jpg', 'https://images-na.ssl-images-amazon.com/images/I/61DlndokqaL._SY88.jpg', 'https://images-na.ssl-images-amazon.com/images/I/61eSmTXQ7eL._SY88.jpg', 'https://images-na.ssl-images-amazon.com/images/I/619TXFDKcgL._SY88.jpg', 'https://images-na.ssl-images-amazon.com/images/I/713rNoX22zL._SY88.jpg']",1,POSITIVE
5,True,"08 10, 2014",A3JRP5V735UHUK,B000F4SP30,kunal patel,Nice balance between weight and quality,Five Stars,1407628800,,"{'Color:': ' Black', 'Style:': ' Plated and Polished Alloy Chestpiece'}",,6,POSITIVE
5,False,"07 28, 2014",AWRX8HEBEOXDP,B0086W3MRM,wee,I fixed a wide screen Magnavox with this kit and a little soldering work.  It even came with solder sucking braid.,I fixed a wide screen Magnavox with this kit and ...,1406505600,,,,21,POSITIVE
5,True,"01 1, 2017",A2F4YLRPQT04KT,B015KP2JJ4,Danny B.,"These vise jaw inserts are a very functional addition to anyone who needs to protect their project components. The material and construction design work well in clamping metal or wood pieces without worry of marring their surface finish. I used on my 4"" bench vise to hold s wood chisel when sharpening. Also used in on my Wilton 3"" angle drill press vise to secure some wood stock to drill dowel holes.
These inserts are definitely a welcome afdition to anyone's tool box.",These vise jaw inserts are a very functional addition to ...,1483228800,,,,83,POSITIVE
5,True,"04 11, 2017",A2N44D28WO3KZR,B00TVSTLSY,Momg6k,Love these droppers,Five Stars,1491868800,,{'Size:': ' 15ML'},,3,POSITIVE
5,True,"07 4, 2015",A291Q7S3QMGBDZ,B000052030,The General,Just right to seal our portable air conditioner exhaust vent at the window.,Five Stars,1435968000,,{'Size Name:': ' 1 Pack'},,13,POSITIVE
5,True,"03 12, 2017",A2GQM2KUE11L3S,B00Z7NV4NC,Hear That ?,"Much better than 1/4"".
The 1/4"" are cheaper and useful for practice.
These are more visible and carry a little more power",Better choice than 1/4,1489276800,,,,22,POSITIVE
5,False,"02 9, 2015",A2FV5PM5PZAX0C,B00QIZRD1K,Mindy Nguyen,"Really easy to use, fast shipping and great quality.",Five Stars,1423440000,,,,9,POSITIVE
1,False,"06 23, 2018",A493B1F6LQIDU,B01GNR610G,Chad Norris,Worst purchase ever! Worked for about a month. Now barely vibrates 6 months later. Now it is no better than manual tooth brush. Brush heads that came with it do not fit right and do not allow it to vibrate properly. My $35 oral B was far superior and lasted 10 years. 1st dental visit after switching from oral B to this brush I had more plaque than before. This brush was very pricey.  Not even worth $10! Save your money do not buy.,Do not buy! Worst electric brush ever,1529712000,,,,84,NEGATIVE
5,True,"12 2, 2015",ASAVCURARB8O8,B00DRALJ28,Keffer,Very useful!,Five Stars,1449014400,,,,2,POSITIVE
5,True,"05 9, 2014",A3BVCH53OIOJ6E,B000FZ2UOY,Robert Olson,"This tool is like having a whole set of drill bits. It is easy to use and well constructed. The seller was fast and efficent.
I would purchase this item again.",Great Tool,1399593600,,{'Color:': ' Titanium'},,31,POSITIVE
5,True,"07 25, 2015",A2VBR701E8HBYQ,B007EWQMTK,Mike,Hey it works,Five Stars,1437782400,,,,3,POSITIVE
5,True,"02 7, 2014",A29NUXDZW0PE12,B007JOJ9QQ,travel pro,Excellent product.  Vacuums in straight lines room by room.  Owned 18 months with excellent results.  Doesn't scratch furniture or walls--which is good because I like keeping everything looking like new.  Excellent customer service.  Neato makes by far the best robot vacuum!,Top notch robot vacuum!,1391731200,,,,41,POSITIVE
5,True,"08 12, 2018",A37LTV4DDSWJD8,B01EKEMUEK,Matthew Dundon,Esun filament is great stuff! Ive only been printing for about 5 months and I have several esun colors. I haven't had an issue with any of them. Definitely a go to filament for me!,Great filament,1534032000,,,,35,POSITIVE
1,True,"12 18, 2011",A3OYBU3ZANHZAA,B000UUX7VO,Kindle Customer,I sent this back because it seemed poor quality and I couldn't figure out how to use it. The instructions were minimal and I didn't understand how I was supposed to use it.,Couldn't figure it out,1324166400,3,,,33,NEGATIVE
5,True,"03 6, 2018",A3B21HSD1QAWVW,B00T8BJ3SM,Norman Shattuck Jr.,was delivered on time and was as described.,Five Stars,1520294400,,{'Size:': ' 120 Grit'},,8,POSITIVE
5,True,"11 8, 2015",A12DA26H1NQ9GW,B0091UNQS8,Fisher,Just installed 2 of these in my development.  They are made well and grab your attention.  They stand out even better at night in head lights.  Great product for the money.,Great sign,1446940800,,,,31,POSITIVE
5,True,"10 24, 2016",A1VTTQRQLPJYUV,B003HKHX3M,W. Hicks,"Turned smelly water to perfect, Yippee!",Works perfectly,1477267200,,"{'Size:': ' 9-3/4"" H x 4-5/8"" W'}",,6,POSITIVE
4,True,"08 8, 2017",A28NKQ42YZ9W5L,B000LDC3LA,Victor,"Have used this one before that my company provided , this one the batteries I bought at any place were smaller.","Have used this one before that my company provided, ...",1502150400,,,,21,POSITIVE
5,True,"04 24, 2016",A3DJVS1799TP5B,B00DYA21PU,Misteress of Punch,As ad,Five Stars,1461456000,,,,2,POSITIVE
4,True,"09 12, 2016",A39TI49WMIVG1N,B00H3EAOU2,Natalie  McMillan,Thanks,Thanks,1473638400,,,,1,POSITIVE
2,False,"10 13, 2014",A3VMDDC0BJFMBU,B001TY8JH2,Tiffany J.,"Tools are AWESOME!!!!  The grommets, not so much.  They were extremely thin and bent with the slightest pressure.",Two Stars,1413158400,,,,18,NEGATIVE
5,True,"08 5, 2014",A2HAIH1BS9X49,B002BBQFHS,John,Worked great,Five Stars,1407196800,,,,2,POSITIVE
5,True,"07 31, 2018",A14SYZVQAIH5W8,B01FPPJT3S,Matthew Mullenbach,Worked like expected,Worked like expected,1532995200,,{'Size:': ' Metal'},,3,POSITIVE
5,True,"04 30, 2015",A1OIKGDD6G5TJ3,B000W7P6HI,Alli4k,Works great for infection control from one client to another.,Great product!,1430352000,,,,10,POSITIVE
5,True,"06 20, 2018",A3AF14KA5PFKFH,B00E9J9JBO,oldgriz,excellent,Five Stars,1529452800,,,,1,POSITIVE
5,True,"11 9, 2015",A33H02PP5GJQ2C,B005JRZJBO,Cameron G,I have had the device for over a month now. Everything works perfectly and very efficient. This is my 2nd Sonicare tooth brush. They have both been excellent.,A VERY GOOD TOOTH BRUSH,1447027200,,,,28,POSITIVE
5,True,"02 16, 2016",A32XTK0S4LLJ7C,B00GSZ0ZT2,Amazon Customer,These fit much better than the last ones I ordered,Five Stars,1455580800,,,,10,POSITIVE
3,True,"12 9, 2013",A3TUUBFS4WV2AL,B00843KWZS,AWS,Not packaged well which left the tubing badly kinked and wadded up. This made it difficult to slide on the wire in tight places.,Did the job.,1386547200,,,,24,NEUTRAL
5,True,"12 2, 2013",A2UN8XL1U5CMR6,B005W16WT0,jgb54,"MY HUSBAND LOVES THIS VISE, PERFECT FOR HIS GARAGE, HE IS VERY PLEASED WITH IT AND IT IS JUST WHAT HE NEEDS",MY HUSBAND LOVES THIS VISE,1385942400,,,,22,POSITIVE
5,True,"01 21, 2018",AQJX23YHIYGJA,B00DKYN85W,RichardTechMan,Charged these up and they tested with no problems. I'd buy again. Thanks!,Nice Supercaps,1516492800,,,,13,POSITIVE
1,True,"03 9, 2015",A1AOHON697HL6F,B00IAFEE2M,ATKFAM,"Description states that product is a pure crystals 3x1 lb bottles. I've got a package with white partially clamped powder in a plastic storage bag with a bowl and a spoon as a ""gift"". There were no description or label of any kind inside the package. I am not going to take any risk using this.",Description states that product is a pure crystals 3x1 lb ...,1425859200,2,,,56,NEGATIVE
1,True,"03 20, 2015",AYSL0AVS7Q2AB,B00HR798YS,J. Waldron,"Red leads fall have fallen out of 5 of the 10 I ordered. Junk! If I could give it zero stars, I would.",Red leads fall have fallen out of 5 of the ...,1426809600,,,,23,NEGATIVE
5,False,"05 30, 2017",AY0J9HE30G7M5,B00DMI632G,Jamttt,Great price,Five Stars,1496102400,,{'Style Name:': ' lasergrip 1080'},,2,POSITIVE
5,True,"05 8, 2017",AM7TWOPYLLQC2,B00T6YZ0K6,Jordan Dillon,This thing is a life saver and works flawlessly. Getting absolutely perfect angles makes it possible to cut joinery on a table saw.,Buy it,1494201600,,,,23,POSITIVE
4,True,"02 11, 2018",A2GKK7CRR9E5PF,B009TOCZEC,Ed Gartin,"It's a massive vice. but that ""bolt"" for clamping it down is not. that's pretty much my only complaint. yeah yeah, I get it, they've always been made that way and it's pretty much the industry standard...  but seriously if that thing was a little beefier and a little longer imagine how much better and tighter you could torque this thing down",that's pretty much my only complaint,1518307200,,{'Size:': ' full size'},,62,POSITIVE
3,True,"09 5, 2017",A2D9R478TTS59U,B00OM9WPFS,Amazon Customer,Okay. Not great.,Not great.,1504569600,,,,3,NEUTRAL
5,True,"02 29, 2016",A18EDN6E87BNP5,B00KWFV58O,Peter S.,"Great deal on these, they work great.",Five Stars,1456704000,,"{'Size:': ' Pack of 100', 'Color:': ' Multi'}",,7,POSITIVE
3,True,"04 20, 2018",A3EZLGQTLZXZPD,B00BPKAVW6,john  Stockwell,It worked well it only lasted for one job,Three Stars,1524182400,,,,9,NEUTRAL
5,True,"04 7, 2016",AO7MY3Y5NVBWZ,B016P5X5XC,mama t.,"where I have mountains of stainless steel to hang magnets on. I love magnets, especially these for hanging up small tools and phone chargers and keys. quite frankly, their magnetism is an extremely attractive when it comes to using these.",I use these in a pro kitchen.,1459987200,,,,40,POSITIVE
3,True,"10 11, 2013",A2BIVS11TTQMWL,B000F4OYIK,Liz,"Everyone seems to think Littman is the greatest stethoscope brand, but this is not as goo as my cheaper acrylic one. I'm not sure what brand it is, because it's not even marked, but I've had it for almost 10 years & I have yet to find a better one.  Maybe the more high-end Littmans are better, but this is just okay. The color is nice, though.",Doesn't live up to the Littman reputation,1381449600,,,,67,NEUTRAL
5,True,"12 28, 2012",A3PH9BF1JJ3U79,B001AZKS4W,Lisa Warren,These are the best so far they are just right for a healthcare business not too hard on the hands I will reorder these from now own.,Great softer hand towels,1356652800,,,,27,POSITIVE
5,True,"09 26, 2013",A1LZ3C3B6XJ9J9,B002YPA9JG,Eddie Slone,I chose this indicator based on the reviews i read on this site and other site's.  Works very well.  Saved me a lot of time centering parts under Mill spindle.,Coaxial Indicator,1380153600,,,,30,POSITIVE
5,True,"04 16, 2014",A17NVLXL5BMPWF,B000PDNCWU,patti a peltier,"The hose works well, the ends don't rotate or swivel so make sure the part your attaching it to does.  It is also very stiff, although I'm sure most of this type of hose is.",Does the job,1397606400,,,,35,POSITIVE
5,True,"09 28, 2015",A28MLQMEYTDH5D,B00G9R07WO,Lanelle Layne,I used to work in retail/warehouse and we used these all the time. I managed to keep two of them but I'm telling you they are worth their weight in gold so I bought more!  Perfect for the avid recycler like me.,Perfect for the avid recycler like me,1443398400,,{'Style Name:': ' All Metal Tap Knife (Pack of 12)'},,42,POSITIVE
5,True,"01 27, 2016",A2OFWD3VDQLD63,B002DZDYDU,Linda J. Adams,Use for dog nail trims.... the best,Five Stars,1453852800,,,,7,POSITIVE
4,True,"07 14, 2015",ADN35Q70EFK7G,B00Q3K8YWW,sasshoemaker,"These Gorgeous bottles have a beautiful finish. I am using it for home made E Juice and they work fantastically. ONLY reason they do not get 5 stars is that they are not childproof. This would have made them a better match for my application as i'm using nicotine in my mixtures, however with that aside these are fantastic!",Gorgeous bottles with a nice finish,1436832000,,,,59,POSITIVE
4,True,"02 18, 2016",A6SCHD1PXHP6J,B001TXQ4FM,Amazon Customer,The mat is perfect for my in home salon. It shifts around but its OK I just move it back all,The mat is perfect for my in home salon,1455753600,,,,21,POSITIVE
5,True,"09 15, 2016",A2P3RE62JW8VF,B0093J2GWO,joannecrawford,Worth it!!!  A+++++,Five Stars,1473897600,,,,3,POSITIVE
5,True,"04 7, 2016",AGA4COHFU78BI,B015NZE6HO,Christopher Brown,This has been purchased as our second floor vacuum and I feel as though I should now replace the first floor vacuum with one of these.  Strong suction that i wasn't quite expecting.,A powerful vacuum at a great price.,1459987200,,,,33,POSITIVE
5,True,"06 2, 2015",A29IFUPCOQJ74W,B00RXH4AYK,LISA CHAMBERS,WORKED AS DESCRIBED,Five Stars,1433203200,,,,3,POSITIVE
5,True,"11 27, 2015",ATPFKQOYN4P43,B000TBOQAU,Dr James Pendleton,Arrived quick. Worked great!,Great!,1448582400,,,,4,POSITIVE
1,False,"09 22, 2017",A8FILRO72AXJU,8803000844,Jme D,"After one use, the fryer would not turn on.  Something was wrong with the electrical wires it seemed like.",Something was wrong with the electrical wires it seemed like.,1506038400,,,,19,NEGATIVE
2,True,"07 3, 2016",ATOMB9OF2Q4G4,B01CL1QUCW,Mark B,"Good idea, but was never able to get it to work properly on several differ phone and laptop platforms. Ended up returning item. Will try again some day",Good idea,1467504000,,,,28,NEGATIVE
5,True,"05 8, 2015",A1ED6GSJ6QS1S5,B00D8BFQLQ,Tink,husband loved it,Five Stars,1431043200,,,,3,POSITIVE
1,False,"05 23, 2015",A3LZJRJ76RETQA,B00B0PF8GU,Jules,"I bought this at Walmart it was a great price, but the thing is so loud I cannot use it and it is very cheaply made! I hate it","I bought this at Walmart it was a great price, but the thing is so loud I ...",1432339200,,,,29,NEGATIVE
5,True,"01 3, 2014",A33E6YEBELLTKD,B005IQTSE0,Nicholas Lis,Work the way they should and a great buy for the money. Recommend to those who are looking to make their own wet mount slides,Pipettes,1388707200,,,,25,POSITIVE
5,True,"10 15, 2010",A10XLK7F4QKBAO,B003JS1F8G,S. Williams,"I bought these to use with some wood sofa legs.  There's not too much that's exciting about T-nuts, but these were priced well, shipping wasn't too high, they were sent reasonably quickly, and I didn't have to make another trip to the store.  Quality nuts and no hassle.",No surprises,1287100800,2,,,48,POSITIVE
1,True,"12 22, 2013",A2275B052V2EKA,B00062N4K0,V. HAFER,Cheaply made. Stethoscope is like a kid's toy. I would not recommend this to anyone. Tried using it for a month. Digital seems to be better.,Nothing good to say about thsi product,1387670400,,{'Color:': ' Black'},,26,NEGATIVE
5,True,"05 3, 2015",A2MF0O6DHOSTJ1,B00KGG4EZK,Danny L.,"what I have seen so far, this is just what I thought it would be. I have not used it yet, however it is what the seller said it was. I'm am very sure it is a very good product, and I'm sure it will work great for me. Thanks!","I'm am very sure it is a very good product, and I'm sure it will work great ...",1430611200,,,,50,POSITIVE
5,True,"10 2, 2015",ALHTPMB9CVRZ5,B0047V0A1C,dietrich702,Great product. This is the third one I've purchased.,Five Stars,1443744000,,{'Size:': ' Pack of 1'},,9,POSITIVE
5,True,"03 2, 2018",A2HUBYDSJC8D1O,B00Y01TJ6G,Raul A. Lugoserrano,These are sharp and have no problem cutting through cast iron.,Good and Sharp.,1519948800,,"{'Size:': ' 1/8 inch,10pcs'}",,11,POSITIVE
2,True,"09 16, 2016",A7FK6H46015KJ,B0026KYTVS,DannyB,Impossible to vacuum.,Two Stars,1473984000,,"{'Size:': "" 1.8' Length x 3' Width"", 'Color:': ' Chestnut Brown'}",,3,NEGATIVE
5,True,"01 28, 2013",A33NGU775NFAE1,B005IQTSE0,klyn,I use these in science class with my seventh and eighth grade students.  They are easy to use and take care of.  They are also disposable if necessary.  They are great.,Makes science class easier,1359331200,,,,31,POSITIVE
5,True,"04 9, 2018",A1LPXMEDWUUV5,B00QK5AEBE,Kim Tran,Love it.. very useful.,Five Stars,1523232000,,{'Color:': ' 12 inches'},,4,POSITIVE
1,True,"09 24, 2013",APM8UX877VAS7,B000QC7APK,Jonathan Dietch,Huge disappointment and several ruined projects. I was accustomed to Pro Gaff tape and bought this believing the reviews and this tape has released itself and failed numerous times. The adhesion is probably less than 1/4 the adhesion of Pro gaff tape.,Tape? Little more than tacky cloth on a roll,1379980800,,,,42,NEGATIVE
5,True,"11 29, 2015",A2FH00NID6HFSB,B00K0DBBAU,DAVID M.,As Described.......,As Described.......,1448755200,,{'Number of Items:': ' 1'},,2,POSITIVE
3,True,"06 1, 2015",A22OGM9RV6IXA5,B00NYWABAA,Ricky King,Have not been able to use it yet. I have tried three different phones and two tablets that meet or exceed the recommended android versions and still cant down load the app for it.,Need to be clearer on what the thermal imager can be attached to,1433116800,3,"{'Size:': ' XR', 'Style:': ' Android'}",,34,NEUTRAL
5,True,"12 30, 2017",AU4P883RE9G6T,B003PGRR84,R. Theall,"Great Gas can, great quality. but very pricey.",Five Stars,1514592000,,{'Color:': ' Red'},,8,POSITIVE
5,True,"03 19, 2016",A2HJF83RFJBY6F,B002XUL1LW,Skippy,These things are awesome. makes short and nice work honing cylinders.,"Awsome, Easy, Beautiful technology.",1458345600,,"{'Size:': ' 4', 'Length:': ' 13.5', 'Overall Length:': ' 13.5', 'Part Number:': ' GBD40024'}",,11,POSITIVE
4,False,"10 25, 2007",A1A2JY585I84ED,B000GBID20,J. Lucas,"This is the smallest sonic/electric brush I could find.  Compared to a manual brush, it does much better, and compared to a typical Sonic, it is much smaller.

I need it for travel. I also use the Rotadent, which is better than any Sonic in my opinion.",Good travel size,1193270400,3,,,47,POSITIVE
1,True,"03 2, 2018",A3GPPT9RQZST0T,B0009VLRB6,GUIVARCH Emilien,"Don't buy it. Read the previous reviews and shop around for a better one. And the quality is definitely NOT what you pay for, this is a 8 inches plastic skeleton and for 20 bucks you should be allowed to get the bolts that hold it together.",DON'T BUY,1519948800,,,,47,NEGATIVE
5,True,"03 11, 2015",A22FX87A7SJGR5,B00EXLPLTW,verna,"Just what I wanted and needed, very happy. Anyone need this item is sure to be happy",very happy. Anyone need this item is sure to be,1426032000,,,,17,POSITIVE
5,True,"04 24, 2016",A2RSDGA4P0MIUC,B00176D49U,Bob W.,"Good, as expected.",Five Stars,1461456000,,"{'Item Package Quantity:': ' 1', 'Package Quantity:': ' 1'}",,3,POSITIVE
5,True,"05 26, 2017",A2QURE5ZYE52PS,B000EJUBBU,Branko Marelic,Great caliper  for the the cost,Five Stars,1495756800,,{'Size:': ' 6 inch'},,6,POSITIVE
5,True,"01 27, 2014",A10UEU7UUD8IMR,B00AJDZJCW,Jerome,I got this to have a better look into the ears of my family without causing all the hurt I would with just a flashlight & tugging on their ear.  This is great with the LED light.  Do some research of your own to see what the different well/infected ear should look like.  This doesn't heal ears just because you have it either.  See your doctor for the healing part.,AWESOME!,1390780800,2,,,70,POSITIVE
3,True,"04 25, 2018",AJ8181Y1GG7DA,B00T3MQG7M,H. Arndt,Not much grip,Three Stars,1524614400,,,,3,NEUTRAL
5,True,"05 16, 2018",A2V8BJ2581TP98,B00FEM572A,Marc Bishop,Awesome!,Awesome!,1526428800,,,,1,POSITIVE
5,True,"08 14, 2015",A3HCOKX972YJTQ,B000B7N1DA,David Impens,"Great product, fast shipping at a very good price.",Five Stars,1439510400,,,,9,POSITIVE
5,True,"10 29, 2016",A3MAGDON1EW3IW,B0015YJIY4,Amazon Customer,I've used this product for years.  Its the best one I've found.,Its the best one I've found,1477699200,,{'Size Name:': ' 24-Ounce'},,12,POSITIVE
3,True,"01 2, 2015",A3GOTT6W6NT8RA,B00IP87H5U,Alayna,Hard to get these to drop oil without shaking hard. Not sure if hole is too small or what. But works okay,Hard to get oil to drop. Must shake.,1420156800,,,,22,NEUTRAL
5,True,"06 7, 2016",A57DYDFYJAFGQ,B00NB3T19E,William W. Kenworthy,Very good product,Five Stars,1465257600,,,,3,POSITIVE
5,True,"03 12, 2018",APEV2BB27WSSI,B01EY422A8,francis randall,These guys are great their product is great. Their customer service is very personalized. Thanks for an excellent product,Five Stars,1520812800,,{'Size:': ' 2 DRAM'},,19,POSITIVE
5,True,"02 26, 2018",A2XDL5KLSMUP3O,B00AWS4AYW,John Mi&#039;bo,"What can I say ... they are pins ... opening the box it sure looked like there were at least 100 there. lol.

Worked perfect for my needs which was to use them to put acoustic foam on my walls in my music room.

Would buy again if needed.",Perfect For Drywall Use,1519603200,,,,49,POSITIVE
5,True,"09 1, 2016",A2O8X5YOO42CBS,B00GY7C9ZW,Darrel Morisse,Nice.  Works great.,Great tool,1472688000,,,,3,POSITIVE
5,True,"10 10, 2016",AM1XINFBUT8CS,B00AD1Z3US,leem,"light, inexpensive and works well",great value,1476057600,,{'Color:': ' Marine Green'},,5,POSITIVE
5,True,"11 7, 2015",A3SQPG60NVR1JF,B008UB6IKC,no one,good,Five Stars,1446854400,,{'Size:': ' 3 Boxes of 280'},,1,POSITIVE
4,True,"01 29, 2015",A2X2FVRXWLHU99,B00G9HSJ4C,Greon,Tolerances are not great on mounting holes. They are a good price though.,Good for the price.,1422489600,,,,13,POSITIVE
5,True,"06 5, 2017",A3G3JPYAUKWVPA,B001LQTF58,Brad B,"Great Gaff tape!  Got it for my wife to wrap her hockey stick. I use it any time I need some really good tape. If you have used Gaff tape before, then you know this stuff is great quality.  Cloth style tape that holds strong but also can rip easy without scissors.","Great quality Gaffers Tape, and its Purple!",1496620800,,,,52,POSITIVE
5,True,"06 27, 2016",A2QN5C6QY20K4C,B000BQL0N4,anonymous,good quality. delivery was quick.,Five Stars,1466985600,,,,5,POSITIVE
5,True,"03 20, 2017",ANG24GW7LKAF,B018B7D05K,Amazon Customer,"Exactly what it tells you, the sizes were distributed nicely into different bags, no deformities.",the sizes were distributed nicely into different bags,1489968000,,,,15,POSITIVE
5,True,"12 16, 2012",ALJCBIBGP35XU,B0001CUMXM,Amazon Customer,for getting to those hard-to-ready places when I'm trying to rethread my serger.  I keep them handy to the machine.,EXCELLENT,1355616000,,,,20,POSITIVE
5,True,"09 5, 2017",A3EX2B15OUW4BJ,B00S730YWG,Amazon Customer,works just fine. just what i needed,Five Stars,1504569600,,,,7,POSITIVE
4,True,"12 15, 2017",A1OFVY2JTD3J2V,B00E81L2NG,ACollins,"As stated by many other reviewers, these boxes do not align well--the edges do not come together perfectly. However, for the price, these boxes served my purpose very well. They were the perfect size, & I was able to safely ship 5 glass desk clocks to 5 different locations across the USA & have all of them arrive intact.",Served their purpose,1513296000,,,,59,POSITIVE
5,True,"03 18, 2016",AO00UAEAHKNHI,B015557HUK,Amazon Customer,Just what I asked for great product!  Will order,Five Stars,1458259200,,"{'Size:': ' 1 Pound', 'Item Package Quantity:': ' 1', 'Package Quantity:': ' 1'}",,9,POSITIVE
5,True,"02 7, 2015",A11AV4HZJWMWDQ,B000G31FZK,Marcia W.,Pole arrived SUPER FAST!. Sturdy and well made. Easy to assemble. Works well for me. Love it .Love the fast service. LOVE the price. Will difinately recommend,Pole arrived SUPER FAST!,1423267200,,,,27,POSITIVE
5,True,"07 5, 2017",A2RKDFY9KR8B0C,B000H5JIYM,tigersense,"After our CPR class, I decided to purchase this shield for my brother.  I have an older model.  Always good to have one on hand.  Thank U.",Face Shield,1499212800,,{'Color:': ' Orange'},,27,POSITIVE
5,True,"02 27, 2016",A3D568LSFIJ7O3,B000QC0XZO,Andrew Ibrado,"Great quality gaffers tape! Great for thinner wires and cables, or to secure a bundle of wires or what have you. Also, it's great for labeling something on the fly or spiking a mark on a film set. Highly recommend this brand.",High Quality and Useful,1456531200,,"{'Size:': ' 1"" (Pack of 1)', 'Color:': ' Black'}",,42,POSITIVE
5,True,"09 7, 2017",A3LK3JSG234IOX,B017Y3WK6W,C. Walker,"The bags were perfect for my needs and seem to be durable.  Great customer service from the seller, also!","Great product, great seller",1504742400,,"{'Size:': ' 6""x9""'}",,19,POSITIVE
1,False,"08 23, 2006",A2DJIAK1UX62P4,B0186J04RU,Pheonix,I am a general contractor and am totally frustrated with how much money time and effort I spent trying to get this thing to perform. The name needs to change to NoPURformer. I can't believe the good reviews people give it. Mine is a piece of total and complete JUNK!!!,TERRIBLE PRODUCT,1156291200,,,,50,NEGATIVE
5,True,"01 27, 2017",A11AHQJM9DM73I,B00ECDO76O,Hunter,This product is the secret to white teeth. Just use it once a day for a while and your teeth will be white. I've used this for 5 years and people say I have really white teeth. Don't swallow it. It's basically like baking soda. And don't over use it because you van damage your teeth,This is the best,1485475200,2,{'Size:': ' Pack of 3'},,56,POSITIVE
5,True,"04 6, 2017",AMV3FDCYU17HU,B00VJ4SFQW,Amazon Customer,I am very happy and very impressed with this floor lamp. You went out of your way when you designed this lamp!!!  I am a retired Electronic Engineer. Keep up the great job of making great quality products!!!,Great Product!!!,1491436800,,,,38,POSITIVE
4,True,"05 13, 2016",A3RAX18LJDTY9H,B0013BKDO8,Nitish. V. P.,it is good and does what it is made for but it would have been even better if the some more thought went into having backlit light so i don't have turn on 40W bulb just to see the readings in the middle of the night when it can get too cold or too humid.,Does what is is made for,1463097600,,{'Color:': ' Black/Silver'},,55,POSITIVE
4,False,"10 16, 2014",A2PLDY4EQ2PUZE,B00FXHBBOO,Jim C.,"This is a unique way to have a Bible that you can easily carry in your pocket, so long as you have a microscope or microfilm reader with the correct magnification.  It is a bit cumbersome to use with larger devices, but a few years ago I found a mini microscope that works with this, although it takes a lot of adjusting, and is perhaps not too practical.  It is (however) a great conversation piece, especially since similar versions were actually flown on Apollo missions!",An interesting version of the Bible you can hold in your hand.,1413417600,2,,,85,POSITIVE
3,True,"11 23, 2015",A25FTJ52YPOA4F,B00SS0GS64,Amazon Customer,"The spray function is not very good. Other than that, the purchase was fine.",Three Stars,1448236800,,,,14,NEUTRAL
5,True,"03 16, 2015",A15R92L0MFNAS0,B000EFMLQ2,Maureena,These are awesome to do hair oil treatments with! I love 'em!,Awesome,1426464000,,{'Size:': ' 1ml.'},,12,POSITIVE
5,True,"12 25, 2017",A3U1LX9OVFNUKV,B00I8NM6JO,G. Campbell,"Initial impression is good. From sealed in box to first print in 1.5 hours, and my 13 and 16 year old managed it by themselves. I think that speaks to the maturity of the technology, and the quality of this printer. I gave it five stars for letting Dad relax on Christmas morning.",Initial impression is good. From sealed in box to first print in ...,1514160000,,,,53,POSITIVE
5,True,"12 7, 2017",A1T0BRMATYXRB9,B00MN5X4RQ,Claudio,"nice, but i miss to buy a bigger size one.
so far  its good",Five Stars,1512604800,,{'Size:': ' Pack of 3'},,14,POSITIVE
1,True,"03 17, 2017",A1QWFXUDC3MF7O,B00D7BJ6MW,Amazon Customer,I used this bottle for less than one day in my grooming salon and the black piece where the liquid comes out broke off... and now I can't use this at all. Complete waste of money!!! Very upset!,Waste of money!!!,1489708800,,,,38,NEGATIVE
5,True,"11 27, 2015",A55OF04G2BP39,B0002EQU6C,Richard,Excellent heat transfer medium. I had to reinstall the CPU fan and used this product to assure proper heat transfer.,Excellent heat transfer medium,1448582400,,,,20,POSITIVE
1,True,"09 22, 2016",ATKUZ5W64TP9W,B01D5F72GQ,The_Mechanic,"Terrible, that's all I have to say for it.
Working in the line of Emergency Medical Services, this doesn't work at all considering when I got it, the VELCRO on it felt like it has come off of a 10 year old backpack, hardly stays closed. It is made out of cheap fabric and just overall seems terrible. The only thing I like about the company is that it was scheduled to come in on the 26th and it actually came in the 22nd.",Terrible Quality,1474502400,,,,84,NEGATIVE
1,True,"08 29, 2016",A23NN975LJN2OO,B00S730YWG,The boss,This product is completely waste of money I wish I never purchased it regret it,One Star,1472428800,,,,15,NEGATIVE
5,True,"08 15, 2017",A1NI3GMDR93O9H,B011LVVIS4,Frank,Item worked perfect as described got an extra,Five Stars,1502755200,,{'Size:': ' 8 SET'},,8,POSITIVE
5,True,"04 1, 2014",AZ02K856IFMQC,B001IDZLBG,Angela Stewart,I have got more compliments on my stethescope than ever!  I work in a pediatric ER and it seems to lighten the mood in an already scary situation for a child. Love my Adscope!,Love it!,1396310400,,{'Color:': ' Pink'},,34,POSITIVE
4,True,"09 29, 2015",A165AZP0LEEN55,B00H7AG4I8,Bruce Sundberg,Just what we needed at a great price.,Great buy,1443484800,,,,8,POSITIVE
5,True,"12 14, 2016",A3G0J6ICVMGNQ2,B0060EUA32,James,worked well with good suction even when the filter is dirty.,very good,1481673600,,{'Style:': ' Vacuum'},,11,POSITIVE
5,True,"03 8, 2015",A3E1SAO7TWJKBE,B0000DD5H1,Krescendo,Used in the building of my loft bed.,Five Stars,1425772800,,,,8,POSITIVE
5,True,"09 14, 2016",AED7QYJP68WRZ,B010BWOOXA,E Hawk,Great Product.,Great Product.,1473811200,,,,2,POSITIVE
5,True,"06 30, 2018",A2W7PAR67T73Z,B00ABZ5QKI,turbojoe62,"Quality piece. Nicely machined, threads were cut well and fit pipe fitting very well.","Nicely machined, threads were cut well and fit pipe ...",1530316800,,,,14,POSITIVE
4,True,"10 27, 2012",A1UFYQS8W2PFFU,B00186R2UG,Islander,I would recommend this product for anyone needing a hanging scale.  Have used it and I am very satisfied with it.,Would recommend this product for anyone needing a hanging scale. Works great.,1351296000,,,,21,POSITIVE
5,False,"09 3, 2016",A2164JDDPWOAEJ,B01860S51Q,Amazon Customer,It elas exactly what I was expecting. Thanks!,Five Stars,1472860800,,{'Size:': ' Medium'},,8,POSITIVE
5,True,"07 8, 2017",AUMWMIVRCTQAR,B00XTJZB8A,Matthew Redmon,Works well for printing on with hairspray to coat it.,Five Stars,1499472000,,,,10,POSITIVE
5,True,"09 18, 2017",A3ATAHA2W0I00W,B001G8E114,Amazon Customer,Good product.,Good product.,1505692800,,"{'Size Name:': ' 1/4"" Thick'}",,2,POSITIVE
4,True,"08 27, 2016",A15WEXIWFDGVPH,B0046A87IM,Richard Olsonawski,I worked OK.,Four Stars,1472256000,,{'Number of Items:': ' 1'},,3,POSITIVE
5,True,"09 7, 2018",A1ZS9ZXKQOW3S0,B01ETY478S,Stevy Chung,"worked awesome in cleaning my house siding.  The white vinyl siding is over 30 years old, is dirty and has algae growing on it.  Now the siding is bright white again.",Made my white vinyl siding bright white again,1536278400,,,,31,POSITIVE
5,True,"04 14, 2015",A2XV97KBS11X2,B00011Q5QG,lucid ham,Great product these leads are really nice,great test leads,1428969600,,"{'Size:': ' 56.5""', 'Style:': ' TL175'}",,7,POSITIVE
5,True,"09 28, 2014",A28MNXO1HE9OB3,B0056HALD8,Megan S.,Bought the smallest size to attach my dog's tags to her collar. Works great and makes it much easier to switch collars!,Works great and makes it much easier to switch collars,1411862400,,{'Size:': ' 40mm x 4mm'},,22,POSITIVE
5,True,"02 6, 2015",A1E33NQ5K9SC2A,B00LVPDBA4,Scott Markovits,"Upgraded from a battery powered electric toothbrush (oral b, colgate, etc).  This brush is great and feels like it's cleaning at least twice as well as the previous brushes used. I'd highly recommend this.",This brush is great and feels like it's cleaning at least twice as ...,1423180800,,,,34,POSITIVE
5,True,"02 13, 2015",A2O48I6DGMQHJJ,B00GM4G5ZM,Joan,"So far, so good. This is my third Oral-B Vitality. My other two each lasted three years. This one seems plenty powerful, and I like the size of the head. It handles easily. Yes, it vibrates, but that was what I expected.",Easy and effective,1423785600,,,,42,POSITIVE
3,True,"01 28, 2018",ABKE7DMQRKALN,B010DWI36C,jesus Hernando villa,"The robot cleans well, but it has a problem with the backup battery, there is an issue with this, when it starts the green light start to blinks and then to the blue light and so on, it takes a few minutes to adhere to the window, its a shame, because is a really good machine instead of this problem",because is a really good machine instead of this,1517097600,,,,60,NEUTRAL
5,True,"04 23, 2015",A2MXD94M1LD6A2,B00004Z2HY,John W.,Works great,Five Stars,1429747200,,{'Size Name:': ' 1/2 Inch'},,2,POSITIVE
1,True,"09 13, 2016",A1RLK8MKRPS60L,B005T86PCU,TheGuyFromMonopoly,"First time using it, it melted and burnt my finger.  It is known to heat up and melt.  After it happened I did some research.  I'd suggest staying away from this company and their products, despite tutorials recommending it (at least one tutorial on the internet is now warning people about this problem).","First time using it, it melted and burnt my ...",1473724800,,,['https://images-na.ssl-images-amazon.com/images/I/71aX0EOMlrL._SY88.jpg'],53,NEGATIVE
5,True,"12 26, 2016",A2LC9994LIA9HC,B003629WRQ,Farmer2,Works nice in all my tight places i needed it.,Great!,1482710400,,{'Pattern:': ' Inspection Camera'},,10,POSITIVE
1,True,"11 16, 2017",A1EOIFMP04FFWM,B000BR7JUG,Doug Monroe,Have hardly used. Rivet shafts nearly always jam.,Jams,1510790400,,,,8,NEGATIVE
5,True,"12 30, 2016",ALFVGBO3ZMTT3,B008S0KNZG,Amazon Customer,Made several gallons of wine so far and with this device you can fairly accurately predict the alcohol content potential within 1 or 2 %.,Made several gallons of wine so far and with this ...,1483056000,,,,25,POSITIVE
5,True,"02 12, 2015",AOAK26OA6OO73,B00CJI6T4M,Richard,Looks just like the photo and is working like a charm. My boy scout uses it for camping and it hasn't broken yet!,Looks just like the photo and is working like a charm,1423699200,,,,23,POSITIVE
3,True,"05 23, 2017",A34CREVPWVEX08,B01DFT8RWU,Theresa Winterling,not sure I'm noticing big difference,Three Stars,1495497600,,,,6,NEUTRAL
5,True,"09 24, 2014",A1GY8WIWCZXT93,B00IB0ZJXE,A. Cue,"Work well so far!!! no ticking or anything ... just make sure you have a neutral wire as stated in the other review. if not, you will need the other switch... use it for my bathroom fan ...","nice switch, no ticking like the old schools",1411516800,,,,38,POSITIVE
1,True,"04 2, 2016",AM9CWFG7K4OVW,B00KNNJOP6,luckykismat86,Garbage finally got around to using it well attempting to use it couldn't get cap off to fill it up.  Tried left tried right tried it until the plastic cracked then broke.  Garbage.,Garbage,1459555200,2,,,33,NEGATIVE
5,True,"07 7, 2016",A3S2IHLJKJJM5K,B01BRMI6PU,Nimbe,"I have ordered several times from this company. Great price, fast service.",5/8 dram essential oil bottles.,1467849600,2,,,12,POSITIVE
5,True,"12 22, 2014",A3K81BLACW5D83,B00IKP4AF8,Robert Cocola,"Fast delivery.
Bags are as described and fit our vacuum.",Fast delivery. Bags are as described and fit our ...,1419206400,,,,10,POSITIVE
5,True,"06 26, 2013",AVWLWPRA7VJOH,B0055DZ3EK,Amir Orome,"He stretcheth out the north over the empty place, and hangeth the earth upon nothing.
He bindeth up the waters in his thick clouds; and the cloud is not rent under them.",Book Of Job 26:7-8,1372204800,,,,32,POSITIVE
5,True,"07 13, 2014",A34P6UNSB28H4Z,B006VCGSP2,Norman J. Smith,"Good product,fast delivery.",Five Stars,1405209600,,,,3,POSITIVE
5,True,"04 24, 2012",A2SS10BRSS8Q65,B003CVV5SA,Mr. Gary Yamakawa,It's nice to find the exact part I needed to replace the damper motor that went out to a zoned house.,Exact replacement for what I needed,1335225600,,,,21,POSITIVE
2,True,"11 6, 2017",A36MXYIH32K1E1,B010JH19EY,Justy Shaiebly,Oils won't come out of the top very easily. I have to hit the bottle against a cotton ball several times to get anything to come out.,Oils won't come out of the top very easily. I have to hit the bottle against a ...,1509926400,,,,27,NEGATIVE
5,True,"09 14, 2017",A3RCF78VYUDI8F,B000H5Y6CQ,Karl M. Fasolt,Good price and delivery works perfectly nice for small jobs.,Five Stars,1505347200,,{'Size:': ' 2.7 Oz.'},,10,POSITIVE
5,True,"01 23, 2017",A3SYF29WYV94PQ,B01FPG89CE,cameron,"Product works great, my RO is not working right and the only way I knew it was with your tester. Spent 30 minutes searching amazon for a TDS tester and I purchased your meter based on info, price and it appeared to be a well designed product.","Product works great, my RO is not working right and the ...",1485129600,,,,47,POSITIVE
5,True,"05 14, 2015",A31EUBPDNH6YC,B00ILCCUN4,Paul Gilbert,Good bottles,Five Stars,1431561600,,,,2,POSITIVE
4,True,"11 19, 2015",A3QWXR3JC7XMVK,B00M1OPULW,Andr N.,It does work with Haag Streit slit lamps! And it is really cheaper than other systems to capture images!,It does work with Haag Streit slit lamps! And ...,1447891200,3,{'Format:': ' Sports'},,19,POSITIVE
5,True,"03 9, 2013",AW43CEEBEP1CC,B0036IJL8K,William T. Karns,I was well overdue for a new roller so I ordered this brush since I was replacing the belt anyway. I did not realize how bad my old brush actually was until I tried it with the new brush!,Dyson vacuum brush.,1362787200,,,,39,POSITIVE
5,True,"09 8, 2016",AMKO9H5B24R26,B000BO7D1Y,trea,Thank  you,Five Stars,1473292800,,{'Package Quantity:': ' 1'},,2,POSITIVE
5,True,"02 5, 2016",A2L7ZLZVLNCB0O,B00AZMGFI4,Amazon Customer,Worked great!,Five Stars,1454630400,,,,2,POSITIVE
5,True,"03 14, 2016",AV08EP0KGK6HH,B00HPNFD5C,Rich Bresnahan,Replacement valve worked great.,Five Stars,1457913600,,{'Size:': ' 1'},,4,POSITIVE
4,True,"02 12, 2017",A2PRRX5Q13T3G3,B004OR1C9S,Robert Hughes,Seems like good quality. Happy with purchase.,Four Stars,1486857600,,{'Size:': ' 16x6'},,7,POSITIVE
4,True,"02 28, 2017",ASZOCS21YP8FJ,B004AS70UG,ervin,did not work with 2007 lexus engine cover support.,Four Stars,1488240000,,,,9,POSITIVE
4,True,"09 14, 2014",A2MZZPEIWYT06L,B00A8O0710,farhad masoodi,Thank you,Four Stars,1410652800,,,,2,POSITIVE
4,True,"07 14, 2016",A12FBQFR2TBQRG,B005W16LVE,Amazon Customer,Solid at a good price!,Well built at a reasonable price!,1468454400,,,,5,POSITIVE
5,True,"03 16, 2017",A276AOO9PUQILT,B011VGASLW,navalsoccer,"This controller works exactly as advertised for my incubator. Very small and easy to wire and set up. It was 3 degrees off and needed to be calibrated, which was also easy. This only controls one device, heater or cooler; others can be wired to run both a heater and a cooler.",Perfect for my incubator!,1489622400,,,,52,POSITIVE
5,True,"12 15, 2016",AOEB7A7D2ZN0V,B01D0J51SS,Bond,I have now ordered 400 of these.  They are just as described in the ad.,Hooks,1481760000,,"{'Color:': ' Black', 'Package Quantity:': ' 100'}",,15,POSITIVE
5,True,"02 19, 2015",A22SPXPBYQVBC5,B0002YTP3M,S. Kopec,It works.,Five Stars,1424304000,,,,2,POSITIVE
1,True,"05 16, 2018",AR7Q1MOAC271D,B014K3KNHC,J. Varga,Not impressed with these toothbrushes. The kids love them but the bristles are too soft and don't spin. The whole toothbrush just vibrates. So their teeth don't get all that clean. I will be buying Oral-b.,The kids love them but the bristles are too soft and don't ...,1526428800,,,,36,NEGATIVE
5,True,"04 23, 2016",AFDB3T0J36LK8,B0073NOENQ,Harlan R Russell III,"Works great , good price",Five Stars,1461369600,,,,5,POSITIVE
5,True,"03 5, 2016",A3DLRU63EA3FN,B001QRZ31C,Dotnettex,Great quality at a good price.,Great,1457136000,,,,6,POSITIVE
5,True,"10 9, 2014",A16CBUXDS7O7ZN,B00H9ZWRZK,Derill03,"Very good device, works as intended.",Five Stars,1412812800,3,"{'Size:': ' 1/4"" NPT'}",,6,POSITIVE
4,True,"05 22, 2016",AMUGPVZVU1S3B,B00IO9PBPS,Amazon Customer,Nothing yet but I haven't had it for a year maybe in a year I can give it the five stars but I'm not ready to do that now it's a great invention great machine makes my life a lot easier,Very happy with it give me a year to give it 5 stars,1463875200,,{'Style Name:': ' iRobot Roomba 880'},,41,POSITIVE
5,True,"01 10, 2015",A1JC1VGQPPNR6Z,B000QDC7T8,Lowend15,"Nice, thick, and sticky electrical tape.  The 2"" width is absolutely amazing.  No desire for 1/2"" ever again.","2"" width is unreal!!!",1420848000,,{'Size Name:': ' 2 in. x 66 ft. (48mm x 20m)'},,18,POSITIVE
5,True,"03 15, 2017",A1YZTM5RVCJGE7,B001HRMJ54,Lilian,"This stethoscope picks up every sound, very good quality, I love it.",Buy this if you are looking for a quality stethoscope!,1489536000,,"{'Color:': ' Rose Pink Tube', 'Style:': ' Machined Stainless Steel Chestpiece'}",,12,POSITIVE
4,True,"07 7, 2012",A2J8UTEALB8L6T,B004UZCMRK,Defa,This was my first LED electronic purchase online so i was a little bit skeptical. But these LEDs are just fantastic. Ive used them in three different projects and they are incredibly bright and exactly what i was looking for.,Great for hobbies and any application,1341619200,,{'Color:': ' Blue'},,40,POSITIVE
5,True,"02 26, 2014",A143CJFTLKCHGR,B00207CO7I,Vincywife,Buy these and not that other '100' pack.  I bought some of these from another seller and I know I didn't get a total of 100 pipettes.  This is the real deal.  This has lasted me a long time and I recommend them for anyone that needs these and uses them on a daily basis!,Wow!,1393372800,,,,55,POSITIVE
5,True,"05 25, 2018",AR5KLW8TVWFG,B00I0VWU86,Margaret Mattson,Great just what I wanted.,Five Stars,1527206400,,,,5,POSITIVE
5,True,"04 1, 2013",AC1JHC8N4E5D8,B001E0WFLW,BOXERSON,the best for a person who has dry mouth. takes care of the problem right way. thank you for the best.,the best,1364774400,,,,21,POSITIVE
5,True,"04 14, 2014",ADFYX2X289L9U,B00HYLW5CY,Carolyn Amodeo,". Cabinets look like new. Recommend highly. Worked well on my 30 year old cabinets..great product,  Very easy to use",Best  cabinet cleaner  ever!,1397433600,4,,,20,POSITIVE
4,True,"02 15, 2017",A2000ED1ITW1ZW,B0006GARSS,R.H.,"I purchased these for the inside of the doors of my Jeep for added safety when opening the doors on a roadway.

Not a critique of this specific product, but due to static electricity in the fall and winter (especially after taking off the backing), it's difficult to install this decal as it tends to be drawn to the vehicle prematurely and you might have difficultly applying it exactly where you'd like it to be.",It's good,1487116800,,,,75,POSITIVE
5,True,"07 26, 2017",A29OSM5NFG1K8Z,B01G9VF7XS,Row Doc,"Perfect color match in a great sealant and I tried dozens trying to patch cracks and separation in an old driveway. All the others screamed caulk, this one blends perfectly. It is also durable easy to use. No longer available in local stores hopefully it will stay on Amazon",Perfect color match in a great sealant,1501027200,5,,,49,POSITIVE
5,True,"12 22, 2014",A2PM3DASAYIOOE,B000EJ332O,javier,I trust fluke with my life. You should too. Get one of these.,Five Stars,1419206400,,"{'Size:': ' 1AC-A1-II, 90-1000V'}",,13,POSITIVE
3,True,"07 23, 2017",A1FIAR9JDAGG2D,B01CO6775S,John,The product is exactly as described but it took 9 days to get here.,Slow shipping,1500768000,,"{'Color:': ' Brass 1/4""'}",,14,NEUTRAL
5,True,"07 30, 2017",A17ZN2CYGT235F,B00TUQIBG0,exlibris360,"Easy to use, and three different values are invaluable for learning, tweaking, and just playing around with fermantations.","Easy, straight-forward instrument",1501372800,,,,18,POSITIVE
5,True,"06 17, 2013",A3KOP2PGC6BFYJ,B007ZCP1OQ,Raymond Adams,I used this for a KTM 525 FCR carb vent TEE.  This is much better quality than the plastic Tees offered at the local auto parts stores.,Perfect.,1371427200,,{'Number of Items:': ' 1'},,27,POSITIVE
1,True,"12 1, 2015",AA1AQ8LDW8VFP,B00EPLUJII,adan,NO WORKING !!!,One Star,1448928000,,,,3,NEGATIVE
5,True,"04 20, 2015",A79XD7DE0KTFT,B017KERLEG,Jenmc,Good product.,Five Stars,1429488000,,,,2,POSITIVE
4,True,"05 11, 2016",A3OI6M4WG0N5S5,B000CSIBCE,duffy1942,GOOD PRODUCT.,Four Stars,1462924800,,{'Size Name:': ' 1 Pack'},,2,POSITIVE
4,False,"01 24, 2017",A1OC6MPC9T443D,B01H1Q7W2Y,cgd,Nice product. Very usefull!,"Nice, I like it",1485216000,,{'Size:': ' 7mm-6.56ft'},,4,POSITIVE
5,True,"10 22, 2008",A33DE72RERV7EL,B000FED5E4,x,"I have been using the Philips Sonicare for only about 3 weeks but already my teeth are less sensitive and gums are healthier.  I never liked the other power toothbrush I had - but I love this one!  And because there were so many reviews about getting water in the battery chamber, I twist the top off when I am done - just in case there is a leaking problem - don't want the hassle of sending it back for a replacement.",Superior Product!,1224633600,,{'Color:': ' Blue'},,82,POSITIVE
5,True,"05 8, 2016",AG3HPBYL8THHZ,B0093ODWLS,SteveIowa,"A very good finish, and great thread quality. I am extremely happy with these, and will gladly come back to the Seller Continental-Aero when I need more.",Top Notch!,1462665600,,"{'Size:': ' 1/4""-20', 'Number of Items:': ' 100', 'Overall Height:': ' 0.236'}",,27,POSITIVE
2,True,"07 15, 2017",A3JRSZKHE9CGZ1,B006ATU73A,Charles E Grover,Did not work as it stated,Two Stars,1500076800,,,,6,NEGATIVE
4,True,"04 18, 2015",A2EMWU5NG8GT2G,B003J3XHIW,ROJAN,unit is OK however the handle seems very light duty.  Sure hopes it lasts with only twice a year use.,Seems light duty,1429315200,,{'Color:': ' Black'},,20,POSITIVE
5,True,"01 9, 2014",A354GBJGG2CHKW,B004460S1W,STEPHEN M PARROTT,"Works great, I have nothing bad to say about this product.  I expect years of good use from this stethoscope.",Great product,1389225600,2,,,20,POSITIVE
4,True,"01 15, 2015",A18UU3DUSVOJGN,B001BWDBVQ,Michael A.,"Great Bearings !!!  Used them for several different things including my 4 different bicycles, Ammo for Slingshots and steel balls for a lazy Susan build!",Worked Great!!!!,1421280000,,,,25,POSITIVE
5,True,"11 12, 2016",A9YP1CF1IDHO7,B00FQ937NM,P. Mallard,"Great Value, performed extremely well for me , where I used it as a classroom task assignment chart, I had 20 students was able to make multiple name tags and job slots. It seems pretty strong but then again I am only using it for light stock paper. Would buy again cheaper than branded product serves just as well.","Great Value, performed extremely well for me",1478908800,,,,59,POSITIVE
5,True,"04 8, 2017",A1NMGFTKBYG5PO,B018XBWGHC,Chase D,The heater on my Anet A8 took 15 minutes to get to 70C. With this heater I can easily get to 100C in 4 minutes,Great heater,1491609600,,,,25,POSITIVE
1,True,"05 24, 2018",A3S5K78OPH2Y1X,B00G3N3RBC,user12345,Thread was damaged could not use for project....,Damaged,1527120000,,,,8,NEGATIVE
5,True,"10 19, 2017",AIOB2EUUJNCN6,B01H0IAM7K,Kate,Exactly as described,Five Stars,1508371200,,,,3,POSITIVE
5,True,"11 17, 2017",A7QXHLOF1OXUB,B00IIW6TSY,gage,great for farmers market,Five Stars,1510876800,,,,4,POSITIVE
3,True,"08 2, 2014",A3C2MYB6C5O5OG,B00VQ94FGE,sherri magnusson,"work for what I needed it for inexpensive but it works, for the price I would recommend it",inexpensive and met my needs,1406937600,3,,,18,NEUTRAL
5,True,"10 17, 2016",A126DJWD1MZJA,B015Z1RU6U,Christopher G.,Is as advertised,Good stuff,1476662400,,,,3,POSITIVE
5,True,"08 17, 2018",AJ2IRKND54BIA,B00TQLMNDQ,David,Does the job. Super easy install. Comes with all you need to mount to a motor.,Works good!,1534464000,,"{'Size:': ' 3100 PSI', 'Style:': ' Horizontal'}",,16,POSITIVE
5,True,"03 15, 2018",A1DNBFP3P6W4N0,B00V3EW6S6,donald,Perfect replacement,Five Stars,1521072000,2,,,2,POSITIVE
1,True,"04 15, 2017",A3C95BU1G7MREN,B00DRALJ28,Jason Fulcher,"Stuck at 16% humidity, have to shake it around a bit to get a correct reading.",Humidity issue.,1492214400,,,,16,NEGATIVE
5,True,"04 23, 2016",A35FKNVVATQIK1,B00O9YQQJM,Reginald Bunnell,Good product,Five Stars,1461369600,,,,2,POSITIVE
5,True,"08 2, 2017",A2D290R95NRBML,B0028TW2IE,Amazon Customer,Great clips for joining grids very easy to use,Five Stars,1501632000,,,,9,POSITIVE
5,True,"09 9, 2018",A1RO1MOV0Z0QFY,B01CSBSWX0,Roy h Jones,Good price,Quick,1536451200,,,,2,POSITIVE
5,False,"11 24, 2016",ASUK5OLCWAUL1,B000FSVUDS,Amazon Customer,"What a deal ! for the price of 12,  I can onlyt 1 package at the big box store","What a deal! for the price of 12,",1479945600,,,,19,POSITIVE
5,True,"06 4, 2018",A1BY748VO7KFLX,B00YDJ19ZE,Kerri Hines,Very happy with the bottles.,Exactly as expected. Nice bottles.,1528070400,,,,5,POSITIVE
5,True,"11 17, 2012",ADA6MUG91XOND,B000OFKDXA,gluten free jmt,"Good type of gloves for those needing non-latex medical exam gloves.
Nitrile stretches much better than vinal, allowing a better fit.",nitrile gloves,1353110400,,,,21,POSITIVE
5,True,"01 6, 2017",A365W2V71MOIMX,B00AZBIZTW,Barbara A. Ryan,My first Bissell and so light! Did a great job on what I 'thought' was a pretty clean carpet. The lightest vacuum I've owned.  Looking forward to getting good use from this.,Did a great job on what I 'thought' was a pretty clean ...,1483660800,,"{'Color:': ' Purple', 'Style Name:': ' Vacuum Only'}",,32,POSITIVE
3,True,"07 30, 2018",A2YB05983QRCWD,B00QC38FI8,Andrea,"Worked great for almost three years then it started constantly dripping from the top of the unit on the inside. I looked for diy fix it instructions but found none.
Would love to have it working again, but will not buy the same unit if this is a constant flaw in their design.",Was great till it leaked continuously,1532908800,,,,53,NEUTRAL
5,True,"02 6, 2015",A1WSEZ7OEFOIBR,B006GG0TDK,RLW,This is great. No complaints. Make sure you know how to use it and that it is calibrated before you brew.,This is great. No complaints,1423180800,,,,21,POSITIVE
4,True,"03 26, 2015",APNUVHE1BIVNM,B008ZSX42K,Joyce,"Not much to say about glass bottles with droppers. Only reason for 4 instead of 5 stars is because I also thought the dropper ends would be longer and thinner, able to get into very small corners as on the picture.  Otherwise, they're nice, thick, amber glass, dropper feels substantial. ""No problems""",They're fine,1427328000,,{'Number of Items:': ' 6'},,52,POSITIVE
5,False,"10 14, 2014",A2MFJ6C67AL015,B001BQUDMM,BOS116,Not much to say about a restroom sign.,restroom sign,1413244800,,,,8,POSITIVE
5,True,"01 11, 2018",A35G1ILNWI3MNF,B01A6ORBGA,Deborah Oakley,Bought as a gift.,Five Stars,1515628800,,,,4,POSITIVE
5,True,"10 17, 2016",A2R1KCWPFZ93A7,B01DT7B88S,Joan,I have a family daycare so I have about 12 children to 14 children every day and I've been buying my cuts through other sellers these are my best cups great deal for the price they last so much longer for us I mean they're just disposable but they hold up better than the ones I've been buying before plus they save me a ton of money,... buying my cuts through other sellers these are my best cups great deal for the price they last so ...,1476662400,,,,67,POSITIVE
5,True,"02 1, 2016",A22MQKPA9TXRJW,B00KY5115O,reggi vegi,"the best low priced pH meter I have purchased...and I've gone through quite a few. Just like all keep the sensor in solution, this has a nice cap with foam at the bottom. Larger LED than others. Tests accurately with testing solutions (7.0/4.0). Highly recommended.",Great product and value,1454284800,2,,,45,POSITIVE
4,True,"12 17, 2012",A3EUUR3DCJZJ6I,B004V2MYUM,P. D. Matthews,I really like this product. The fact that it caters to the health of your gums is plus and my family likes too.,Toothpaste is esstinal.,1355702400,,{'Size:': ' 5.8 Ounce  (Pack of 2)'},,23,POSITIVE
5,True,"05 6, 2013",A30MC6RRKCJECJ,B0009KMYHI,Alisha Davies,"I love this microwave! It is very sleek looking and works AMAZING!!
I would defiantly recommend to anyone!
Thank you",Great Microwave!,1367798400,,,,20,POSITIVE
5,True,"03 29, 2016",A28M6YTSJI2ORM,B000MFDGVI,Amazon Customer,Excellent!,Five Stars,1459209600,,,,1,POSITIVE
5,True,"06 2, 2018",A19G2D4BV0P9TH,B00KQFWYZI,New Mexico Paul,"These worked like a dream when attaching two inch polyisocyanate sheeting to plywood. Easy to drive, very secure once in place.",Work like a dream,1527897600,,,,21,POSITIVE
4,False,"07 8, 2018",A2IXEVUM1CN3DE,B01GN9E1QA,Mark Davis,Does exactly what is advertised,ok,1531008000,,{'Color:': ' Backlight'},,5,POSITIVE
4,True,"12 8, 2014",A3V8IOQ031S4CH,B007Y7HPDC,Tom,Not as flexible as I had hoped. I wanted to wrap it around a 1/3 inch pole but bending it to that radius broke the plastic that the tape is made of. For flat surfaces or much gentler bends I'm sure it is fine.,Good but I had hoped it would be more flexible.,1417996800,5,"{'Length:': ' 5', 'Number of Items:': ' 1', 'Overall Length:': ' 5'}",,44,POSITIVE
5,True,"04 27, 2015",A28XEDVQFSVQ1D,B005I5EAH6,KMarie,"....But for what I'm doing with it, it works great!  I'm actually making jewelry with it. Wishing it came in bronze, too.  Karen, at Getabeadonit.com",Probably not using as intendeded....,1430092800,2,"{'Length:': ' 25', 'Number of Items:': ' 2', 'Overall Length:': ' 25', 'Thickness:': ' 0.015'}",['https://images-na.ssl-images-amazon.com/images/I/716YyCFYmjL._SY88.jpg'],25,POSITIVE
5,True,"11 15, 2016",A315LE3QIN02JU,B000BEZV5O,pilot310,Looks like it will do the trick..,Five Stars,1479168000,,{'Style:': ' AC/DC'},,7,POSITIVE
3,True,"08 22, 2016",A3HZ4AWQCFX5BA,B00N51OJJ4,marknett,Basic plain filter. Works good . Do not think this will remove pollen from the air because it won't,ok,1471824000,2,,,19,NEUTRAL
5,True,"12 19, 2015",AOXN51E8U1867,B001E5ZWT4,Greg S.,On the road and ready to go!,Five Stars,1450483200,,{'Size Name:': ' 1 Pack'},,7,POSITIVE
5,True,"07 11, 2017",A281MS6EJOJA9Q,B009AXH0EC,RONAN MARTINS QUEIROZ,Great tool,Five Stars,1499731200,,,,2,POSITIVE
5,True,"04 2, 2015",A1VQ9OSQLPO68J,B005KMDV9A,Somer J,"Great product! Strong suction, easy to maneuver, turns into corners and odd spaces easily and smoothly. Lot of attachments for corners, pet hair, and hard wood & tile.  Favorite vacuum ever.",Best vacuum I've ever purchased!,1427932800,,,,31,POSITIVE
4,True,"06 3, 2017",A3O0I26NXEGEAA,B012YZE6SA,ben griffin,"This stuff works great, the taste is a bit odd at first but good none the less.",Four Stars,1496448000,,"{'Size:': ' 3 Month Tub 20g', 'Color:': ' Sweet Spice'}",,17,POSITIVE
4,True,"07 19, 2018",A2W0H6RT1FJHYI,B018630J80,Jenni Henry,This stuff is awesome and doesn't leave a weird smell but be careful using too much in a machine. I had to dilute it much more than the bottle recommended to avoid massive bubbles and soapyness.,Dilute More than recommended for machines!,1531958400,,"{'Size:': ' 25 Oz Bottle = 20 Gallons of Cleaning Solution', 'Package Quantity:': ' 1'}",,36,POSITIVE
4,True,"04 5, 2013",A2K9XC898X3UAO,B007X0OICG,Chase,I am very happy with this filament.  I have had very few issues with it and would recommend to anybody.,Color doesn't stay bright after printing,1365120000,,,,20,POSITIVE
5,True,"11 23, 2015",AGP44COQYFIJ9,B00WBS21JM,Thistle Hill Ranch,"Works perfectly.  Easy to use.  The only thing that could be improved is the screen.  It is hard to read outdoors in the light.  However, for most applications it is fine.  The main thing is that it comes on and is very accurate...",Works very well.,1448236800,2,,,43,POSITIVE
5,True,"12 31, 2015",AE9NHKYYU8EUW,B001022GRM,Diann,"very easy to install, nice vise ,a little pricey for china made ,but works well",Five Stars,1451520000,,,,15,POSITIVE
5,True,"07 16, 2015",A311XHHLM12MUT,B000FH2Y9S,Peter,"My 3 year old loves this tricycle. It's still a bit heavy for him, but he's learning and I love that this thing doesn't tip over easily! It's excellent quality and the blue is electric. I would highly recommended this Roadster over other tricycles (we've tried them all)!",Classy little Roadster!,1437004800,,{'Color:': ' Blue'},,48,POSITIVE
5,False,"11 10, 2013",AGM750XU44F9M,B0002YIQG4,Richard Dascher,Got what we asked for and got it very timely.  Price was reasonable. We ill certainly buy these again as we need more pregnancy test kits.,Good Job- Couldn't ask for more from a purchase,1384041600,,,,26,POSITIVE
5,True,"08 16, 2018",A1XAW3GJ4BGO40,B01HH1EAXM,Judy,Fixed crack in toilet tank. So far its holding great,It does work under water,1534377600,,,,10,POSITIVE
5,True,"01 9, 2013",A1KDOV7OYH6HQE,B00CP391CI,Stephen Glenn,"As far as boxes go, I am far from a connoisseur.  But of what little I know, this was a great find.",Nice Box,1357689600,,,,22,POSITIVE
5,True,"06 4, 2015",A1W0XZOD05ME17,B00G9RBG2Y,Customer BN,Perfect for my needs.,Five Stars,1433376000,,{'Number of Items:': ' 5000'},,4,POSITIVE
5,True,"02 9, 2015",A4YK2GIOHJM7N,B00657WA1E,Denisha Taylor,Great!!!!,Five Stars,1423440000,,,,1,POSITIVE
3,True,"10 29, 2017",A2LLO7ZJWWO6ZM,B004DHX2X8,Rollie  Willan,"Like many others, ours arrived in damaged condition.  Chips to both sides of the same corner.  Packaging seemed fine.  Damage seems to have occurred prior to packaging. Other than the inconvenience of exchange, the product is perfect for our intended use.","Looks, Good, But .  .  .",1509235200,,"{'Size:': ' 1 Pack', 'Color:': ' Natural/Walnut'}",,41,NEUTRAL
5,True,"03 20, 2017",AV69FV8WXDX97,B00C78AERW,Tom Armstrong,Wow.  This is serious tape.  Giving it the real test on some boat tarps.  Will let you know in a couple years if it outlasts plain duct tape.  My guess is that there is no contest on this one,Serious tape for serious uses,1489968000,,"{'Size Name:': ' 1.88"" x 30 yd'}",,39,POSITIVE
4,True,"05 26, 2016",ATWPCUKF1G77M,B00ATH0KEA,Ben Ardoin,Performs as expected. Adhesion is very good and reliable. Water doesn't seem to affect it. I used it oin my hunting knife and all is good.,Adhesion is very good and reliable,1464220800,,,,26,POSITIVE
5,True,"08 30, 2016",A3C2HKBHL6AMLO,B01CITP03W,Samwizefx,"Quick delivery, well packaged. Comes in a hard case which is nice for storage.","Nice product, quick delivery",1472515200,,,,14,POSITIVE
5,True,"06 26, 2012",A2Z9M06RY7YN29,B005VDNO6I,pjkk333,"this riker specimen mount was by far the best purchase ive made to preserve my insects , it allows a soft and secure holding spot for them , i never imagined my insect to look this good",very goood,1340668800,,,,37,POSITIVE
5,True,"04 22, 2018",AQG3PUYMZ8EPW,B004RRHW4O,Clay,Thank you very happy,Five Stars,1524355200,,,,4,POSITIVE
4,True,"01 20, 2018",AHDNHCR4MKNCG,B00D7BJ6MW,Jamie,I've ordered several of this and all of them when first opened smelled like mildew. Was able to rinse them out and run alcohol through them and they were fine,... this and all of them when first opened smelled like mildew. Was able to rinse them out and ...,1516406400,,,,30,POSITIVE
1,True,"05 17, 2015",A1FDBI01K92QHO,B007Y8UX80,Just being real,Caps always break and leak.,One Star,1431820800,,{'Number of Items:': ' 12'},,5,NEGATIVE
5,True,"08 29, 2014",A236XLTX1XUBRR,B004C12Q46,Allen R. Lord,Just the thing for your bloody dogs! Great pricing!,Great pricing!,1409270400,,{'Size:': ' 3ml Bottle'},,9,POSITIVE
5,False,"10 10, 2016",AD0LH7MXWHGAP,B001CEAJ9K,Kimberly B.,"I really love the way this looks!  I love the gray color, and the design looks very professional.  This mat is extremely sturdy!",Very professional and extremely sturdy,1476057600,,"{'Size:': "" 3' x 5'"", 'Color:': ' Charcoal'}",,23,POSITIVE
5,True,"05 15, 2017",A1J5UATCCHOW1N,B0015GA102,dwain,happy with everything...thanks,Five Stars,1494806400,,,,3,POSITIVE
5,True,"05 18, 2015",A13AR6R9W87HCO,B001VXYFJM,robert,Yes,Five Stars,1431907200,,,,1,POSITIVE
4,True,"10 11, 2016",AYRPUBZ7KUAQ1,B00GO4PZ5G,Feather Chucker,"Great gauge, easy to use and works great. This is perfect for checking your tired pre ride.",Four Stars,1476144000,,,,17,POSITIVE
5,True,"10 8, 2017",A38DJWPUAWD0GB,B012YZE6XU,uber_neko_zero,"Flavor is mild and pleasant, cinnamony. Hints of other things like clove. Some of these products have overpowering taste and this doesn't, thank god. Works well too, gives a nice fresh clean feel to the mouth. (No, don't eat it.)

Just make sure to rinse any splatter down the drain. Since it is a darker color it can show on white and colors.

VERY pleased.","LESS FILLING, TASTES GREAT",1507420800,4,,,65,POSITIVE
5,True,"08 27, 2017",A1BG7JW74TMWAQ,B00IYE5SYC,Teryn Shirley,"Love love love, I use it to hang wreath on front door.",Perfect,1503792000,,{'Color:': ' Oil-rubbed Bronze'},,12,POSITIVE
5,True,"12 15, 2015",A141SV6PYPKBBB,B00FBLDOH4,Amazon Customer,they are just what I wanted,Five Stars,1450137600,,,,6,POSITIVE
5,True,"12 10, 2013",AS6LVH9ECEZIB,B0015SGK7I,Anthony,"Fowler makes quality products. It's not a starrett, but unless you're a gunsmith, who cares? It has a smooth action. The easy to read dial measures both Standard (.001'') and Metric (.02mm). No batteries to die or chips to glitch.",Good for everything short of gunsmithing.,1386633600,,,,40,POSITIVE
4,True,"01 8, 2014",A3TLLWSA7MOUCT,B005Z4RGDU,Tony,"Bought this item to use as a reptile watering bottle. Gives a nice small stream of water with little effort of squeezing. Easy to use, would recommend to others that want an easy squeeze bottle to give their pets a small drink of water when you are feeding/clean.",Reptile Watering bottle,1389139200,,{'Style:': ' PACK OF 1'},,48,POSITIVE
5,True,"12 2, 2017",A1N0J1IGH23V22,B00FQ937NM,T B,This worked great and the hold was perfect!,Five Stars,1512172800,,,,8,POSITIVE
5,True,"05 9, 2018",A36XELRNWEOANZ,B01GIRJD3S,R. Davis,The equipment is of very high quality. The stethoscope is several levels better than my previous one.,Very pleased with the transaction and the quality.,1525824000,,{'Color:': ' Black'},,17,POSITIVE
5,True,"02 10, 2016",A3R81ELGWQI785,B00S4YMOIK,Elizabeth C. Wickoren,"Worked perfectly for my purposes (capping the open metal tube frame on the kids' bouncing horse). Nice and snug, had to hammer them in (pretty easy to do) so I know they won't be falling out.",Did what i wanted it to do,1455062400,,,,36,POSITIVE
3,True,"07 13, 2013",A22PWK8VVMO5CZ,B003UYOUTA,YAKITROG,My husband got it to listen to his heart because he has atrial fibrillation and it seems to work ok but in addition I'm 9 month pregnant and my husband car hear the baby's heart beat with ear alone yet NOT with this stethoscope!,Can't hear very well...,1373673600,,,,44,NEUTRAL
5,True,"12 7, 2017",A273I63321EM0G,B00WDP5QS6,Kindle Customer,Use for massage cream to prevent contamination of the gallon jug I buy.  Just throw them away between each client.  Use lids for clients who return regularly identifying with initials.  Just the right size for about one session.  Minimizes waste of my expensive cream.  Have gotten very difficult to purchase locally in this size.  Love them.  Perfect for my needs!,Minimizes waste of my expensive cream,1512604800,,{'Size:': ' 1.5 oz.'},,60,POSITIVE
5,True,"06 15, 2017",A3BA4RCAXJZSWT,B000TGSPV6,Yolande Chandler,Just what I needed.,Five Stars,1497484800,,"{'Size:': ' 1 pack', 'Color:': ' Black'}",,4,POSITIVE
3,True,"03 20, 2017",A26H455C1D0PYG,B005CZ8MA8,Eileen S.,Didn't realize these were not packaged in a easy to grab dispenser like the national brand. They seem good though.,Didn't realize these were not packaged in a easy to grab dispenser like the national brand,1489968000,,,,20,NEUTRAL
5,True,"06 11, 2016",A2420RUFPRNAVI,B006K3M8BK,Larry,"Temp works well in my melting furnace , I can keep track of the temp while it's firing for 3 hours , I fire average at 2400F",Temp gun,1465603200,,{'Style:': ' IR-750: 50:1 IR Thermometer'},,27,POSITIVE
5,True,"04 15, 2018",A2TIQ5DAWSJGKU,B00CMPXFOO,Stephen G. Lonefeather :,AAA,Five Stars,1523750400,,,,1,POSITIVE
3,True,"08 25, 2016",AQXTSE94Z5FT5,B007Y7EFO4,trentofdestiny,"This is the consumer-grade stuff, not something you'd want to use to put trim onto your car with, but good for sticking things on walls or around the house.",but good for sticking things on walls or around the house,1472083200,3,"{'Color:': ' Gray', 'Length:': ' 5', 'Number of Items:': ' 1', 'Overall Length:': ' 5'}",,29,NEUTRAL
5,True,"12 28, 2015",A384LG4PSVS3T2,B00UAOJHRI,weavsan,Very satisfied,Great product,1451260800,,,,2,POSITIVE
5,True,"10 24, 2013",A1ZERAQ9AMIH80,B0042SYZDE,E.S.,"These are a great size and 10 count is great as well.

Love this product, good for lots of crafts.",Great!,1382572800,,,,20,POSITIVE
5,True,"06 3, 2015",A2OMMBTNKQECE2,B008O5GNCC,Seth,"Fantastic foam gun! Works great when washing vehicles, I would highly recommend this to anyone looking for a high quality and long lasting foam gun.",Best Foam Gun By Far!,1433289600,,,,25,POSITIVE
5,True,"02 4, 2016",A1HBLAZ729D47O,B00RM70LKI,Amazon Customer,Best glue for most stuff,Best glue,1454544000,,{'Size Name:': ' 1 Pack'},,5,POSITIVE
5,True,"02 13, 2016",A23KX66TFK8TMF,B000B868NE,Richard C Taylor,Great battery life now!,Five Stars,1455321600,,,,4,POSITIVE
3,True,"01 19, 2017",A31G3SV9B8ZM5R,B00WWLZSK2,William B.,I need to have our tech department work on this,Three Stars,1484784000,,,,10,NEUTRAL
3,True,"07 24, 2015",A177KIBWPTDXTO,B00IP87H5U,Bargain Betty,its ok just too small for me,"too small, but my own fault",1437696000,,,,7,NEUTRAL
5,True,"09 26, 2012",A3TCGSIUWHZYH3,B00L7EXYSS,BNB,"was afraid of the $40 scale I saw, so I ordered this one.  PERFECT!
Couldn't believe the price.  Arrived quickly.  We use it several times a day
in our store.  Highly recommend.",great price & product,1348617600,2,,,32,POSITIVE
5,True,"08 24, 2017",AQIRUS356SEN7,B003ZZS4AK,Anonymouswatchman,bags that work for what I needed them to.,Five Stars,1503532800,,{'Size:': ' Pack of 200'},,9,POSITIVE
4,True,"04 7, 2013",A3R28BIA78HWMD,B0037V0TZA,HandletheTruth,"Hardware appears to be of reasonable quality; no surface corrosion & the nuts screw onto the bolts.  Wide variety of different diameters / screw size.  However, each screw size only has one length (typically 25 mm [about 1 inch]) included.  Would have paid more for an assortment that included additional screw lengths.",Great value metric assortment,1365292800,,,,52,POSITIVE
2,True,"11 19, 2016",AEEOEQDVI97RE,B00IJ67MKI,John,Smaller than expected.,Two Stars,1479513600,,,,3,NEGATIVE
2,True,"08 9, 2017",A31Z4A7XU6OWXI,B00762JDXU,C. Hirshey,File received is triangular in shape and not flat as shown.  Will purchase a flat file locally.,Not as shown and expected.,1502236800,,,,17,NEGATIVE
5,True,"03 19, 2017",A3TKC2LJON1AIG,B010MX7YX0,psara(h),Great reusable wraps. Easy to clean,Easy to clean,1489881600,,"{'Size:': ' Jumbo', 'Color:': ' Orange'}",,6,POSITIVE
5,True,"08 11, 2013",A1GS2JKU651WX8,B005HIK6S6,J.D.,I got the extended cable because I have a larger water pipe. It worked perfectly without any problems. Delivery was fast.,worked great,1376179200,,,,21,POSITIVE
5,True,"11 6, 2015",A1X5ND1XCYWNOA,B00002ND4I,L. Scott,Works great at a good price,Nice,1446768000,,{'Size:': ' 10-14 gal'},,6,POSITIVE
5,True,"04 6, 2014",A20VNWZXUUZ8WA,B00AZBIV9Q,Sandyj,"Just got it, so don't know long-term, but it's light enough to carry around; great retractable, long hose;  long enough extension for reaching the ceiling; and plenty of suction.  Came with 4 bags.  It seems to be solidly made - we'll see, but happy for now.",Just what I wanted for cleaning ceilings and stairs,1396742400,,"{'Color:': ' Maroon', 'Style Name:': ' Vacuum Only'}",,46,POSITIVE
5,True,"02 25, 2016",ALH2Y07WA21J4,B00IG46NL2,J. Smith,You get what you pay for with calipers! These are amazing!!,Buy them you won't regret it!,1456358400,,{'Style:': ' Standard'},,11,POSITIVE
5,True,"08 14, 2013",A3ND6883TY6Y0J,B00AA5AICU,Pete M,"This is some of the first PLA I have ever worked with as I'm new to 3d printing. Other than issues related to user error or printer calibration, I haven't had any issues with this Red PLA and have indeed gotten many nice prints with it. I've used temps between 195C-230C with generally favorable results. Would buy again.",Works Nicely,1376438400,,"{'Color:': ' Red', 'Package Type:': ' Standard Packaging'}",,58,POSITIVE
5,True,"07 26, 2014",AGSSDA17O2RNU,B00B8DGB60,Donald E. Gray,"Good price, free shipping and items arrived on schedule and were as advertised.  Would buy from this company again. Thanks deg","Good price, free shipping and items arrived on schedule ...",1406332800,,,,21,POSITIVE
5,True,"01 1, 2015",A1DJ6L823NIYY3,B00BCH4WTA,MLL,Works as advertised.  Haven't had any problems. We only put water in it.,Works well,1420070400,,{'Style:': ' Professional Sprayer'},,13,POSITIVE
2,True,"03 30, 2017",A2J4KE85HHIWQN,B00QFN8VPC,paul g,The wheels roll well but the two that are made to lock do not lock at all. Very disappointed with this product because of this issue.,Wheels don't lock!,1490832000,2,,,26,NEGATIVE
2,True,"05 5, 2018",ADEZOPMPKK146,B000XKUPHU,Amazon Customer,Did not help my gums so I threw it away.,Two Stars,1525478400,,,,10,NEGATIVE
3,True,"11 5, 2016",A3MIRE9TVS4JHJ,B00KRY09NC,cbhiii,Took over 45 days to arrive. Nonsense.,Three Stars,1478304000,,,,7,NEUTRAL
2,True,"04 17, 2017",AGMB8U339SLHH,B01E7G1AU6,Amazon Customer,"did not meet my expectations, failed to stay adhered to the steps where they were installed and the tape cracked and ripped after being installed.",needs better adhesive and poor quaility,1492387200,,"{'Size:': ' 6""'}",,25,NEGATIVE
5,True,"12 13, 2012",AARD8MOY10RL9,B00S51ZR3Q,Bryan,A surprisingly hard to find item.  It is made well and allowed me to properly connect my motorcycle's fuel line.,Worked fine,1355356800,,{'Number of Items:': ' 1'},,20,POSITIVE
5,True,"05 18, 2014",A20CJ7JUGZMZTL,B00AJDZJCW,S. Mikow,"I purchased this as an insurance policy hoping that having it would ""prevent"" more ear infections, i hope you see my sarcasm.  But my son has had a few this year it it has been to nice to see before making an unnecessary trip to the doctor.  Once on antibiotics  i love being able to see that the medicine is helping or not.",Great detection tool!,1400371200,2,,,63,POSITIVE
5,True,"01 3, 2017",A319Z78DEXZV2R,B00AOCKWMU,John Stamper,"Works exactly as described. Very good construction/quality, and easy to use.","Very good construction/quality, and easy to use",1483401600,,{'Color:': ' Aluminium'},,11,POSITIVE
5,True,"06 10, 2015",A39DNV48IJB16W,B00IACITWG,Jason T.,"Things work like a charm. They (the several that i bought) can be slightly stubborn connecting to my smartthings hub, but once we got in the groove (me, the hub, and sensors) we were jamming in no time. To country. We all like country music.",Works great. Mediocre experience at pairing sensors to SmartThings,1433894400,,,,45,POSITIVE
5,True,"02 14, 2015",A324AOVH7XHPZF,B007IIZJVC,Alexey Malyutin,Thanks.,The Best,1423872000,,,,1,POSITIVE
5,True,"05 21, 2015",A3HBGCOA3AP9SK,B00F4ORTZ6,Frank Goldfarb,Product does what it is supposed to do.,Five Stars,1432166400,,{'Style:': ' Digital to Analog Converter'},,8,POSITIVE
5,True,"06 3, 2016",A35V98ULB2MDGJ,B01HH5OVC8,May Cheung,I use it for my husband's daily medicine when traveling.  Beat brings the bottles which take up my luggage room.,I use it for my husband's daily medicine when traveling ...,1464912000,,,,20,POSITIVE
2,True,"06 8, 2015",A21E185U89ZJKA,B00OS9LJ8Q,kelli hyke,2 of the 3 were broken!,Two Stars,1433721600,,,,6,NEGATIVE
5,True,"12 20, 2016",AKZHC37CFYEN7,B00DRALJ28,Steven,works great,Five Stars,1482192000,,,,2,POSITIVE
5,True,"08 15, 2016",A24QLGADLHUOBS,B008S2F3BS,Amazon Customer,Great product I keep my make up brush cleaner in it,Five Stars,1471219200,,,,11,POSITIVE
5,True,"11 8, 2016",A1TJ21Y7NTGIRE,B0044M9XRG,bill c. pistole,excellent..........,Five Stars,1478563200,,,,1,POSITIVE
5,True,"08 31, 2017",A1HRZRYJ0HX8UF,B01CW3LGXC,Louise Chavez,Perfect for lining a pattern for a party! Used them in an outfit for a Tron party stuck to the fabric very well..,Perfect for lining a pattern for a party,1504137600,,{'Size:': ' .5 in x 18 ft (SMALL)'},,23,POSITIVE
5,True,"11 22, 2017",A2HUJSLFGP4SDI,B018KZBN4I,ACE USA,"excellent product, it does not slip at all! This can save lives people! Rain, snow, etc...may be contributors to inevitable accidents. I highly recommend this product!","excellent product, it does not slip at all",1511308800,,"{'Size:': ' 6"" x 24""', 'Color:': ' Black - 80 Grit'}",,26,POSITIVE
5,True,"07 22, 2016",A26O7I0U8AW7S6,B00BYQSXPI,Lara,"Excellent meter with very bright, easy to read display.  Works with 100A 75mv shunt installed on low side (negative side) of load.  (Important note: make sure you have the shunt referenced to the negative ground side of load if you are powering the meter from the same supply as the load.  If you need to insert the shunt into the circuit other than in the load's ground-return lead, then you will need to ""float"" the meter by using an isolated battery to power the meter.)",Excellent meter with very bright display,1469145600,2,{'Size:': ' without shunt'},,85,POSITIVE
5,True,"12 27, 2016",A1ZQL75C5BN1OP,B01BONUDD0,LB,Love this!  It has good suction and gets up all the mess.  We have dogs and this is great for getting rid of their hair.  It's pretty light weight and easy to use.,Love this vacuum,1482796800,4,,,33,POSITIVE
5,True,"02 10, 2017",A9WDD9E41462V,B00S9ZINU2,Michael Spindler,"Perfect for Lougals Iodine, keep one in every cabinet in the home and camping kit for water purification.  Good quality dropper.  Some might complain about the wide threading to get the cap back on, but it has a leak proof seal and the rubber is as good as the day I bought them, after exposure.",Good quality dropper.,1486684800,,{'Size:': ' 6 Pack'},,55,POSITIVE
1,True,"01 21, 2017",A2ABAG22GR80JW,B00OAC21Y2,Regina Titak,These are awful. They get gummed up after one use.,Poor quality,1484956800,,,,10,NEGATIVE
5,True,"08 15, 2015",A3QUFN9PTY4HB7,B005EMGYOK,notslim,perfect  really happy with transaction,perfect really happy with,1439596800,,,,5,POSITIVE
4,True,"09 24, 2017",A3TUQDN7NQEFZ2,B008YA6BWE,SCOTT CHILDERS,works,Four Stars,1506211200,,"{'Color:': ' White', 'Style Name:': ' Complete Care-Older Model'}",,1,POSITIVE
5,True,"05 3, 2015",A2Z9I19GOW3O1U,B000H9M3ZY,J. Creasy,exactly what i needed.,Five Stars,1430611200,,"{'Length:': ' 12', 'Number of Items:': ' 1', 'Outside Diameter:': ' 0.625', 'Overall Length:': ' 12'}",,4,POSITIVE
5,True,"02 23, 2015",AUS66XW19BFS2,B00BMLCGF8,Randy Stringer,Excellent. Easy to wire and works like a dream.,Five Stars,1424649600,,{'Size:': ' STC-1000 110V'},,9,POSITIVE
5,True,"04 30, 2017",AAYVIJD7M3TST,B01BWKNE6I,James Morris Nachlin,"This stuff is BRIGHT.  I added it to a bike bag and it's super visible and reflective.  Also one roll is enough for several garments and bags.  It's very light, not stiff, so could be added to a shirt or pants without making them uncomfortable.",Good stuff.,1493510400,8,,,45,POSITIVE
5,True,"11 25, 2015",A1Y5Y5W0JSV1LV,B00B5HQ81W,Robert Trimble,just what I expected,Five Stars,1448409600,,,,4,POSITIVE
1,True,"11 13, 2017",A2ZX2R17VV9L60,B01GORWMAI,Nathan Robertson,"Just received my order and what I received is not as shown or described.  The pictured syringes are catheter tips whereas I was sent the much smaller tip,  regular slip tip syringes.  The price is so low that it hardly worth returning but it is frustrating to not get what you paid for.",Just received my order and what I received is not ...,1510531200,2,,,53,NEGATIVE
5,True,"01 24, 2017",A2PCY4SEWKUP6G,B0045NXLGI,Marc C Taylor,Works great,Five Stars,1485216000,,,,2,POSITIVE
3,True,"08 30, 2016",A3930TPB0BY234,B012YZE6XU,June M. Lordi,"it definitely stains my toothbrush and I assume that it also stains my teeth?  i guess I can't get over having a white paste or powder for my teeth.  Taste is fine, feels ok - just the brown color.","Taste is fine, feels ok - just the brown color",1472515200,,,,39,NEUTRAL
5,True,"09 13, 2016",A1MTR33CFLHPOV,B00J5NCVZA,Greg A.,Love this board. Have 2. Like the look of the 6 inch cable. Running optic to Denon 7.2 reciever. Very clear. Can't beat the cost.,Love this board,1473724800,,,,25,POSITIVE
5,True,"05 5, 2017",AWI1BZTDPHAKM,B00MQSCZF2,Marshall H. Edgell,"This device really works well. Initially I had an issue with the software but an immediate company response got me the correct software update.
So I am very pleased with the device and with their support. I would recommend this device to anyone who has to monitor remote temperatures. I use it to monitor temperatures in a remote observatory. I need to keep the equipment within their design temperature range and using this device I can determine if I need a space heater in the observatory.",So I am very pleased with the device and with their support,1493942400,,,,86,POSITIVE
4,True,"10 5, 2015",ARKDT70CLH4BO,B00KC5HBQY,Tiara,This is a very good product and it works great!  I recommend this product for anyone who has a Janitorial Service.,This is a very good product and it works great,1444003200,,{'Color:': ' Black'},,21,POSITIVE
5,True,"12 24, 2016",A2FY7FDKK9VDZ8,B00S02DBF6,Vladimir,"These things are legit. Heavy with an Old style look, I'm building a coffee table and these look perfect for it. The photo is my project in progress. Still needs staining..Used 4 lag bolts to mount them","8"" Wheels Review",1482537600,7,,"['https://images-na.ssl-images-amazon.com/images/I/61GPfxlr9sL._SY88.jpg', 'https://images-na.ssl-images-amazon.com/images/I/61saxoYQrXL._SY88.jpg']",37,POSITIVE
5,True,"09 22, 2009",A3AW8BSDJPA7IA,B001E767H8,S. Sanford,"No bells and whistles, just a really nice tooth-brushing experience. I hope Mentadent keeps making them.",Best-ever toothbrushes!,1253577600,,,,16,POSITIVE
5,True,"01 6, 2018",A2EKBWF37GMUCM,B00NJCCAKY,Kevin,Really like this unit - new HDTV only had optical-audio out.  And needed to connect audio to my legacy hi-fi with RCA cables.  Used some double-stick foam-tape to mount to TV - and using the included USB cable - makes power-connection a snap - especially since you have the option to not use the wall-wart and connect the USB for power direct to an unused USB on the TV itself.  The only improved could be: include some double-stick foam tape.,Excellent device to go from optical-audio out back to legacy-RCA; nice USB power options.,1515196800,,,,80,POSITIVE
5,True,"02 7, 2017",A1JB7HFWHRYHT7,B0002QZ4XK,Alex W.,They are legit Kreg screws and Kreg screws are awesome. Amazon is tough to beat on price for these bad boys.,Kreg screws for cheap!,1486425600,,,,21,POSITIVE
5,False,"04 10, 2013",A1XCP9VIJ8UX0P,B005GO5C3U,Creole Contessa,I love this toothpaste...My teeth do look a lot whiter and they feel so fresh and clean. I highly recommend it for those of you looking for a quality product that actually works.,So Fresh and So Clean Clean,1365552000,,{'Size:': ' 5.5 Ounce (Pack of 2)'},,33,POSITIVE
5,True,"06 25, 2017",A2O39YPM6Q77PT,B005FYGXUC,glen h. kojima,Works great!,Five Stars,1498348800,,,,2,POSITIVE
5,True,"05 24, 2016",AMSGHHXZM5OFJ,B001GETQAY,dogsmom,"Ordered the small for my small hands and the fit is perfect. The thickness is nice, too - protects my hands from all of those nasty things that I don't like to touch!",Good Gloves,1464048000,,,,33,POSITIVE
5,True,"06 19, 2018",A1U1U4AUMSJD9D,B00NN6B9R6,Devan,Great as expected. Highly recommended.,Must-have for any automotive electronics install.,1529366400,,,,5,POSITIVE
5,True,"12 8, 2017",A9RKIUAOUN1O1,B00JLQ70IY,Joseph Collins,just right,Five Stars,1512691200,,,,2,POSITIVE
2,True,"04 10, 2011",A217RHC3U5VGYX,B000MVZ020,Peter,These gloves are a little thin and are smaller than expected for my hand-size. Order larger than you think you need.,Not the quality I expected,1302393600,7,,,21,NEGATIVE
5,True,"05 21, 2018",AG2OWA7SHQ1CI,B00792URP0,Kim Teed,"Excellent quality probe. The 40"" length makes using it much easier. The chrome finish goes in easily and cleans up easily.",Excellent quality probe,1526860800,,,,21,POSITIVE
5,True,"03 8, 2015",A1OD81OGZFAOOL,B0055E8620,BDT,great leaning tool,Five Stars,1425772800,,,,3,POSITIVE
5,True,"04 20, 2018",A2M2WFCAMZGOM6,B000FLLTVS,Mary Jeswald,I have used this tooth powder for many years. It does a much better job of removing plaque from my teeth than any toothpaste that I have tried.,It does a much better job of removing plaque from my teeth than any ...,1524182400,,{'Flavor:': ' Mint Free'},,28,POSITIVE
5,True,"04 14, 2014",A157M3T26G5F8G,B000AV16H0,S. Woolley,these bottles are fantastic and well packed they are shipped quickly in packaging that makes sure they arrive safe.  As a artist they are grey for chemicals even acids and patinas that plastic won't hold as long as the lid isn't subjected to corrosives there great.  Also look as good as they function something rare on something as common as a storage bottle.,Fantastic bottles,1397433600,,,,63,POSITIVE
5,True,"09 9, 2017",AVCWRHJ2KIY78,B017CGDO4S,Jeff,Excellent in this price range for what I need it for.,Five Stars,1504915200,,,,11,POSITIVE
5,True,"05 2, 2016",AAOYH5WE60KDU,B00AEXKR4C,Amazon Customer,Awesome eyewear for when you like you eyes and your doing something that might hurt them,Five Stars,1462147200,,{'Size:': ' 1 Pack'},,16,POSITIVE
5,True,"02 5, 2013",A3BQWM74PYIALS,B0041PO43Y,Jesse Bean,"Oh this is awesomest tapiest fiberglass reinforced sticky plastic sheeting ever, only reason, i am writing all this BS is because Amazone makes me, but i really do love it. may as well get a shameless plug!  rccombat.com",Once you go Bi...(: A++++,1360022400,,"{'Size:': ' 4 in. x 60 yds. (96mm x 55m)', 'Color:': ' Natural'}",,38,POSITIVE
5,True,"09 26, 2015",A1CPCFI7AOJVAH,B005AWYEO6,Amazon Customer,"very good flashing, excellent adhesive, doesn't tear easily streches to fit it tight spots...this is an excellent product",good tape,1443225600,,{'Size:': ' 6 in x 75 ft'},,18,POSITIVE
5,True,"05 2, 2015",A3COUTZ7ZJWR41,B001DT5L8I,Dr Detroit,Solid footing. Much more sturdy than some I looked at the big box stores.  Easy to adjust.  Rollers are smooth and level.  I don't know why I waited so long to get one of these things.  I use it all the time as a extention for the sablesaw exit or mitre saw extention.  I will likely get another.,Fantastic!  I will be getting another.,1430524800,,,,58,POSITIVE
4,True,"05 28, 2015",A31JK7BDEVUJYY,B001CDTZYQ,Donald Krippendorf,Good product.,Four Stars,1432771200,,,,2,POSITIVE
5,True,"02 18, 2014",A1PVX61PRPVX27,B00ARBF6II,Anon,"Easy to use, the screws are a bit soft but do the job.  Fine construction for what is needed of it.  Great quality for the price.",Just what I was looking for,1392681600,,,,26,POSITIVE
5,True,"12 6, 2016",A1GEB8WLIC16OA,B0146RKJRQ,Amazon Customer,Good piece of equipment.,Five Stars,1480982400,,,,4,POSITIVE
4,True,"11 5, 2015",A2QG2W6CDJH9VG,B000J5KOIE,Timbo,"I use this for netti pot type applications although it is marketed for else ware in the human anatomy... ahem..

It works very well for that and is priced well under the neti-pot market.",Four Stars,1446681600,2,,,34,POSITIVE
5,True,"06 27, 2018",A137ATGSCQD7G4,B01CFOGN68,Gaylene M.,It is a good undersink filter. No complaints.,No complaints,1530057600,,,,8,POSITIVE
5,True,"04 3, 2015",A37ZW8EER037I5,B00I5HRFYY,S. Atkins,Can not beat the price and it functions as it should.,Five Stars,1428019200,,,,11,POSITIVE
3,True,"12 2, 2017",A11IIKIV1Z1SAN,B004SS8AMU,maureen kilcoyne,"I have purchased this Shark over the years, and always recommend them. Not any more, as they do not last long at all. I have two fairly new ones, and one of them just gave out, after less than a year. I am switching brands",and always recommend them. Not any more,1512172800,,{'Style Name:': ' Perfect Pet II'},,45,NEUTRAL
2,True,"07 7, 2016",A3SKNFJXHWNJ9V,B0057XKYLU,Olivia,Can't hear anything out of the stethoscope will be returning. I was looking forward to using this for nursing school. The color is pretty though.,Stethoscope doesn't work,1467849600,,{'Color:': ' Burgundy'},,25,NEGATIVE
5,True,"02 8, 2015",A36VGN8PKDPEFH,B001E5XR4Q,Nancy,Buy it all the time.  Am machine embroidery fanatic so keeping all my thread from tangling is great!,Am machine embroidery fanatic so keeping all my thread from tangling is great!,1423353600,,{'Size:': ' 1 Inch x 50 Feet'},,18,POSITIVE
5,True,"07 23, 2018",A1OUMW4AS3AQRF,B00MUT58Y2,Dean Law,was on time and great price,oily,1532304000,,{'Size:': ' 4-Ounces'},,6,POSITIVE
5,True,"11 23, 2017",ASKJLJHVNRB9F,B00GN4YZ9O,FlyBoy777,Great swivel! I have been using it for over a year and it still works like new.,Great quality!,1511395200,,{'Package Quantity:': ' 1'},,17,POSITIVE
5,False,"12 30, 2016",A2VFCUIN6UP8AL,B01FI2J4HY,Juan Eduardo,My air conditioner now works and this was 4 times cheaper than GE brand.,Five Stars,1483056000,,,,14,POSITIVE
5,False,"08 16, 2016",A3DZ4DKS7YBVR1,B000LNS25Q,Steve Bellaire,came as described in good time,review,1471305600,,,,6,POSITIVE
4,True,"02 14, 2017",A1VBJJQ0M08WAD,B01DXAFZ94,ux4484,"Works just fine for its intended purpose... though two of the pictures show a depth gauge, the actual product does not have one.
This is an identical product to several others on Amazon, but ships MUCH faster than the overseas shippers.",As advertised.,1487030400,4,,['https://images-na.ssl-images-amazon.com/images/I/71OJlDftR9L._SY88.jpg'],41,POSITIVE
5,True,"01 25, 2016",A3LBCFYSU66HJ6,B000FMWLR8,Myself,"They do work fine one my my k65 but i also have strafe wasd keys and it blocks the lighting slightly on the bottom of the font.
I did fix by snipping off some of the ring thickness were the lettering is with fingernail clipper.

Also as for sound this will make MX Red sound like the MX silent like on the corsair strafe RGB MX Silent keyboard.",Keys with bigger font like the corsair strafe these will interfere with lighting,1453680000,,,,68,POSITIVE
5,True,"01 12, 2013",A196RLT3J9XL1N,B001FBR9T8,Eric B,These cables are real monster brand cables. You won't find these cables any cheaper any where else. These cables give a good picture and are 3D capable.,Great cables,1357948800,,,,27,POSITIVE
5,True,"05 11, 2014",ATD8WCANFJE41,B00DS0KP36,Elise McBrien,"My teeth have never felt so clean.
Thanks Sonicare for a great toothbrush (better than the rechargeable Sonicare it replaced).
Thanks Amazon for the very fast delivery.",Terrific!,1399766400,,{'Color:': ' Orange'},,27,POSITIVE
5,True,"06 5, 2015",A3K1GXRDV0F4QU,B019HZQTTO,Colette N Nitzberg,As described!  Thank you,Five Stars,1433462400,,,,4,POSITIVE
4,True,"03 9, 2018",A2JJC8FSWP1FB4,B00DMI632G,Fratopolis,Not too bad works for what I needed to checking engine Temps. Not going to make a difference when an engine is 2 degrees off. But from an actual thermometer it's about two degrees off when checking other things,Decent product,1520553600,,{'Style Name:': ' lasergrip 1080'},,39,POSITIVE
5,True,"12 24, 2014",A2KHMEB0KF6A06,B003A3VSOG,Claudia J. Johnsen,Love my emmident,Five Stars,1419379200,,,,3,POSITIVE
5,True,"10 27, 2015",A3OXJMP7XERMFX,B000SKF9VW,JAJ** momagain,"Needed to upgrade my stethoscope after 12 yrs, I chose cardiology III, because my co-workers said this was one the best! I agree! I've had it over 1 month already, and I'm able to listen to heart tones & lungs really good with this one!! I get a lot of complements on my color!!! No Dr will be able to take off with it!",because my co-workers said this was one the best! I agree,1445904000,,,,64,POSITIVE
1,True,"01 8, 2016",A1VK7EZU6BGNRX,B0002UEPVI,M. Irving,Stinks both literally and figuratively.,Stinks,1452211200,,"{'Size:': ' Pack of 1', 'Style:': ' 3 oz.'}",,5,NEGATIVE
5,True,"05 8, 2018",A33SY9Y19TZE10,B00YFG1U9U,R&amp;J,"Great value for very high quality fluoride-coated EMT shears!  Autoclavable, of course.",Great value for very high quality fluoride-coated EMT shears!,1525737600,,{'Package Quantity:': ' 2'},,12,POSITIVE
1,True,"06 30, 2018",A35H3KIYUOZ03C,B01EA0NMUK,Jason S,"I received this belt May 11, 1018 and this is how it looks June 30, 2018. The outer wrapping is shredded and belt is split in the center.  Would give it zero stars but that's not an option. The original John Deere belt lasted many years compared to a month and a half. I have a flat 1 acre parcel that I cut once a week with this mower.",This belt won't last.,1530316800,,,['https://images-na.ssl-images-amazon.com/images/I/81f6coQzX6L._SY88.jpg'],69,NEGATIVE
5,True,"11 19, 2016",A1SQ1LD6Y9WLQ9,B0013BKDO8,Amazon Customer,"I bought this to watch the humidity in the room I store my cello in. It works extremely well, and I look at it every day. It has a min/max humidity reading. I am thinking about getting one of these for inside my cello hard case.  I have a redundant humidity meter for my whole house humidifier in Alaska, and this agrees with it.
 This impressed me enough I think I am going to buy the weather station from Costco.

I would rate it 5 star+",If you want a battery powered hygrometer..... buy it. Its Awesome.,1479513600,,{'Color:': ' Black/Silver'},,86,POSITIVE
5,True,"03 16, 2018",A2UJHHEF3WIJ4G,B00ECGTK4K,ladywolf,"Work just fine,  Roof is not leaking for now.","Work just fine, Roof is not leaking for now",1521158400,,{'Package Quantity:': ' 1'},,9,POSITIVE
5,True,"03 29, 2016",A3PT4V2J78SNPQ,B000W0TTJQ,Opal in Denver,works well,Five Stars,1459209600,,{'Size:': ' 1 Pack'},,2,POSITIVE
5,True,"01 6, 2016",A1ADTGQEETSA1G,B00E4UOKNK,MissDeb,Great quality. Perfect fit.,Five Stars,1452038400,,{'Size:': ' Pack of 1'},,4,POSITIVE
5,True,"10 28, 2014",AV658LA17N0SI,B004Y4Z7NS,MJA,Excellent for tailgates!,Five Stars,1414454400,,,,3,POSITIVE
4,True,"03 6, 2017",A3K77QK379KGQA,B00K4SGCUU,Manuel L. Brown,The digital Thermometer works just fine with my humidor. Seems accurate when I compared it with another.,Works Great,1488758400,,{'Size Name:': ' ITH-10'},,17,POSITIVE
1,True,"03 6, 2017",A2IFO18HL04X0E,B00EPQ33R2,Reno,My magnet tells me this is not Stainless Steel.,One Star,1488758400,,,,9,NEGATIVE
5,True,"10 25, 2016",A3EZOQSDU840DB,B01BO4HAIK,Mickey,Love it,Five Stars,1477353600,,{'Color:': ' Matte Brown'},,2,POSITIVE
2,True,"07 10, 2016",ANRS4TJTX11R8,B0013BKDO8,Mark Bosko,"Worked well for a few months then nothing.  A new battery did not help, had to toss.",Two Stars,1468108800,,{'Color:': ' Black/Silver'},,17,NEGATIVE
5,True,"12 6, 2014",A2N0QJXV9XEARL,B0009GZNJI,Dan in Milford,Good choice as a replacement for the original. Very satisfied.,Five Stars,1417824000,,,,10,POSITIVE
5,True,"08 28, 2017",A2ZGFFIRGXU0H6,B00WLIQHQ0,M Gulla,"I use this product daily.  Pros:  sturdy, have graduated ml markings, for painting easy clean up.  Cons: they don't clean themselves.  I would definitely purchase this product again.",Good quality pipettes,1503878400,,,,28,POSITIVE
4,True,"01 20, 2014",A1UCYGUDEINAFH,B000IZE7WE,rezlef,"Good otoscope set. Bright light, easy to see into the ear canal. Very professional instrument. I would recommend to anyone who wants a top notch otoscope.",One of the best for the price.,1390176000,,,,26,POSITIVE
5,True,"08 29, 2015",A2N4SRB5DRS1XY,B003TEA6Y4,Sharong812,Really holds 3 normal size badges.,Good value.,1440806400,,{'Size:': ' 1 Pack'},,6,POSITIVE
4,True,"02 22, 2016",A1FPOWALJ440G6,B00L8HEXA2,Patrick Kim,"Great, well constructed broom.  The bristles were a little stiffer than I anticipated, but it works great in my woodshop.","Great, well constructed broom",1456099200,,,,20,POSITIVE
5,True,"08 27, 2014",A1078R4265NWP5,B003AO3E9W,Janice Cordeiro,Works perfectly. Gets the job done.,Great shrink wrap bags,1409097600,,,,6,POSITIVE
4,True,"09 14, 2017",A1VTO0G8GV3X98,B008YA6BWE,Laura by the Sea,"What a great product! I took away one star because the water pic does not have a strong force with some attachments. But, overall, great selection of attachments (although I use mostly only one) and the toothbrush is great! My dentist noticed an improvement in my overall dental health since using this product.",My dentist saw improvement,1505347200,,"{'Color:': ' White', 'Style Name:': ' Complete Care-Older Model'}",,53,POSITIVE
5,True,"08 27, 2014",A2AT07R6SOVA14,B006Y1OWKS,Garrett Billian,"Great caliper for the price, very accurate for brake measurements. I'd say my only gripe is the arms are a bit on the thick side so sometimes i have to bend backing plates to take measurements on the fly. No big deal, most if not all similar products on the market are like this. Would definitely recommend to others that need a solid tool that requires daily use.",Very satisfied,1409097600,,,,68,POSITIVE
5,False,"04 11, 2015",A3G63T2MNBYFT3,B00JKV1FWM,Lauren,Simple to use and works great.  I wish I would have bought it sooner.,Simple to use and works great. I wish I would have bought it sooner,1428710400,,,,14,POSITIVE
5,True,"11 11, 2016",AM602MYMWKRAJ,B01DLIRW8K,Kitty,I like them. They are very good bags.  Will order more without the sealer.,Five Stars,1478822400,,"{'Size:': ' Combo Pack: 100 each of 6x9, 8x10, 9x12, 11x14', 'Color:': ' Clear with Extra Strong Glue (Not Resealable)'}",,14,POSITIVE
5,True,"08 11, 2014",A28LQUUFG0ANBY,B000R939EI,Chris R.,Great idea.  Works perfectly.,Great idea. Works perfectly,1407715200,,{'Package Quantity:': ' 1'},,4,POSITIVE
5,True,"02 27, 2017",A2ECI8CVKH5YQ2,B01D0HA3LK,Amazon Customer,great price fast shipping work great,Five Stars,1488153600,,{'Pattern:': ' 40 Grit'},,6,POSITIVE
5,True,"03 26, 2017",A3SF1RV7BX0WN7,B0037MOAQS,Mark Steely,worked very well! blew through wood fast,Five Stars,1490486400,,"{'Size:': ' 1/8"" Shaft - Head Diameter 3/8"" x Head Length 3/8""', 'Material:': ' Original - Coarse'}",,7,POSITIVE
3,True,"05 9, 2016",A36D2DQXJAQQA9,B00B95QWQ6,PAXpress,Didn't realize this was threaded otherwise good quality. A bit stiff to turn.,Three Stars,1462752000,,,,13,NEUTRAL
4,False,"11 13, 2014",A2ZGR2QKABAOEC,B00LHVPHKO,Smackabee,"Not shiny like the picture, but is what I needed.  I am using it for science experiments with kids, so I don't have any experiance with it as a bearing.",Good ball,1415836800,4,,,30,POSITIVE
5,False,"02 4, 2016",ABJ5P7KO50UPU,B0125F5BVU,Amazon Customer,"These work great for holding our departments vehicle keys on a magnetic board we have for quick use.  We have certain vehicles that the keys need to be available on a short notice and these magnets make the keys easy to find and holds them securely.  These sure do beat the plastic
ones we use to have for this.  The plastic ones use to slide down the board and these stay in place!",Strong and Good Looking!,1454544000,,{'Size:': ' 9 Pound'},,73,POSITIVE
5,True,"03 19, 2016",A7Y7EQ97AAXTT,B008HQK69E,BRAVES FAN,GREAT PRODUCT,Five Stars,1458345600,,,,2,POSITIVE
5,True,"11 2, 2017",A39PQC1ZU3EU9F,B00BY9JF7K,Aaron J. Moyer,I love it because it was easy to install and it fixed the problem!,It's a good thing,1509580800,,,,14,POSITIVE
5,True,"12 20, 2017",ABE55U03MC5YI,B00J91EPP2,Desert Lambs,Kids love this stuff,Five Stars,1513728000,,{'Size:': ' 3 Pack'},,4,POSITIVE
1,True,"10 3, 2016",A1J4QME7L1765,B00YM41LMG,Amazon Customer,worst quality ever !,worst quality ever !,1475452800,,,,4,NEGATIVE
3,True,"10 21, 2017",A2DO4NL1IDWZFH,B016R9E7J2,runyogabeer,"So nothing is sticking to the actual plate. I will try the painters tape solution to see if it works, but not happy about that.

Also, finding I have to print one piece at a time. I'll try a different filament instead of the PLA that came inside of the box. Fingers crossed.",Things aren't sticking to print correctly :/,1508544000,,,,53,NEUTRAL
5,True,"09 9, 2016",A261Y6G8NDNIL,B00847CDIS,Veronica,"Best toothpaste. Tried other alternative brands, but they were terrible. If you are switching from the Colgate world to this, it might be weird at first, but you will realize that it cleans better and doesn't have harmful ingredients like fluoride in it. Works great with the Braun's Oral B rechargeable toothbrush.",Best toothpaste,1473379200,,{'Scent Name:': ' Original Toothpaste'},,52,POSITIVE
5,True,"08 7, 2017",AFJ5M7ECM5EK8,B01C61RQS4,B. Watters,as described and works great,Five Stars,1502064000,,,,5,POSITIVE
1,True,"03 18, 2017",AEW0T0UZQYC40,B0074BJH9I,Kindle Customer,"You get what you pay for, keep your money on this one.",One Star,1489795200,,,,12,NEGATIVE
5,True,"02 18, 2016",AG0YPKYVMMFPV,B000EJ332O,Goliath626,"Superior tester, works great extremely useful. Cant go wrong with fluke",Five Stars,1455753600,,"{'Size:': ' 2AC, 90-1000V'}",,11,POSITIVE
5,True,"02 12, 2015",A4J4I44HSVMFW,B00AHH36ZC,Vicky,My daughter has a brain injury and her balance is really bad now. I have an alarm on her bed to let me know when she's getting up. I love it so much that I bought a second one to have on couch to let me know when she's getting up. They give me peace of mind and now I am able to sleep a little better knowing I will hear her get up. I would recommend it to anyone.,... has a brain injury and her balance is really bad now. I have an alarm on her bed ...,1423699200,6,,,80,POSITIVE
5,True,"02 19, 2016",ASSKHC1EXLLQU,B00C2B7AH6,Adrian,"High quality durable construction.
I use these instead of the stupid ""kids at play"" flag men at the end of my driveway.
Drivers are more likely to respond to traffic cones and slow down then some random plastic creature with a flag","I use these instead of the stupid ""kids at play"" flag men at the end of ...",1455840000,,,,42,POSITIVE
5,True,"08 6, 2016",A2FM1RZFKK2XVB,B010CUXFD6,Bob,No problems,Better and cheaper than local big box stores,1470441600,,{'Size Name:': ' 1/4 Hex Nuts'},,2,POSITIVE
1,True,"03 16, 2018",ADSI99038FKIK,B00XLJYU7Q,Sissy,I don't like that I cannot get this stuff out from under the tooth once the acrylic is set.,One Star,1521158400,,,,19,NEGATIVE
5,True,"03 28, 2013",A2F896CJC33F5L,B000IN1B8E,Anthony D. Salyer,This worked great for my soldering job on the model railroad layout I am building. I used this on the track sections and plan on using it make connections in the wiring for the layout.,Learning,1364428800,3,,,35,POSITIVE
2,True,"03 29, 2018",A16389A28XC60I,B0087UYFKG,Michael B.,Inaccurate after less than a month. I have requested an exchange.,Not accurate,1522281600,,,,11,NEGATIVE
5,True,"12 28, 2016",A1IUBAS9YPBG2M,B00Q1KTX9C,Beth Andrews,Great,Five Stars,1482883200,,,,1,POSITIVE
5,True,"05 20, 2018",A11YNMEO118P3D,B001HRMJ54,Simplyabetteryou,This is the best that money can buy. Love Littmann,Perfect,1526774400,,"{'Color:': ' Lavender Tube', 'Style:': ' Machined Stainless Steel Chestpiece'}",,10,POSITIVE
2,True,"06 12, 2017",A1LML746ZFGW14,B01BV41U7K,Mary,Had to return it. Was not powerful enough for what I wanted.,Returned,1497225600,,{'Size Name:': ' 6 Quart Single'},,12,NEGATIVE
3,True,"03 5, 2016",AM3PEWJLRWSQF,B00KHC62HQ,Sheriff Dave,Not compatible with meter leads I use,Three Stars,1457136000,,,,7,NEUTRAL
5,True,"10 13, 2014",A1YZH2MQU4DBWK,B00K95VU8C,Barbara E Beckmann,really very nice piece!!,Five Stars,1413158400,,,,4,POSITIVE
5,True,"09 10, 2016",A2R443QT3N1WNN,B007OXK2L8,Chemically Dependant,Worked great for my camper,Perfect,1473465600,,,,5,POSITIVE
5,True,"09 6, 2016",A2Z1ZZZ2OW4FST,B00X4N3SLI,Mark1190,I use this to lubricate rails on the refrigerator storage drawers. Just the ticket.,Simple Solution,1473120000,,{'Color:': ' White'},,14,POSITIVE
5,True,"09 17, 2015",AEUKFD6DOKQ7M,B000EJ332O,Big Sco,works as designed....,Five Stars,1442448000,,"{'Size:': ' 1AC-A1-II, 90-1000V'}",,3,POSITIVE
5,True,"04 2, 2018",A26NTQQ18643XJ,B0006HX1HG,Step Lively,works well,works well.,1522627200,,"{'Size:': ' 54.6 Yards/Roll (4 Rolls)', 'Color:': ' Clear'}",,2,POSITIVE
2,True,"01 15, 2018",A2ZA8M2WMGITQ5,B000RAWD4E,Andrew Martin,"Im sure the staples are fine, but the box was ripped open and the staples were loose in the bag.","Im sure the staples are fine, but the box was ripped open and the ...",1515974400,,{'Size Name:': ' 1/2-Inch'},,20,NEGATIVE
5,True,"08 20, 2017",A1T7HPAM7H7VMJ,B005NJW3CQ,Amazon Customer,nice and convenient hand wipe when I  got out. I also use it to wipe down tacky restaurant tables.,nice and convenient hand wipe when I got out,1503187200,,{'Size:': ' PACK'},,19,POSITIVE
5,True,"07 4, 2017",A1XQVV72NW7HPO,B01E1XN71A,Austin Conrad,Fast shipping and the color looks amazing!!,Fast shipping and the color looks amazing!!,1499126400,,,,7,POSITIVE
5,True,"08 24, 2015",AVUDJFSSP06Y9,B00TEPYBOS,Shotzee,Great service. Great product. I couldn't be happier!,Five Stars,1440374400,,{'Size:': ' 40 Inch'},,8,POSITIVE
4,False,"10 30, 2017",A2HWIRX41BTXG6,B01F7K91HU,Rachel,"No caps on the sharp tools, very difficult to get out of the case.  Good quality though, very useful.",Good quality though,1509321600,,,,19,POSITIVE
5,True,"02 23, 2017",ARO5901ZITNYH,B008ELGY6Q,Pony,I am very pleased with this purchase .,Five Stars,1487808000,,"{'Size:': ' 24"" W x 1000\' L', 'Style:': ' Heavy Duty'}",,8,POSITIVE
5,True,"11 15, 2015",A2O40C3E2Y8FX9,B0046HAB1G,David T.,Worked great!,Five Stars,1447545600,,{'Size:': ' 1.5 Inch'},,2,POSITIVE
4,True,"06 6, 2017",AFVN5TP54Y4MF,B000UUX7VO,carol,this will come in handy when our son moves,Four Stars,1496707200,,,,9,POSITIVE
5,True,"08 14, 2016",AL6TWJ9JRQ1QY,B01E6RJ6WK,Fixer,Everything as described. No complaints.,Five Stars,1471132800,,,,5,POSITIVE
2,True,"04 15, 2017",A2G7BN4OTZYU42,B009VSFZDO,P.J.,"Only received 50 cups & lids, not 100 as advertised.",Half of order received,1492214400,,"{'Size:': ' 2 Ounce', 'Color:': ' Package of 100 Cups With Lids'}",,10,NEGATIVE
4,True,"06 24, 2018",A2T2J612S61YJ7,B007Y7ICE8,JSB,Easy to apply. Very visible.,Four Stars,1529798400,,"{'Size:': ' 5 yards length,1 inches width', 'Style:': ' Converted from 3M 3272'}",,5,POSITIVE
5,True,"03 17, 2016",A21UMA8O8S5PPJ,B01358RTUC,Blayne Cannon,"Perfect for intended purpose; creating a custom size/fit false bottom for my unique mash tun.  Great quality stainless, perfect size/spaced holes and sturdy enough for intended use.  Best price found for somewhat hard to find item, packing was very adequate, and shipping was very reasonable as well.",Perfect for Custom Made False Bottom for Mash Tun,1458172800,,,,47,POSITIVE
5,True,"06 8, 2017",A1R56PQC30LJBQ,B00CLCIN54,Skipper,"was great for a replacement pad
received quickly when needed",Five Stars,1496880000,,,,10,POSITIVE
5,True,"07 21, 2017",A2VD7AMTEL25A7,B01H0IZ7NY,S.K. Smith the 3rd,"To me 5/16"" ammo fo slingshots is the very best to carry. The size is large enough to take down small game in a survival situation yet still giving you optimal velocity do to size and weight. This size is also small enough to be used in the slingshots that have trouble launching the heavier 3/8"" or if you use the double 00 buck lead shot (which is .330"") and 3/8"" is  .375. This is an excellent deal on 5/16 shot.",The best shot...,1500595200,,,,81,POSITIVE
5,True,"09 21, 2017",A1Y28DW8OA3L0H,B000EJ332O,Fred,Works well and made well,Fluke is the best brand,1505952000,,"{'Size:': ' 1AC-A1-II, 90-1000V'}",,5,POSITIVE
5,True,"07 25, 2014",A3O5I7E0UQQHBO,B0016H12KS,lanceisenberg,A+,Five Stars,1406246400,,,,1,POSITIVE
5,True,"09 20, 2017",AKDQ9O7LGM15,B00D04BXX6,Chris,Great item but I accidently ordered the wrong type but Hubby just needed to get a t- connection and it's works just great. Make sure if you need the f connection you will need to buy the t to connect to the water hose,Great,1505865600,,,,44,POSITIVE
1,True,"03 19, 2016",A29E55SY0VTAC4,B00E1Q4TUG,Barry Yeslow,Didn't fit. Wanted to long to try to return it. Not eligible to return after 30 days,One Star,1458345600,,{'Number of Items:': ' 1'},,17,NEGATIVE
5,True,"03 24, 2017",A2Y4UEXMQFHD1I,B013DZB6CO,J. Cox,This switches are just right for low power projects,Low Power Switches,1490313600,,,,9,POSITIVE
5,True,"08 27, 2017",A3LB4IQPDFJN7X,B00P1RU8PY,Michele,Great product! You gotta work fast or else it sets up on you.,Five Stars,1503792000,,,,13,POSITIVE
5,True,"08 22, 2016",A1R0US3UHBCIS,B00EUKHACW,sarah geist,I love this vacuum so much I've had it probably over a year now and still strong as ever!,Love love love,1471824000,,{'Size:': ' HV302'},,19,POSITIVE
4,True,"09 3, 2014",A3IZA9R0KBAG1H,B005Z4QUOQ,nadine,They worked out well,Four Stars,1409702400,,{'Style:': ' 1 Compartment'},,4,POSITIVE
5,True,"02 9, 2014",AQUL52ELGBPA0,B008VGVCIO,inouyet,I was looking for these at an affordable price. It has met my expectations. Works flawless. Great product. will buy more in the future.,Quick delivery!,1391904000,,,,24,POSITIVE
5,True,"03 8, 2017",ABOBA0P82K5A6,B00PF012Y8,HouseDoc,Used for different application. Did a great job.,Did a great job.,1488931200,,,,8,POSITIVE
5,True,"03 8, 2018",A2BCETKQ64E3T0,B007J21L0A,Flip-Flop Hourglass,Best stuff since sliced bread!!!,Five Stars,1520467200,,{'Size:': ' 24X48'},,5,POSITIVE
5,True,"12 28, 2017",A2PCGR89CICTRX,B001L4JRDU,AH,"It xows what it is designed to do. I purchased this because  I live approx. 20 to 30 minute drive from the best pizza shop in town, depending on the traffic. This jept my pizza warm for at least 90 minutes. It's worth the price for hot pizza.",Does Its Job!,1514419200,,"{'Size:': ' Large', 'Style:': ' Pizza'}",,48,POSITIVE
5,True,"07 15, 2017",A3ODNGNJWO8YNO,B01DPS3ZBE,dan,Awesome price for a quality product,Must buy!! Good stuff,1500076800,,{'Size:': ' 125pcs'},,6,POSITIVE
5,True,"02 17, 2014",A26CV5HK180XBP,B00F4ORTZ6,Dave,Does all i needed and more.  No issues. I would recommend this product. It's great they included cables and a power supply.,Just what i needed,1392595200,,{'Style:': ' Premium Digital to Analog Converter'},,22,POSITIVE
5,True,"05 10, 2016",A3AOCVRBNZNMQH,B01BRMGIHS,Amazon Customer,Awesome will buy again,Five Stars,1462838400,,,,4,POSITIVE
5,True,"01 27, 2016",A1CV8YL1V9II9X,B0002E1I6Y,Amazon Customer,Love It And Great Tool For Me Plus The Right Price. Amazing!!!!,Awesome Cart,1453852800,,{'Style:': ' R8RT'},,12,POSITIVE
5,True,"07 20, 2013",A3HZ3T15Y350IN,B000OWAYVY,Jay,This glue in the little vials is ust perfect for the small job. It took a little longer to set than I expected but it held the pieses together great.,What I wanted,1374278400,,{'Size:': ' 5 PCS'},,30,POSITIVE
5,True,"07 16, 2016",AGB47GNU4X7GQ,B00NYWABAA,Leader of the free world,"I bought it as a gift for someone special that loved it!  I was pleased with it as well,",Great gadget,1468627200,,"{'Size:': ' Compact', 'Style:': ' iOS-Apple'}",,19,POSITIVE
5,True,"01 25, 2015",A2WCRCAHM1DIFR,B008MI4116,EducatorandMother,My son is a huge dolphins fan and makes duct tape wallets. He was thrilled with this for a gift.,My son is a huge dolphins fan and makes duct ...,1422144000,,{'Color:': ' Miami Dolphins'},,20,POSITIVE
4,True,"06 12, 2014",A1SNIM5E6AMCRR,B003ZATW42,Geoff MacNeil,Only reason I gave a 4 star is that the trigger nozzle doesn't fully close to stop liquid from spraying. When they are in my bag the trigger some times gets pushed which leaves whatever chemical in the bottle coming out and getting other things in my bag wet. Other than that the triggers give perfect spray patterns. Just wish they fully closed.,Great Bottles,1402531200,,"{'Size:': ' 16ounce(3pack)', 'Color:': ' clear'}",,63,POSITIVE
5,True,"02 4, 2015",A1N3EYOW4QRMM1,B00LVPDBA4,Olivia,very good,Five Stars,1423008000,,,,2,POSITIVE
5,True,"03 6, 2018",A1X1H6EBYVYLML,B00WDP5QS6,deb,I am very satisfied with purchasing this product. It is the perfect size for purpose I am using it for.,I am very satisfied with purchasing this product,1520294400,,{'Size:': ' 1.5 oz.'},,20,POSITIVE
1,True,"01 27, 2018",AHFYWSXVN8QTY,B009GGUIK6,Ann Marie Winston,The pack we received were expired. And they smell like salt and vinegar chips.,And they smell like salt and vinegar chips,1517011200,6,{'Size:': ' 10 Count'},,14,NEGATIVE
1,False,"07 13, 2017",A167SIWMPMXPWA,B000093L55,Amazon Customer,Save your money. poor design.,poor design.,1499904000,,"{'Size:': ' 2 Rolls', 'Style:': ' Dispenser Included'}",,5,NEGATIVE
5,True,"12 13, 2016",A2JR18WOZSUX59,B007Y8UX80,Shelly,I'm very happy with this product,Five Stars,1481587200,,{'Number of Items:': ' 6'},,6,POSITIVE
5,True,"01 31, 2013",A2V35C2RC6X4YD,B000W22Z5Y,Amazon Customer,this stethoscope has better acoustics than my littman cardio that I replaced. I would highly reccommend this stethoscope to anyone in the health care field.,Great Acoustics,1359590400,,,,25,POSITIVE
5,True,"07 21, 2018",A2FP42282ZWRAV,B00ZDI3L00,Branwynmars,Works great with my stethoscope. Nice and soft. Would purchase again.,Nice and soft.,1532131200,,,,11,POSITIVE
5,True,"08 30, 2015",A3KU0O6B1WW14G,B000Q74GV6,seajay,a gift,Five Stars,1440892800,,,,2,POSITIVE
5,True,"05 1, 2016",A2GAHIZ331C9ND,B01ANY2BVS,Cat,Fantastic product! I was looking for something to put on my sons swing set ladder and this was more than perfect! Highly recommend! Sticks excellent. This stuff is not coming off!,Great product!,1462060800,,,,31,POSITIVE
5,True,"04 5, 2018",A384R470RTOWKB,B00LV0S4H4,Franky Lynn,"I returned this collet holder tool because I needed a 40mm one.  There is nothing wrong with this 25mm chuck, so I bought the 40mm version of this Bolton Morse Taper Tool Holder and I love it!",I bought the 40mm version of this Bolton Morse Taper Tool Holder and I love it!,1522886400,,,,37,POSITIVE
5,True,"01 11, 2016",A2L6WYW1TD4SA4,B00XWSVRCW,Barbara,JUST GREAT FOR SENSATIVE TEETH.,Five Stars,1452470400,,,,5,POSITIVE
5,True,"12 15, 2015",A3DVI7R3XOEE88,B00O542WDK,Steven Soong,"As described, and well packaged.",Five Stars,1450137600,,,,5,POSITIVE
5,True,"12 7, 2016",AOKU5G5NTVV4E,B018RSRSMO,Ang Marie,These were the right fit for a used Proscan tv I purchased and was having a difficult time mounting to my wall. The product was as described and arrived quickly. Thanks,"As described,  good fit",1481068800,,,,31,POSITIVE
5,True,"08 21, 2017",A2OSPTMI43F09S,B017BKZG0A,Benjo,"Better than I thought , awesome",Better than expected,1503273600,,,,6,POSITIVE
1,True,"04 10, 2016",A3KDBCSANTCB2W,B015SMFFV8,Nick,"Junk, worked for about 5 minutes before it would intermittently lose connection and power.",One Star,1460246400,,,,14,NEGATIVE
5,True,"12 13, 2016",A35O6MVO4Y0JM4,B00AZBIV9Q,K. Sullivan,great price!,Five Stars,1481587200,,"{'Color:': ' Maroon', 'Style Name:': ' Vacuum Only'}",,2,POSITIVE
3,True,"04 3, 2018",A1KTVF9VRY2QUD,B0056HNRPW,PEI DOU WU,"Well, I like the Kit, but the case is too delicate, should be the case have to be strong for work, and the Punch tool should be the new kind of the punch down tools with sensor and cutting stuff and the J tools and a blade tools to push off the Riel. But anything else are fine.
Can be much better on the case quality..",I like the Kit,1522713600,,{'Style:': ' 130-piece'},,66,NEUTRAL
5,True,"03 2, 2015",A11QWYNWE8T7EZ,B005KMDV9A,MaggieS,The best vacuum I have ever purchased!!!!! I have 2 dogs and a cat and it really picks up the hair,The best vacuum I have ever purchased,1425254400,,,,21,POSITIVE
5,True,"06 27, 2015",AACARGGYZPQVN,B001XUMBIA,Andy M.,As advertised,Five Stars,1435363200,,{'Style:': ' .75 Ounce'},,2,POSITIVE
5,True,"12 20, 2015",AZLGLB6E1VU7H,B00EQEY1UG,easier,"you really need this, always get someone who wants to lean over the fence to pet them, tho they know to stay way back from the fence.
You can tell someone the fence is ""hot' and they just seem to have to touch it.  At least they are warned. ;-)","you really need this, always get someone who wants ...",1450569600,,{'Size:': ' 3 Signs'},,50,POSITIVE
3,True,"12 12, 2015",AY8KM3J9EDOZZ,B00IYFNXR0,Mark Young,"Shiny covering, but normal grey magnet inside and visible underneath. NOT neodynium.",Three Stars,1449878400,,{'Size Name:': ' 1- (Pack of 6)'},,12,NEUTRAL
5,True,"03 23, 2016",AA634Y6JO6BJW,B0017U6H36,C. Qu,It's a solid well made funnel. The problem is that the diameter is 19mm not 16mm as advertised on the page. Beware! Had to request a refund.,It's a solid well made funnel. The problem is ...,1458691200,,,,27,POSITIVE
3,True,"12 11, 2015",A10AAQL1MDKGE0,B00FUA5C8K,No Way Jose,Good insurance,Three Stars,1449792000,,,,2,NEUTRAL
5,False,"02 8, 2018",A20ED34MOYGN2M,B00207ALYQ,Joe,"This is a replacement for Atlas Copco backup alarms
They work great and the price is way better.",GOOD FOR ATLAS COPCO RIGS,1518048000,,,,18,POSITIVE
5,True,"11 11, 2017",A2OO0TBN3MK46T,B00839SX9A,Drew,"I first saw this used on my hospice patients, I'm a hospice RN. They loved it.  I decided to try it while dry camping. (Have to bring your own water).  I use it on my whole body then wipe with a damp cloth.  If we have minimal water I saturate my long hair and just towel it dry.  If we have extra water I will rinse with only a cup or two of water.  My hair looks great when dry.",Great cleanser and smells good too,1510358400,,"{'Size:': ' 8 oz,12 Each / Case'}",,80,POSITIVE
5,True,"04 9, 2015",A1YII575S4Z24R,B00AZBIZTW,Jill Anderson,"When I pulled it out of the package, my boyfriend gave a huge groan.  Assembly? Ugh.  However, it was super easy, and within ten minutes we were cleaning the apartment.  All I can say is grooooss.  I had no idea our carpets were so gross, but I am so glad we got this vacuum!  It picked up an obscene amount, but was still easy to empty!  We have a cat and a large dog, but this vacuum has done more than I expected.  Couldn't be happier!","it was super easy, and within ten minutes we were cleaning ...",1428537600,,"{'Color:': ' Purple', 'Style Name:': ' Vacuum Only'}",,86,POSITIVE
5,True,"06 15, 2017",A59ANI2WRK8KF,B001CCYDL2,Amazon Customer,Very satisfied.,Five Stars,1497484800,,,,2,POSITIVE
5,True,"02 6, 2016",A3GVJ88EHS08RZ,B005HQ4T6I,BlueBellBlue,Worked perfectly for wiring my car stereo. Super easy to use and feel secure.,Super easy to use and feel secure,1454716800,,{'Package Type:': ' Standard Packaging'},,14,POSITIVE
5,True,"04 25, 2012",A2RNQ6GZV5IZY4,B001SAW5NQ,Dino Trakakis,"Guess the name says it all. Over the past 7 years we've tried many GFCF pancake mixes, and this one is by far the best, of the best.",Awesome,1335312000,,,,28,POSITIVE
2,True,"04 14, 2016",A2CTYGD3L5OXIR,B000ITD3RA,toni fox,Product went out after a couple of uses. it didn't even work with new batteries. Short Lived,Not What You Think,1460592000,,,,17,NEGATIVE
5,True,"03 26, 2017",A3L78D40YJBPO6,B001DPSST6,Crystal Greenway,they do the job,Five Stars,1490486400,,,,4,POSITIVE
2,True,"08 8, 2018",A1J9SPKN17X021,B00WTHLR0E,Jerry Purdon,"The bottle was exactly what I needed, but the siphon tube split at the attachment within 6 weeks of purchase. It was too late to return it, but it does not work correctly. Tried tape to close the split, but alcohol is kept in the bottle, so the tape does not last. Really disappointed.",Siphon split within 6 weeks of purchase,1533686400,,{'Size:': ' 250ml / 8oz / 1 Bottle'},['https://images-na.ssl-images-amazon.com/images/I/41nwb9Ffx7L._SY88.jpg'],54,NEGATIVE
5,True,"02 16, 2015",A1BNLXZ22RXUQ0,B0010AQVIE,S. Cornett,I used this on my wheels and it looks great. I made a guide by slitting a piece of cardboard to keep the tape evenly spaced to the edge of the rim.,Nice for wheels,1424044800,12,"{'Size:': ' 1/8 in. x 40 ft.', 'Color:': ' Tomato Red'}",['https://images-na.ssl-images-amazon.com/images/I/61WEhWK7NVL._SY88.jpg'],32,POSITIVE
4,True,"12 24, 2017",ABV6OR5IZLT7P,B00YFG1U9U,Alexey,"Like how the scissors look and feel. I'm not a medic, bought for a household needs. They're perfect for cutting thru plastic packing. Will take a moment to update a review after some time.",Like how the scissors look and feel,1514073600,,{'Package Quantity:': ' 1'},,34,POSITIVE
5,True,"06 16, 2018",AWYL3G94S2VIW,B01FQP0QBQ,Big T,"very good works well, will order more...",Five Stars,1529107200,,{'Size:': ' 280 feet'},,7,POSITIVE
5,True,"05 5, 2017",AWK50QMFAG1BB,B005V9UU0A,Chris,Nice,Five Stars,1493942400,,{'Package Type:': ' Standard Packaging'},,1,POSITIVE
5,False,"07 15, 2016",ASQ85LWW6UUMF,B003WRMO5W,Amazon Customer,Love The Rug!!!!,Five Stars,1468540800,,"{'Size:': "" 3' Width x 5' Length"", 'Color:': ' Black'}",,3,POSITIVE
5,True,"04 26, 2017",A3JJ74ULPXZDEN,B017C1757A,Rob,Good bags,Five Stars,1493164800,,,,2,POSITIVE
5,True,"09 19, 2017",A2N9BWZX4HFPI0,B01BDL4NKM,christopher hamel,"Does its job well seems much more sturdy than plain brass, but only time will tell!",Five Stars,1505779200,,,,16,POSITIVE
5,True,"07 22, 2018",A17W1GAREJD5OL,B01E5E5IY4,Bob T. Duck,Works great to prevent spurious RFI.,Five Stars,1532217600,,,,6,POSITIVE
4,True,"07 5, 2017",A2OIP2GBNY1NXP,B00ME7CV7C,Lynn,"So far it has been working/feeding very well. I haven't had problems with the prints because of the material so far and it doesn't gum up the machine. It also seems like there is a lot on the roll, I had to set up an external way to feed it since it doesn't quite fit right in the indents of the machine. I don't really mind that and it doesn't negatively affect anything.",Works well,1499212800,8,,,73,POSITIVE
5,True,"06 9, 2015",A2IYBO0Z1K8O3E,B0050HGZC0,Leon Vincent,It is so good for summer. Strong enough for heat and cold. The material is great.,Five Stars,1433808000,,,,16,POSITIVE
1,True,"07 20, 2016",A38GUNILM4QFKM,B00BY9JDFE,G.A.C,"Very happy received from them fast shipping. Replace into my HAVC on March 22, 2016 and work great! However, purchased two at same time and today July 20, 2016. One of them is defective and my HAVC isn't running and it's 100 degree in Southern California. Replace the second one, still doesn't work...I have to borrow one and uninstall from my neighbor's HAVC (Original) capacitor (He has two capacitor) and make my HAVC works....terrible product.",Very happy received from them fast shipping,1468972800,,,,75,NEGATIVE
5,True,"10 3, 2015",A1ZEMWSVC1QV73,B00DXPQIFU,Eamon M.,DANK,Five Stars,1443830400,,"{'Size:': ' 3 ml', 'Style:': ' Pack of 10'}",,1,POSITIVE
3,True,"10 2, 2017",A31LIF6NEP7U8Y,B016CIGRE6,Mary Leonard,"Tables are sturdy but came with dents, scratches and water rings on them that I can't seem to get off.  They look almost like they were used.",Used?,1506902400,,{'Size:': ' 72 in Long x 24 in Deep'},,27,NEUTRAL
1,True,"11 21, 2015",A2W7SAVQDVMMFQ,B00DFGOSTA,Amazon Customer,"I have bought this product as new but it looks second hand. The probes had coupling agent when I received the flow meter, beside of this when I tested the flow meter the results were not stable (flow readings varied so I found it unreliable) when reading the flow of our main pipe.",Unreliable readings and second hand,1448064000,,,,53,NEGATIVE
5,True,"07 26, 2013",A3UFITGQKWXTLP,B0002T6L5M,C. Caseboldt,I love this thing! It fits in your pocket and has a little clip even on the cap. Ever since I told friends and family about it I've taken it with me around to their homes showing how potentially contaminated their water is. I used it to test a Reverse Osmosis system I just bought and installed. Before the RO system my water was 110 PPM according to this and afterwards it was 5 PPM.,Great inexpensive way to test your water,1374796800,,,,75,POSITIVE
5,True,"10 3, 2015",A3HGHTCFDUNGZR,B00LK51PDK,The Wood Man,"What can you say about the DIY tool of the decade.  II have used this one and the previous model on just about everything you can think of.  Never lets me down, and they are coming up with new and different blades all the time.  I pack this where ever I go.  And the case is ideal.  Holds the tool and has room for the blades you will be taking with you.  Also has a nice long power cord.  Everyone should own one.",My favorite tool,1443830400,,,,83,POSITIVE
5,True,"03 26, 2018",A3RW00FVHSHRSD,B004EBPEQG,Michael,Can also attest to the new product being brass. Quality product.,Works perfect!,1522022400,2,{'Color:': ' Chrome'},,11,POSITIVE
5,True,"05 16, 2018",A2B1IXZTJX1DE1,B005B8LZ14,Idylio Neto,excelente,Five Stars,1526428800,,{'Size Name:': ' 4 Inch by 0.045-Inch'},,1,POSITIVE
5,True,"08 16, 2017",A3AMVKHZ7VQRD3,B01ETMVQOI,BCoyle,"This is a great, high quality product. Before posting my review I made sure to verifiy the quality with a friend who is an emergency response instructor and a former military medic.",Great Product. Buying several!,1502841600,,{'Color:': ' 1 Pack'},,32,POSITIVE
5,True,"06 14, 2017",A31PMRDUWLMXKB,B012YZE6XU,Babopp,Love it!  Leaves your teeth feeling super clean!!! I am allergic to the ingredients that cause toothpaste to foam and I try to stay away from chemicals as much as possible!  This is a great product!  Thank you!,Love it! Leaves your teeth feeling super clean,1497398400,,,,38,POSITIVE
5,True,"06 26, 2017",A1JJ50O34YGF4O,B00EV8HSU2,Michael Martin,"It's a cap, it works fine.",it works fine.,1498435200,,,,6,POSITIVE
5,True,"12 11, 2015",ARWM6VXXO1YSS,B0019QXACO,BookStruck,"These have become a stock item for cooking, particularly handling raw meats.  So much depends on getting the right size, and I (finally) got it right.  They are pretty easy to put on, and take off.",Good product,1449792000,,"{'Size:': ' Large', 'Number of Items:': ' 100'}",,36,POSITIVE
5,True,"01 2, 2017",A37VY1VPSEUC8I,B00VTVWJOE,Amazon Customer,As advertised and as pictured.  Will purchase again from this seller.,Five Stars,1483315200,,,,11,POSITIVE
1,True,"05 13, 2017",AEM4HFSLBCMNB,B01DPCYIKW,Erin,"Very poor image, loses contact with phone regularly and requires shutting down app and restarting.  Tried it with several phones with the same results.","Skip it, spend more on one that works consistently",1494633600,,,,24,NEGATIVE
5,True,"12 15, 2017",A36SF2IPIOJVZ8,B008SYWRB0,k. gale,Works well. Nice case. Good instructions.,Does what it is supposed to do.,1513296000,,,,6,POSITIVE
5,True,"11 15, 2017",AVLNB66O9R2GM,B0184763CO,Robert R.,Perfect size...suits my needs very well,Good value,1510704000,,"{'Size:': ' 0.5 oz Cup', 'Color:': ' Clear'}",,6,POSITIVE
5,False,"12 11, 2017",A10AC1371NRVW5,B013OS3ZLA,Scarder456,We love ours ! I love having the feet on the bottom so it holds its weight well. We bought two (shown in photo),We love ours! I love having the feet on the ...,1512950400,,{'Color:': ' Black'},['https://images-na.ssl-images-amazon.com/images/I/616x6mNtQwL._SY88.jpg'],24,POSITIVE
1,True,"01 5, 2014",A2GOF4UQO99LMP,B001NSYSSI,jcarvers,This have a very strong rubbery chemical smell.  I do not recommend these as protective gear if you have allergies.,Don't Expect To Use if You Have Allergies,1388880000,,,,20,NEGATIVE
5,True,"10 12, 2014",AIAN24K0ER208,B00BEC31B8,rrm,Worked perfectly!!,Five Stars,1413072000,,,,2,POSITIVE
2,True,"01 10, 2015",A2Z55FWWQPLKXD,B004LQ4BNG,Paul A. Mccloud,"These thermometers have a good reputation (why I bought it) in this one somehow the mineral spirits had become segmented with a one inch stripe at the top of the thermometer which I'm unable to get returned to the reservoir tip. Amazon has agreed to exchange it, just wish the manufacturer's QC dept. had caught this in-house before I ended up with it, not cool!",These thermometers have a good reputation (why I bought it) in this one somehow ...,1420848000,,,,65,NEGATIVE
5,True,"04 2, 2015",A119SP0LXVV4RD,B00L5R37G6,piteng,"My hands are very sensitive to all chemicals, detergents, oil, grease etc. I wear these gloves whenever I know there will be contact with an industrial chemical. This way the skin on my hands doesn't crack and burn. Latex gloves don't work. Latex breaks down very quickly in these substances. These Shamrock gloves offer protection at a very cheap price.","My hands are very sensitive to all chemicals, detergents ...",1427932800,3,,,60,POSITIVE
1,False,"02 3, 2017",A2YBUXUPL40QFC,B018CR5OBC,Tamara,Could not get the pen to work,One Star,1486080000,,,,7,NEGATIVE
5,True,"05 25, 2016",A1UX85JUJ6ZVKA,B00WH60YBU,Dean Perle,"I finally figured out to save the towel number from the side of the box for reordering purposes, as it is only a fluke that they fit if you get the wrong number for your dispenser, and thats easy to do because of the misleading way they are sold on Amazon. Now, with the right size for my dispenser, it works as it should.",It works as it should.,1464134400,,,,64,POSITIVE
1,False,"08 28, 2015",A7PBV9S46CO5J,B000BQQ7WS,Diane,"I measured the staple wire width as .016"" for the Surebonder 88012 whereas the Arrow brand staples have width .020"". As a result, my stapler locks up often and requires disassembly to clear. Very poor performance.",Very poor performance.,1440720000,,,,36,NEGATIVE
5,False,"12 3, 2014",A53MITOOLL9KN,B00H7VEU0G,Sam McCain,"LOVE THIS THING!!!
Out of the box it worked perfectly. Reading all of the setup instructions is a must but It is a GREAT machine.",WORKS PERFECTLY OUT OF THE BOX,1417564800,,,,25,POSITIVE
5,True,"08 6, 2015",AQEN6VHAP4W76,B00TUCELBS,Sara H. Davis,Nice purse and it was made in my home state of South Carolina!,Five Stars,1438819200,,,,13,POSITIVE
4,True,"02 27, 2013",A3L3PI7ZDN94U5,B0039OT3DO,Rowerwet,"great for tuning your own furnace, used with the draft gauge.
I bought a DVD showing me how from the oilburnerman",a good tool,1361923200,,,,21,POSITIVE
5,True,"02 26, 2014",A263MYOU1WA2WI,B0006ULO7M,mac,The offset head allowed me to get to an area that needed trimming that conventional straight scissors could not get to.,offset scissors,1393372800,,,,21,POSITIVE
5,True,"09 24, 2016",A342KSNQ8V0VS,B00CLCIN54,Wiley,I can only say that the fit was perfect and I'm satisfied with the first use. I'll update this review if necessary.,"So Far, So Good!",1474675200,,,,22,POSITIVE
5,True,"02 3, 2016",A2M1XVV2DUVSYS,B000OL8P2U,Nick Zareski,Works great and doesn't feel like it's taking the enamel off of your teeth.  I can feel a major difference from when I brush with it and when I use regular toothpaste.  It's like having that fresh from the dentist feeling all the time.,Fresh From The Dentist Feel,1454457600,,{'Size:': ' 2 oz'},,44,POSITIVE
5,True,"04 23, 2018",A2FQ45MXD307X0,B008YHB6RW,Big Dave S.,"Love this sign.  I have it posted outside on my gate with full sun exposure and there's been no fading of the ink.  It's very visible and the message is intimidating.  Because it says, ""dogs may bite,""  it sounds honest; and even if your dogs may be sweet cutie pies, there's always the lingering though in the mind of a would be intruder that the dog(s) may suddenly turn if they enter the property.",Love this sign,1524441600,,,,74,POSITIVE
5,True,"07 29, 2017",A2DZM2YJ9606KA,B004KT4POY,Charlie S.,Put these on a metal file cabinet to make it mobile.  The casters work!,Casters do the job.,1501286400,,,,14,POSITIVE
1,True,"10 28, 2016",A3FW1TEBN11FUB,B00DRALJ28,Amazon Customer,"This is junk. Mine can't regulate temp properly and is off by 20 degrees or more at times. I went to return it 2 days after receiving it and Amazon said it wasn't eligible for return. save your money, this is trash and you can't even return it.",Garbage horrible service,1477612800,,,,48,NEGATIVE
5,True,"08 18, 2015",A1U754FJK8D3VX,B002BBGPCS,Dennis DiCamillo,the right bearing at a good price,Five Stars,1439856000,,,,7,POSITIVE
5,True,"08 19, 2017",A2JDOSBZO7Y1BK,B00ATH0KEA,Jodi B.,I can FINALLY rack my slide on my compact gun so easily!!,GREAT STUFF!,1503100800,,,,12,POSITIVE
1,True,"04 26, 2016",A3KDRE4KYTVELQ,B007FI52I0,JH,"Do NOT purchase this!  The description says case of 48, but it is only 1 roll - and VERY EXPENSIVE for a single roll.  There are other vendors that describe the product accurately, and price it more accordingly.",THIS IS FOR ONE ROLL ONLY!!!,1461628800,4,,,38,NEGATIVE
5,True,"07 28, 2016",A4BI8V2VAW9OA,B00CSWFMOC,D. Blake,"I was a little nervous about buying since my income is low but I've got to say I'm thrilled. I got them to sort my seed beads in. I make rosaries for hospice,  chemotherapy rooms and ICU waiting rooms. None of my tubes were broken and I got the right amount each with a cap. They are perfect for my project. They arrived fast also.",Thrilled with my purchase!,1469664000,,,,65,POSITIVE
3,True,"03 1, 2018",A2FJX1KV1NO5O8,B00JZZF8DU,Bonnie McLane,Not very realistic!,Three Stars,1519862400,,,,3,NEUTRAL
2,True,"07 13, 2017",A5VIKFADGDKJB,B00AZBIZTW,Pro food taster,"Impressed by the amount of dirt it picked up out of our rugs, at least for the first 24 hours. We used it the second night and the belt already busted.",Worked flawlessly for 24 hours.,1499904000,3,"{'Color:': ' Purple', 'Style Name:': ' Vacuum Only'}",['https://images-na.ssl-images-amazon.com/images/I/814Ss4yhxxL._SY88.jpg'],31,NEGATIVE
1,False,"02 21, 2017",A3O8S70Z670GXL,B00C7Z9AE8,Amazon Customer,"Dont buy this vaccum. Parts are pretty much nonexistent in the US so if it breaks( or your dog chews the cord), good luck getting it fixed. I was told by my closest Dyson service center that customers end up trashing the vacuum because of the part issue. It also is horrible on carpets and hair despite the name. It clogs during every use. I don't know about their other products but this one sucks and not in a good way.",Not this vacuum,1487635200,,,,81,NEGATIVE
5,True,"03 24, 2016",A3HAP4G0S5EE5W,B01823WXP6,Candy L.,"Ordered this for our maintenance department. They are all in awe of what this glue can do.
Does everything it says it does!! Awesome",AWESOME!,1458777600,,,,24,POSITIVE
4,True,"07 3, 2016",A2D9I51KSJOZL,B00MNIYYJK,Ryan Buikema,Very nice part. I'm using it to build a photobooth frame and the only down side is the straight pvc pipes I have slide in and out too easily. Regular plumbing corners at your local hardware store take a bit of pressure to put together and take apart. I had to screw the corners on to keep them together.,Good Part,1467504000,,,,59,POSITIVE
5,True,"02 3, 2013",A2UF13WLC7JX1M,B000EJUBBU,d0pe0nar0pe,"i have never had a caliper before but as far as i can tell this is a good one.  it works exactly as advertised.  the only problem i can find is that it sometimes binds up in the closed position, i figure it will eventually loosen up and work fine.",perfect for what i need it for,1359849600,,{'Size:': ' 6 inch'},,50,POSITIVE
5,True,"02 8, 2016",A1AS4UNJH8UXVX,B00AFSMMTE,zec attack,Same. Excellent part and saved money doing it myself,Excellent part and saved money doing it,1454889600,,,,9,POSITIVE
5,True,"11 1, 2017",A2QGTJE1YFZG88,B00KYVX1Y2,Paul G.,"Worked great, easy to install and complied with our county building code for deck construction.",Excellent product.,1509494400,,{'Size Name:': ' 1 Each'},,15,POSITIVE
5,True,"07 27, 2018",A28OR5U36EZGPY,B00Z5KETD4,leo D lefrancois,"Seems well built and smooth action .
Well worth the dollars spent.",Five Stars,1532649600,,{'Size:': ' IP54 Digital Caliper'},,12,POSITIVE
5,True,"07 9, 2014",A2AEVYADO0NFRM,B000F4SP30,Ana,It's great,Five Stars,1404864000,,"{'Color:': ' Purple', 'Style:': ' Plated and Polished Alloy Chestpiece'}",,2,POSITIVE
5,True,"11 7, 2017",A2M488SBOFZT5U,B0160BB0ZQ,Amazon Customer,Honestly the best tidiest and most efficient nasal sniffing product ever,Five Stars,1510012800,,,,11,POSITIVE
2,True,"01 11, 2018",A78BR7VDHZ2X8,B00882U782,Kice7,Not very powerful.. I wouldnt by this again I wish I had a do over.,Two Stars,1515628800,,,,15,NEGATIVE
5,True,"07 23, 2018",A1UBNE84ZRLC7I,B01H0IAM7K,Bb8371,Item as shown,Five Stars,1532304000,,,,3,POSITIVE
4,True,"12 2, 2015",A33AMN5FXRQEZI,B00018ACUY,Larry,Very nice files. Still looking for a handle to fit.,Nice,1449014400,,,,10,POSITIVE
5,True,"05 30, 2017",AATDU0Q6LLP44,B00ACBKNS6,don,Great Quality. I have been using this sphygmomanometer for quite some time and it is holding up nicely. It is reasonably priced and works great. I'm an RN and love using it for patients and clinicals...it works great! will surely last a long time.,Great Quality. I have been using this sphygmomanometer for ...,1496102400,2,{'Color:': ' Light Black'},,44,POSITIVE
5,True,"02 27, 2017",A3N0TWN8ZZU43P,B018J40IKU,Mike,"Great product, great price, exactly what I was looking for.",Five Stars,1488153600,2,,,10,POSITIVE
5,True,"04 2, 2015",AOBFVEVF9PMLW,B00DRALJ28,Shirlyn Zheng,Accurate and battery last so long! I bought this for my baby's nursery room.,Great for baby's nursery room,1427932800,,,,14,POSITIVE
1,True,"01 23, 2018",A1SECENNH33N1G,B00XXHYVX4,Amazon Customer,Didn't work. Had to return?!?!?,One Star,1516665600,,{'Color:': ' Yellow - pH Meter'},,5,NEGATIVE
5,True,"12 8, 2011",A3UCIFS7S15P3Z,B001UH0YS0,DHC,"I use this meter for commercial use, I have tested it's accuracy against a calibrated expensive meter and it is accurate. This meter at this affordable price is well worth it.",Great meter,1323302400,6,,,31,POSITIVE
2,True,"10 30, 2016",A2BE8E5AX9RIZ,B006K0PU1S,Amazon Customer,tube is to narrow,Two Stars,1477785600,,,,4,NEGATIVE
4,True,"06 29, 2015",A2CJPVOYQHKHO3,B00DVIEJ14,Xarkkon,"How did I manage computer repair without these? There was a long wait for them to come over seas, but it was ok with me. Can't complain at all for the $$!","Low Cost, Good Quality",1435536000,,,,32,POSITIVE
5,True,"01 4, 2018",A3TEQSE3XOVX1X,B01FSSPYV8,CBaz,These are exactly what I needed to hang some baskets on a rod in my bathroom.,Perfect size and color,1515024000,,,,16,POSITIVE
5,True,"12 23, 2013",A24SQPFSMHUMJL,B005CTL5VC,Michael L. Bowers,I used this to replace the thermocouple on my Thing-o-Matic 3-D printer from Makerbot. It was a quarter the price! I removed the plug. There was plenty of length for it to work.,Good Replacement Part for ToM,1387756800,,,,33,POSITIVE
5,True,"04 2, 2018",A3EZVNG59SNG4D,B001B19JLS,Dylan,Great quality electric tape.  Molds well over wires and provides a sturdy fix.,Effective tape,1522627200,,"{'Item Package Quantity:': ' 1', 'Package Quantity:': ' 1'}",,13,POSITIVE
5,True,"06 2, 2016",ADOHG9XWMP01W,B00UG08QDC,Scott,"The bottles are actually about 2oz in capacity, which is exactly what I wanted. I needed some precision needle tip applicators for gun oil, and a few other oils I wanted to put in them. They don't leak and so far are very durable. I like them so much I ordered the 4 pack.",2oz needle tip applicator,1464825600,,,,54,POSITIVE
5,True,"09 8, 2016",A3R5161AXGC42H,B00520AR9C,Kevin,I ordered the thinnest one. Easily cut with shears. Flexible.,Easily cut with shears,1473292800,,"{'Size:': ' Thick - .030"" - 1/32"", Size - 12"" x 12""'}",,10,POSITIVE
5,True,"11 22, 2015",AY3LA19MODAL3,B0012IWMLO,Rick,Used these against Little Giants recommendation on a Keller KMT22 and they worked fine. Keller would be smart to make them available. Much easier to move the ladder around. A little pricey for what they are but do come with everything you need. Could probably do the same with a couple of $2.00 fixed casters. All in all they are fine.,... Giants recommendation on a Keller KMT22 and they worked fine. Keller would be smart to make them available,1448150400,,,,61,POSITIVE
5,True,"02 2, 2014",AGHDLCA8JI4I5,B00AGIR53G,K. B.,This were great bags at the right price!  Very happy with my purchase.  Just added some cute tissue paper for my craft show and really glammed these babies up!  would be perfect to stamp on too. They were good quality not thin.  Would certainly purchase again.,Perfect for me,1391299200,2,{'Color:': ' Kraft Brown'},,46,POSITIVE
5,True,"03 6, 2017",A3V21843GVIC2R,B007BTPAZ8,Handlebars,Works perfect.,Five Stars,1488758400,,,,2,POSITIVE
4,True,"02 20, 2016",A3E9BO5WTMYS2L,B00DRALJ28,awx,"Accurate readings, but I was imagining that it would be about 3x bigger.",A little smaller than expected,1455926400,,,,13,POSITIVE
5,True,"09 11, 2016",A28WB6B4DEMUMS,B003O5B5LG,Darrell Barricklow,"It's fine, stop asking for reviews",Five Stars,1473552000,,{'Style:': ' 7 Piece'},,6,POSITIVE
3,False,"06 6, 2016",A2GAXNF9AG020W,B0040ZOEEY,starkids,can't  fit all size of toilet paper.,can't fit all size of toilet paper.,1465171200,,{'Style:': ' Coreless Dispenser'},,7,NEUTRAL
5,True,"10 17, 2016",A9JKL0FDEEZYO,B015V0D1CW,Trisha,Love these.  I put them by the stove and hang my most used utensils and oven mitts.  They hold a lot of weight.,Love these. I put them by the stove and ...,1476662400,,{'Color Name:': ' White'},,23,POSITIVE
5,True,"12 7, 2017",A3U1WH0RFR6XUV,B005C5POS6,Richard Williams,It is very precise. It works better than older models,It works better than older,1512604800,,,,10,POSITIVE
5,True,"07 14, 2013",A1NRC1QV6O3XR7,B004TGJU2A,SC,Used this when installing my Seibon Carbon Fiber rear spoiler. This works very well with any of the 3M automotive attachment tape.,Works as describe,1373760000,2,"{'Item Package Quantity:': ' 1', 'Package Quantity:': ' 1'}",,22,POSITIVE
5,True,"08 5, 2013",AH55UIGY41IA1,B000F4W1O4,vampfan,I will be using this for nursing school and hopefully be using it for many years to come! I feel it is of good quality and a name you can trust.,Perfect,1375660800,,{'Color:': ' Raspberry'},,31,POSITIVE
5,True,"02 6, 2018",A21RL7VXM3ZZGW,B01DQBP8BA,J. Graham,Great simple and cheap surface temperature measurement tool.,Five Stars,1517875200,,,,8,POSITIVE
4,True,"03 21, 2013",A3C5LXX3DM5ZIT,B007YBEHIO,Amazon Customer,"Lighted stereo optic loops with 20X magnification.  As the parts get smaller and I get older I need more and more magnification.  I'm changing 100pin quad flat packs with out any trouble.  Do most of the work at 8X mag, but this really helps for inspection and touch up.  Besides that for $6 how could you go wrong?",20X lighted magnification is great for reworking SMT circuit boards  on the bench and in the field..,1363824000,,,,58,POSITIVE
2,True,"08 17, 2017",A2R0AGGW4BT6XM,B00E81L9U2,CJS,"Junk. They look recycled. Feel recycled. Say recycled.  Buy the good ones, for less at uline.  These are junk.","Buy the good ones, for less at uline",1502928000,,{'Style:': ' Pack of 25'},,19,NEGATIVE
4,True,"09 2, 2017",A1OWLTOKW78ECQ,B002BBOFLG,RAKC,Good bearingz but for the price per bearing I expected smoother rolling.  Definately not ABEC 5 bearings.  Better than the bearings in my hub.  Hopefully the more bike specific race design (deeper for better lateral support) will hold up longer than the stock bearings in my formula hub.,Good but expected better,1504310400,,,,48,POSITIVE
5,False,"01 21, 2017",A20PB1G7YKVSRN,B00006IC2O,Magoo356,I can't get enough of this stuff! Love the LONG roll. Much better than buying several pre-cut strips! I've bought Black and White and use them everywhere!,Much better than buying several pre-cut strips! I've bought Black and White and use them everywhere!,1484956800,,{'Color:': ' Black'},,27,POSITIVE
2,False,"09 13, 2017",A2IUZARXHZ50UX,B01BRURGRQ,Amazon Customer,Doesn't say size in description. But I got them for a hunting blind chancing it and the longest one is like 1 inch. Not bad nails but I wasted 8 bucks.,But I got them for a hunting blind chancing it and the longest one is like 1 inch,1505260800,,,,31,NEGATIVE
5,True,"11 15, 2012",A33WDT56961F78,B0017TF2XS,Shaxpur,"I needed a sturdy cart to transport books for display at conventions; but it also had to be lightweight and fold up easily to carry in my car. This fills the bill very well. Glad I found it. And the price was outstanding compared to others I looked at.&nbsp;<a data-hook=""product-link-linked"" class=""a-link-normal"" href=""/Sparco-Folding-Platform-Truck-660-lbs-24-3-4-x-36-x-29-1-2-Inches-Blue-SPR02040/dp/B0017TF2XS/ref=cm_cr_arp_d_rvw_txt?ie=UTF8"">Sparco Folding Platform Truck, 660 lbs., 24-3/4 x 36 x 29-1/2 Inches, Blue (SPR02040)</a>",Lightweight but sturdy,1352937600,,,,65,POSITIVE
5,False,"08 12, 2016",A3VL4MLEL09G4N,B006IOZ46W,christian winters,Works as expected just don't torque down on them.,Five Stars,1470960000,,"{'Size:': ' SAE Size 4 Range 1/4"" to 5/8"", 10-Pack', 'Style:': ' SAE Size 4 Range 4-1/16"" to 5-1/2""'}",,9,POSITIVE
5,False,"01 4, 2011",A1KWHPA5NKAWNO,B0016IZZZU,Randall A. Hillman,Helped me refit my big cooker.,Five Stars,1294099200,,,,6,POSITIVE
5,True,"08 12, 2015",AXP9C0XDJE2RU,B00IKTO7VQ,EAJ,use them all the time,Five Stars,1439337600,,,,5,POSITIVE
5,True,"10 13, 2015",A2ASYO10RVP9FR,B00I7EVJ88,J Eric Mutter,"As stated, works great!",works great!,1444694400,,,,4,POSITIVE
4,True,"11 19, 2013",A2WZ1LDVGGUU79,B008HV7XA4,lisajs,This product does just what it is supposed to do. Chills the water to the selected temperature and takes up very little space.,good chiller,1384819200,,,,23,POSITIVE
5,True,"05 17, 2018",AJK9W5H4KGBCZ,B00EUKHACW,Jeanne,Best ever vacuum and lightweight. Easy to clean the dust out of it when done vacuuming. Has great parts that it comes with,Best ever vacuum and lightweight,1526515200,,{'Size:': ' HV302'},,23,POSITIVE
4,False,"06 29, 2017",A19V0SA1LP8R50,B01EK6XFVA,D. Carlson,"hard to start roll, tends to split",Four Stars,1498694400,,"{'Size:': ' 6 Pack', 'Color:': ' Crystal Clear'}",,7,POSITIVE
4,True,"04 14, 2018",AF6RIZI2R9X8,B0094DCYEE,Angel ,"This rubber grommet fit great in a 2"" hole in my firewall.",Fits great,1523664000,,,,12,POSITIVE
1,True,"12 30, 2016",AZN0HDN4FMUKP,B00EPH63X2,Amazon Customer,Force is not good,One Star,1483056000,2,{'Style:': ' Old Model'},,4,NEGATIVE
4,True,"11 22, 2016",A1DQ2F7X1HXXQ,B01DPCYIKW,Amazon Customer,"A fun toy, and useful for finding lost driver sockets dropped into engine compartments",Four Stars,1479772800,,,,14,POSITIVE
5,True,"02 2, 2014",AOIIAVRBKHZ7C,B00EXPU0R6,Keith,"It worked as promised. My teeth felt clean afterwards and I like that it does not cause canker sores. Some people complained that there is no seal under the cap. It is true there is not a seal under the cap. If I purchased it at the grocery store and was afraid someone may have messed with it, I guess that would be an issue. Buying it online, I don't think that is an issue unless you don't trust the company, Amazon, and/or your postal carrier.",Worked as promised.,1391299200,,,,86,POSITIVE
5,True,"11 7, 2017",A2U9UDNATZXLBS,B00CAXNUU2,DougN,Fits perfectly.  Fast shipping.,OEM part.,1510012800,,,,4,POSITIVE
5,True,"09 27, 2017",A2RR62HQPULLRU,B01GF4D22M,Odilon,these magnets are really stronger than I expected. very pleased with what I received for my money.,Great magnets for the price!!!,1506470400,,{'Size:': ' 4 PACK - 75 LB'},,17,POSITIVE
5,True,"04 12, 2018",A1GVUX4SRAVSZI,B0052Y4I9S,Keegan Comstock,Garbage good in New trash can,Five Stars,1523491200,,"{'Size:': ' 32 Gallon', 'Color:': ' Orange', 'Style:': ' 1 Pack'}",,6,POSITIVE
3,True,"02 7, 2014",A6Q7VB90USBAD,B00ARTK9FA,Amazon Customer,"I thought this new concept would be great.  As it turns out, I like the spin brush better.  It cleans teeth better and doesn't splash all over the walls and mirror.",not as good as a spin brush,1391731200,2,{'Package Type:': ' Standard Packaging'},,31,NEUTRAL
5,True,"05 2, 2017",ARDF9GSKIRYGU,B00ZZYJU2U,Michael H.,"what great tools. shipped quick work well, will use this vendor again",Hard To Beat,1493683200,,,,12,POSITIVE
5,True,"10 25, 2016",A2QPXMUZDSO8J8,B00CSYD8SC,Ddub,Professional valve.,Awesome!,1477353600,,"{'Size:': ' 1/2""', 'Number of Items:': ' 1'}",,2,POSITIVE
5,True,"02 27, 2018",A2WX9M3851GKNM,B00CAWWSQU,Just Me,"I use this on my gaskets and o-rings for my dive gear and underwater photo equipment.
Great stuff!",Your O-Rings will thank you,1519689600,,,,18,POSITIVE
5,True,"08 5, 2013",A2YV70GR7PD1D0,B0006OLG9Y,Dave Brown,"Only the best for my vacuum and these are the best.  Never any worries concerning this bag.  If you need a bag, try these!",Great Bags!,1375660800,,,,24,POSITIVE
5,True,"01 29, 2017",A3OHN8YWRW208E,B00ICHRDIA,ZootCapri101,"Fits medical bed perfectly.  Only wish they came in colors, but they'll do fine.  Will buy again.",Perfect Fit,1485648000,,,,17,POSITIVE
1,True,"11 25, 2017",A39OUA5QOM3RCG,B01BSYQ0XC,Wrango,Mine crystallized about a month after purchase. Not sure if I was suppose to refrigerate it. There aren't any storage suggestions on the bottle. Wont buy this brand again.,Crystallized after Opening,1511568000,6,,['https://images-na.ssl-images-amazon.com/images/I/71HEyXjzcAL._SY88.jpg'],29,NEGATIVE
5,True,"02 16, 2015",A3M9Q0OO78C8R9,B0022AO92Q,NIARFE0476,Excelente...,Five Stars,1424044800,,"{'Size:': ' 4 Gallon, 4.0 HP'}",,1,POSITIVE
5,True,"03 15, 2015",A11VGXUVG3677Z,B005MSHFDU,DnASoup,Gorgeously made. Picture perfect.,Perfect,1426377600,,,,4,POSITIVE
5,True,"07 25, 2017",AB228LABA5A46,B00B5F1MGK,Amazon Customer,Excelent,Five Stars,1500940800,,,,1,POSITIVE
5,True,"02 1, 2017",A3TF1WSMQFLCK7,B0153G19JQ,James A. Snide,It really works as advertised.,Five Stars,1485907200,,,,5,POSITIVE
5,True,"04 17, 2015",A2IZW6YVTAR884,B00K18543O,Susan T,"TBH: these look so proportionate to bracelets, that I've seen people make. I get them & they look huge to me. Lil intimidating to me! I'll be proud to wear the item I make with them though, just gotta find that ""perfect"" weave first! :-)","TBH: these look so proportionate to bracelets, that ...",1429228800,,,,45,POSITIVE
5,True,"07 8, 2018",AOIADNJYCHZI3,B01EQBZU3A,MikeDaytona675,Excellent but it seems the housing could be smaller. They do shrink up so i cant really complain.,Great,1531008000,,{'Size:': ' 220pcs'},,18,POSITIVE
5,False,"01 9, 2015",A2WBI49SFK9Y0B,B00K2PXUA0,Jennifer T.,Exactly as advertised.,Great!,1420761600,,,,3,POSITIVE
5,True,"03 5, 2015",AY06TD627DUKE,B00837ZGRY,Lesley Chachere,I needed a thermometer for soap making so I can male sure my oils and kye mixture are near the same temp. This is perfect. So glad I found it.,perfect,1425513600,,{'Style Name:': ' lasergrip 774'},,30,POSITIVE
4,True,"12 26, 2013",A3GSLF2APX9OUE,B00ANYYY5U,faris,It's very good except that water can get through during cleaning. I recommend it to anybody who is in a heavy duty job.,Very good,1388016000,,"{'Size:': ' M', 'Flavor:': ' 100/Box'}",,23,POSITIVE
5,True,"08 29, 2016",A3BO0TYNRRHWNT,B00OZSL8UE,Amazon Customer,Recomendo,Five Stars,1472428800,,{'Color:': ' 530Pcs Heat Shrink Tube'},,1,POSITIVE
4,True,"03 31, 2016",A2OQBVW37GRC7R,B00SE4TFD2,Tiffany Bowser,I gave this product four stars because out of the pack two or three jars were unusable either because the plastic drip piece that fits inside or the lid was loose. Other than that I loved these little jars. I used them to put essential oils in to give as Christmas gifts and they were the perfect size.,Other than that I loved these little jars,1459382400,,{'Number of Items:': ' 24'},,58,POSITIVE
5,True,"02 23, 2015",A19O5QJ9ZHR0G9,B003U1SJB8,Jose,"Great quality, stays in place, easy to clean.",Five Stars,1424649600,,"{'Size:': "" 3' Width x 5' Length"", 'Color:': ' Dark Toast'}",,8,POSITIVE
5,True,"07 19, 2015",A30D9MYMCQSVNY,B00BLQ0E4O,Silverface,"These are perfectly accurate, essential to do efficient tech work and cost far less than the well-known ""catalog"" version.",Five Stars,1437264000,,,,19,POSITIVE
5,True,"11 18, 2013",A1AXLLUEJIWWHT,B00CVHIJDK,Mark,"It works very well in its intended purpose, and includes a laser pointer feature to annoy the cat with.  Good buy",Great!,1384732800,28,,,21,POSITIVE
5,True,"09 26, 2017",A2TRNOOTCHNF90,B001FC5O8U,zjhower,this little tool is a must for hanging drywall! It is solid and will last forever,I use it all the time,1506384000,,,,16,POSITIVE
4,True,"01 13, 2017",AIK1J7WG0I1ES,B00JEWFJJC,Amazon Customer,My 12 year old was easily able to put this together without any help.  He loves it!,Four Stars,1484265600,,,,17,POSITIVE
3,True,"08 5, 2014",A3TC7K7D45R16I,B002QN8DNK,Function First,"Master Lock 179LH 2""x2-1/4"" Laminatd Stl Resettable Combinaton Lck

I ordered 4 of these.  One did not work when I got it.  It was replaced promptly.

If using outside, it is hard to read the numbers.  Some of them get a film on them or the lighting is wrong making it hard to get the combination set to open it.  It is a sturdy lock.","Master Lock 179LH 2""x2-1/4"" Laminatd Stl Resettable Combinaton Lck",1407196800,,,,65,NEUTRAL
5,True,"05 6, 2018",A2ASCBAH7CIARW,B00GHOTPB8,mrswrite,I was very pleased with this item as well as the seller. Will definitely buy more in the future.,"Great Product, Great Seller",1525564800,,,,19,POSITIVE
5,True,"11 29, 2013",A1GMWCH5SYWVSY,B007HUBDP2,WW Training,"Excellent product, and excellent customer service too!!! We use this sulfur in part of our feeding regime with horses and goats, and it works great.","Excellent product, works well as part of a mineral mix for animals.",1385683200,7,,,25,POSITIVE
3,False,"09 21, 2016",A18WND437DMFRY,B00RC6C2S8,Detroit Author,"The bags came late. My only complaint. But the bags are a great quality.  Good for books, and prize giveaways.",Good bags,1474416000,,,,20,NEUTRAL
4,True,"02 28, 2016",A3KVU1H33CQEAT,B005KMDV9A,cherize,We love this product and all the attachments that come with it.,Four Stars,1456617600,,,,12,POSITIVE
5,True,"03 18, 2016",A21JB2DGC4ULKE,B004AF204K,Miguel,It holds very sturdy and easy to cut with almost any scissors.,Five Stars,1458259200,,"{'Color:': ' Black', 'Style:': ' 1-Pack'}",,12,POSITIVE
5,True,"03 20, 2017",AOF3NY2171J5L,B00M0CS73S,REGINALD HAYES,Very good product,Five Stars,1489968000,,,,3,POSITIVE
5,True,"03 3, 2013",A3ULB8SL54S2ZB,B006GG0TDK,Dawn,This device is great because it only takes a few drops at a time to measure the ABV. A standard hygrometer takes several ounces.,Works Great,1362268800,,,,24,POSITIVE
5,True,"03 3, 2015",AIBRILTQBED3I,B000GHIUR2,Daniel Ray,"VetMed sent me a beautiful top-quality pair of iris scissors that can be reused following sterilization many many times with no expectations of aquiring dullness, misalignments, warping, or other types of poor durability that can pose a shadow over other manufacturers of low-cost surgical tools. I am happy with them and remain a satisfied customer!","VetMed Iris Scissors seem fully sharp, exactly aligned, and durable!",1425340800,,{'Size:': ' Adult'},,55,POSITIVE
5,True,"11 19, 2014",A3GDE1X64DZQBN,B00GIOP83Q,Taylor,This is an easy product to work with and works better than I imagined. Used it to glue up seams over 25 feet in length. I used an old billboard to make a winter cover for my boat.,HH-66 Vinyl Cement - terrific product,1416355200,3,,['https://images-na.ssl-images-amazon.com/images/I/814MutMUk1L._SY88.jpg'],38,POSITIVE
5,True,"04 19, 2014",AAU9P4OGR4J9W,B000FPAN2K,MrShay,"Hard to describe a product with so many possibilities. Such as for use on electrical projects  and in specific, a model railroad layout where the necessity to insulate and isolate electrical power and signal circuit is imperative. This product does the job, no other way to describe the product.",As described and easy to use.,1397865600,,{'Color:': ' Black'},,49,POSITIVE
3,True,"10 15, 2017",A3S1AL1ZG78HFI,B00VC8PTBE,a real person,Agree with previous reviewer......does not self level.....and should at that price.,Three Stars,1508025600,,,,11,NEUTRAL
3,False,"11 21, 2017",A9HHFEW975HU4,B00T5T9G6Q,Peggy Rothaus,Small,SMALL,1511222400,,,,1,NEUTRAL
5,False,"11 12, 2017",A3AB192L35EXV3,B007C5IH4C,Mark T Ramirez,These work great.,Five Stars,1510444800,,{'Size:': ' Pack - 6'},,3,POSITIVE
5,True,"08 10, 2013",A1FQ0H5XJTGAP1,B000IMHW9M,ceznik,"A coworker of mine had these and they work superbly for reading signals as well as jumping power to various components. After using these, I had to get a set for myself. I got this yellow probe as well the green one. I love them both.",A must for probing automotive signals under the hood.,1376092800,,,,46,POSITIVE
5,False,"10 5, 2014",A17Y465UXZOJE3,B000OQTFN8,Stickman,"Great. Does it's job, Big and reflective. Note: the price can vary a lot. Like 200% price changes. So shop around. I only paid about $8 for it.",Great. Does it's job,1412467200,,,,28,POSITIVE
4,True,"11 30, 2015",A3S3MBNTF8POWM,B000E5RB5S,Kathy,"The scope is very nice to look at, with the one side for auscultation  and the other to perfectly position ones fingers. However, the scope picked up too much external noise and was hard to focus on internal sounds.  Looks more impressive than it actually works.",Not the greatest stethoscope  in the world,1448841600,,{'Color:': ' Indigo'},,46,POSITIVE
2,True,"05 28, 2018",A1HSRDXQ14X7KS,B010CJ1RZA,Frank Linux,Tends to come apart during installation.,Two Stars,1527465600,,"{'Item Package Quantity:': ' 24', 'Package Quantity:': ' 24'}",,6,NEGATIVE
5,True,"07 13, 2014",A5FO78BHIY0Y4,B0012TYTH8,edward depaola,"with accugage included this WITH the air pressure gauge. either way, purchased it to prevent it from breaking with how often I drop it.",with accugage included this WITH the air pressure gauge. ...,1405209600,,,,24,POSITIVE
5,True,"04 22, 2017",A10HGDAN80OEW,B01B6R0JNI,Amazon Customer,good,Five Stars,1492819200,,"{'Size:': ' (SPST) -  HP 125-250 V AC', 'Color:': ' Single Pole-Single Throw', 'Style:': ' ON - OFF   (Screw Terminal)'}",,1,POSITIVE
1,True,"07 28, 2017",ANPO1AGYNPRVK,B0187VBMY6,Lance,"Tried it on for like 10 seconds and hated the fit. Just slipping it over my bottom scrubs was a challenge. Even holstering my stethescope was awkward, taking more than 1 try to get it to slide in place well enough to not fall out. I even showed it to a coworker who ended up having a clip version which looked infinitely better. Anyone need a stethoscope holder?",Tried it on for like 10 seconds and hated the fit,1501200000,,,,68,NEGATIVE
5,True,"09 6, 2017",ASTVS2IDN27AU,B015A2XPY0,Hung nguyen,It's ok,Five Stars,1504656000,,,,2,POSITIVE
5,True,"06 15, 2016",AQ32JOOWB7HHO,B00S730YWG,Linda Peters,The strips will be informative and fun in experiments.,They work fine!,1465948800,,,,9,POSITIVE
5,True,"01 21, 2016",A3U20399YZ1O45,B011V3EVUO,Tricia Farnes,Just perfect,Five Stars,1453334400,,,,2,POSITIVE
1,True,"09 23, 2015",A29CUATU2F2I75,B00O47ILVA,Amazon Customer,So cheap! I literally broke this the same day I received it! You can pick up light items only.,Cheap!!!!,1442966400,3,,,19,NEGATIVE
2,True,"07 30, 2017",A3MI6PNXQEIWSZ,B003ZZS4HS,Renea Wise,"Not good for adult Capri Suns!  I bought these bags for freezing adult beverages.  All the bags busted.  So these are not good for freezing liquids.  They felt thicker and I do like the size of them, but lots of leaking.",Not good for freezing beverages,1501372800,2,{'Size:': ' Pack of 100'},,41,NEGATIVE
5,True,"02 7, 2014",A24ZV0JJVNOOOV,B0060EUA32,threefour5,"This Vac is great for cleaning out my pellet stove.
Don't take up a lot of space
Plenty of attachments
Long cord if no elect outlet is close.
I love this little green machine.",fantastic Vac,1391731200,,{'Style:': ' Vacuum'},,34,POSITIVE
5,True,"09 5, 2016",A2SDNM6R3F0R4O,B003ZZS4HS,12review,Great.,Five Stars,1473033600,,{'Size:': ' Pack of 500'},,1,POSITIVE
5,False,"05 11, 2016",A2RYWPOL4NN2KG,B01CTEAD88,Raed Haed,"We use these screws for many different things. Not just for drywall. They work well for other household projects as well. We have used them to hang pictures and other decor on the wall, to build shelves in our catio for the cats and many other things. They are good all around screws and, of course, they work well for drywall, too.",They are good all around screws and,1462924800,,{'Size Name:': ' 3 Pound'},,62,POSITIVE
5,True,"01 29, 2015",A1P4F75L1HZ5IP,B00AIFSSUG,Elane Jones,Got as a gift for my son-in-law. He loves this gadget.,Five Stars,1422489600,,,,11,POSITIVE
4,True,"02 26, 2015",A9SWSB5E0NMUF,B0001YIUZC,Linda Mackiewicz,Works great,Four Stars,1424908800,,,,2,POSITIVE
5,True,"12 18, 2011",A1GGRLPGHPBBPY,B002IT2PAO,S. Hansen,"I bought this to go along with the copper sink that I purchased through Amazon.  None of the folks who were involved with the installation of the sink and the counter top had seen this product before.  It made a subtle, yet quality difference in the installation.  You can not see where the sink ends and the counter top starts.  This is quite remarkable.  As we make changes throughout our house, we will be using this product again, but it was worth even a one time use.",Remarkable product,1324166400,,,,87,POSITIVE
4,True,"05 5, 2014",A1G02TFAUH9E7,B00AZBIZTW,joe,It is very good item. It can clean very well. I enjoy to use it. it is very helpful. but it not easy to collect its line.,Good items,1399248000,,"{'Color:': ' Purple', 'Style Name:': ' Vacuum Only'}",,27,POSITIVE
5,True,"03 18, 2016",A2219B6DBG8HXG,B000VK3TN4,BibliophileS,Tuff screw.,Five Stars,1458259200,,,,2,POSITIVE
4,True,"12 19, 2013",A2O4SQP6ZN7QTD,B003STEJAC,Buttercup,"I use for what it is supposed to be, a calibration kit for checking out the scales and the bean balance I have. So far they are both good and calibrated.",Calibration Kit,1387411200,,,,31,POSITIVE
2,True,"11 3, 2016",A8MAB2FYSV9V7,B00062N3ZQ,Amazon Customer,"The stethescope was okay but seemed kind of cheap. The tubing came kinked so I could only hear out of one ear piece. Okay if you're doing blood pressures or listening to lungs, heart, etc. at home but I don't think it should be used for anything in a clinical setting.",Eh.,1478131200,,"{'Color:': ' Purple', 'Style:': ' Two Piece Box'}",,51,NEGATIVE
5,True,"11 6, 2017",A1JETKMKK9BDRK,B00ACBKNS6,Gerald Buchwald,Great blood pressure cuff at a good price.,Five Stars,1509926400,,{'Color:': ' Light Black'},,8,POSITIVE
5,True,"11 23, 2015",AOEH82Z5222C4,B006UKICQS,RUSSDALL,"Just what I wanted, very pleased",Perfect,1448236800,,{'Style:': ' Set of 3'},,6,POSITIVE
5,True,"08 18, 2015",A18N88EKESXXEY,B00062N4K0,Kendra Meek,Great set!,Five Stars,1439856000,,{'Color:': ' Purple'},,2,POSITIVE
5,True,"05 15, 2013",A26B6T9R8HUBKQ,B000W22Z5Y,Rex R. Villanueva,Fraction of the cost of a Littman but equally good for listening to the heart and lungs.  The stethoscope is slightly on the heavy side but if it's in your pocket it's not a big deal.,Good Stethoscope,1368576000,,,,36,POSITIVE
5,True,"02 15, 2016",A10BQLVXSKCNZ7,B001E5ZWT4,Amazon Customer,The best!,Five Stars,1455494400,,{'Size Name:': ' 1 Pack'},,2,POSITIVE
1,True,"02 1, 2018",A339Q6FRKMW0L9,B01877PF48,Dr_Gonzo,Don't bother with this.  Only half the container has glue lined heat shrink.  The other half is just cheap thin unlined heat shrink.,Only half the package is glue lined!,1517443200,,{'Color:': ' 240PCS'},,23,NEGATIVE
5,True,"02 19, 2018",A1YFRRZ4U1369Z,B00EA22DSG,Ellen,Seems durable. The scrub side works well. A good size sponge. I will stock up on these.,Great deal for the price,1518998400,,{'Size:': ' 6'},,17,POSITIVE
5,True,"01 11, 2015",A1R64ZZJ2KIG78,B00JFPF0UQ,Kevin S. Foley,fast transaction A PLUS,Five Stars,1420934400,,,,4,POSITIVE
5,True,"03 11, 2016",A29ZLI4U18GB57,B00HKTDT16,Steve,"Perfect for my CD Player XLR chassis jacks&nbsp;<a data-hook=""product-link-linked"" class=""a-link-normal"" href=""/TASCAM-CD-200SB-CD-Player/dp/B00BG32FTE/ref=cm_cr_arp_d_rvw_txt?ie=UTF8"">TASCAM CD-200SB CD Player</a>",Five Stars,1457654400,,,['https://images-na.ssl-images-amazon.com/images/I/510sbcrZNrL._SY88.jpg'],14,POSITIVE
5,True,"08 5, 2016",A2YZCDQIAZIX1Q,B00C9XXIHI,Amazon Customer,worked exactly as expected.,Five Stars,1470355200,,{'Size:': ' LM2596&LM2577 Converter'},,4,POSITIVE
1,True,"08 12, 2015",A2LLREUNUOLF6F,B009GC0DPA,Austin Purcell,"This glue sucks! Says it works with plastics..not quite.. If your looking for a product that makes your fingers stick together and not the plastic, then this is the product for you.",This glue sucks! Says it works with plastics,1439337600,,,,32,NEGATIVE
5,True,"11 8, 2016",A1OFT6UBKS4QFP,B000JCGU8U,melzek,"As advertised, received promptly. Very satisfied.",Very satisfied.,1478563200,,"{'Size:': ' 11 ounces', 'Unit Count:': ' 1'}",,6,POSITIVE
5,True,"11 5, 2016",A13VN243UPNB5W,B00AH21QO0,p. manning,"For the price, these can not be beat. Good quality and the stabilizer bar is included.",Good quality and the stabilizer bar is included,1478304000,,,,16,POSITIVE
5,True,"12 13, 2015",A32O84ZV48WP5E,B00A298AEM,redshoes45,"This is a great cabinet cleaner.  My cabinet installer recommended it for my new kitchen cabinets which are maple wood and a deep burgundy color.
Easy to use.  I just wish I had looked for it in the grocery store because I paid way too much by ordering it.  The bottle arrived okay but  the neck of the bottle looks  bent a little, so it had a rough trip to my house.",Should have just purchased in the grocery store.,1449964800,,,,72,POSITIVE
5,True,"09 4, 2015",A2RDCX6NRQ23W,B00E8075VK,Martin Jesus Carrillo Alvizo,exelente,Five Stars,1441324800,,,,1,POSITIVE
5,True,"04 12, 2017",A31X9PKM55DO0D,B00UVHJJYA,Waldo Brewer,This beats the hell out of hanging that wire handle over a hook and wondering if it's going to hold. If you use those plastic buckets a lot it's worth having.,This beats the hell out of hanging that wire handle ...,1491955200,,,,31,POSITIVE
5,True,"09 28, 2016",A3B9IKUWO3SHCE,B0173ASD3K,N. Woods,Great piece of equipment. Easy to assemble and wonderful to use at our church.,Great!,1475020800,4,,,14,POSITIVE
5,True,"10 19, 2016",A1I1AGMRGE7HW,B01F82BMI8,David,This really is better than the cheap heatbreaks.  It handles PLA well as long as you set your retraction less than 2mm.,It actually *is* better,1476835200,,,,22,POSITIVE
5,True,"09 14, 2015",A1M57A5WIT1VOR,B00M3GMSKY,Amazon Customer,great,Five Stars,1442188800,,,,1,POSITIVE
5,False,"07 24, 2014",A1AC9NT91XE5Z,B000NHZZ2I,matt,Exactly what was needed for the lugs on an inverter,Five Stars,1406160000,,"{'Size:': ' 2 Pack', 'Style Name:': ' 4 AWG -- 1/2"" Ring'}",,10,POSITIVE
5,True,"06 9, 2017",A12NKIHY3IOS6P,B003ZZUJXU,Amazon Customer,Works good.,Five Stars,1496966400,,{'Size:': ' Pack of 100'},,2,POSITIVE
2,True,"04 26, 2018",A1E4IJ1GKJ96WN,B00KZHP49K,Leslie Steen,This didn't come to me package in a box like you buy at retail.  It also doesn't seem to have the power that my previous Sonicare did.  Not Happy with this purchase.,This didn't come to me package in a box like you buy at retail,1524700800,,"{'Color:': ' Blue/White', 'Package Type:': ' Frustration-Free Packaging'}",,32,NEGATIVE
1,True,"02 5, 2016",A17WQLG7T8T69U,B016KUGVJC,JAC,Horrible product. Comes with a mini cd; how stupid is that ?  If I didn't know any better probably would jam the cd drive in my Imac. Searched and searched for download that should be available on company website but there is no such thing. Finally got in to work using other available software and while product works the focal distance is really bad and unusable for my purposes. Returning it and purchasing a much better product.,Horrible product,1454630400,,,,77,NEGATIVE
5,True,"12 16, 2015",A2ARSAAVMCYFKD,B00837ZGRY,Sean Ajayi,Awesome!,Five Stars,1450224000,,{'Style Name:': ' lasergrip 774'},,1,POSITIVE
3,True,"02 9, 2018",A1NITKZ5137VF5,B01FE4NLM0,kenneth pratt,they work ok.,Three Stars,1518134400,,,,3,NEUTRAL
4,True,"07 25, 2016",A3TXWXOSDIM7S2,B01140EHFI,Doc Morrison,"All CA glues aren't created equal, BSI glue is reliable and the large sizes last a long time if stored in a refrigerator. I build large R/C models and can use a lot of this stuff. I refill a 2oz bottle and keep the big one in the frig.",Reliable CA glue,1469404800,,,,49,POSITIVE
3,True,"02 21, 2015",AW6ZB6QF5E48X,B00GAAZN4C,PCC,The back of the chair is too far back.  No matter how I or any of the members of my family sat on them they weren't comfortable. I don't see a way to adjust them.  You might as well have bought the stools.  The seats are comfortable and they are very well made.,Buy the stools without the back.,1424476800,5,{'Color:': ' Black'},,53,NEUTRAL
5,True,"04 19, 2018",AJFRFONXHECPI,B00AH21QO0,Jose R.,"The forks worked great! I placed them on my Kabota L3901 bucket clamped them down tight and put them to work moving brush piles, cedar fence posts also worked great when it came time to unload a pallet of cement bags of the trailer. Picked it right up and placed them right were i needed them. Im very pleased with this product so far.",The forks worked great! I placed them on my Kabota L3901 bucket ...,1524096000,,,,64,POSITIVE
4,True,"08 6, 2013",A364NDA5UPYBUT,B00CWKTBBK,Scott,"Overall this is a good regulator.  You can set it and expect to keep constant pressure +-5 psi.  It is definitely made in China, but is actually decent quality.  It works as expected, no leaks, no problems.",Good Regulator,1375747200,,,,37,POSITIVE
5,True,"01 22, 2016",A2A4JB26F2POFV,B013YMDUI4,Tami H.,awesome thank you,Five Stars,1453420800,,,,3,POSITIVE
5,True,"06 23, 2016",AG1P57N31B7A7,B005DRQRZM,Bogey1,Fast shipping. It works.,Five Stars,1466640000,,{'Size:': ' 1 Unit'},,4,POSITIVE
5,True,"12 4, 2017",ASGEGJ64GQN0,B006WMRVS4,Mark Methven,I've only used this tool a few times. I like how it eases the guess work for setting my wood working cutting tools for the cutter depths I'm desiring. Simple operation.,I like how it eases the guess work for setting my ...,1512345600,,,,31,POSITIVE
5,True,"06 10, 2016",AQY6LQM223ZSR,B000BGM2X6,Amazon Customer,Worked great,Five Stars,1465516800,,,,2,POSITIVE
5,True,"03 5, 2016",A3O5WE4RDC0VSC,B0000CBIFC,SHARON-CHICAGO,Great for gaps around and under doors and under floor molding to prevent drafts.,Great for gaps around and under doors and under floor molding to prevent drafts.,1457136000,,"{'Size Name:': ' 1/2""W,9/16""T'}",,14,POSITIVE
5,True,"11 15, 2015",A16GA4F7RCPIYN,B000FMUUQW,Lawraven22,This is an excellent o ring for suppressors.,Correct size for Silencerco Osprey 45.,1447545600,,,,8,POSITIVE
5,True,"12 22, 2011",A1FQHZIZ33SDV2,B003DKJHRG,Sean,"Used this as a coal catcher on my fireplace grate.  Worked perfectly.  Very pleased.  This is very sharp, please be careful when working with it.  I would recommend gloves.",Excellent.  Exactly as described,1324512000,,"{'Size:': ' 1.33"" SWD x 3.00"" LWD', 'Gauge:': ' 16', 'Length:': ' 24', 'Number of Items:': ' 1', 'Overall Length:': ' 24', 'Pattern:': ' 1.33"" SWD x 3.00"" LWD', 'Thickness:': ' 0.060'}",,29,POSITIVE
5,True,"12 27, 2015",A1QNV7ILACIDBM,B00FMX7E2M,mesquite,Received the item the next day and was exactly as advertised,Quick and correct,1451174400,,{'Size:': ' 100g'},,11,POSITIVE
5,True,"04 7, 2016",A1GT5JW2ORTR3B,B008YA6BWE,betteboop57,LOVE IT!!,Five Stars,1459987200,,"{'Color:': ' White', 'Style Name:': ' Complete Care-Older Model'}",,2,POSITIVE
5,True,"08 8, 2015",A2SITOZE019PMP,B007XP5G3Q,Brian W.,worked as expected,Five Stars,1438992000,,,,3,POSITIVE
4,True,"08 29, 2016",AS8HRXPWI4NJE,B00B5R6N30,Kahn,It's doing the job.,Four Stars,1472428800,,{'Number of Items:': ' 10'},,4,POSITIVE
5,True,"10 21, 2015",A1KNJ6E6SYJ25Z,B00823J52Q,Noel,I love it!,Five Stars,1445385600,,"{'Color:': ' Silver', 'Length:': ' 5', 'Number of Items:': ' 1', 'Overall Length:': ' 5'}",,3,POSITIVE
5,True,"10 29, 2017",A2ET6AVG2HWY66,B006EGAIII,paige two,very sturdy and makes changing oil on my too low to the ground Honda possible,necessary for every garage,1509235200,,{'Package Type:': ' Standard Packaging'},,15,POSITIVE
5,True,"04 20, 2015",A2D9366RA8IVB2,B00028PDO8,sherry,The instructions are very clear and easy to follow. I will be purchasing an other one to check a different well and to test the house well once a year.,easy to use,1429488000,,{'Package Quantity:': ' 1'},,30,POSITIVE
4,True,"06 12, 2017",AW2IKIFP95VWG,B00OBMM8JO,Elmira R. Frieson,Glad to have,This is a good product,1497225600,,,,3,POSITIVE
5,True,"11 17, 2014",A3675KHW2AMFGF,B000OQTFN8,Ron Stocks,it a keeper,Five Stars,1416182400,,,,3,POSITIVE
5,True,"08 15, 2015",A3U72DS4W2D3AK,B000HJBG8O,Carol,"Arrived in two days!!!  They were exactly what I needed, but could not find in Mobile, AL !!!",Five Stars,1439596800,,,,18,POSITIVE
3,True,"04 9, 2018",A34XYATJHW5V08,B00L0J7NIM,Sugarbear,When I received the bags I noticed that they were 50 gal bags.  What I thought I ordered was 30 gal bags with a 50 count.  I wonder how many other people made the same mistake.  I am holding on to the big bags for garden debris and leaves.,Product poorly labeled,1523232000,,,,49,NEUTRAL
5,True,"09 3, 2013",A1QQZ24XNMCBTC,B005SSYDTS,jeano,"tooth paste I have being using all the time, smells well and leaves tteeth and mouth smelling good,can be recommended",good buy,1378166400,,,,20,POSITIVE
5,True,"12 30, 2016",A148J9KKI6ZKJB,B00J5DZJGI,Amazon Customer,"This is the best desk lamp I have ever used. I am an artist, and often paint at night, when natural light is unavailable. The adjusting of the light is so easy, the touch ""screen"" for on/off/brightness is fantastic, and the light is so easy to fold up and take with me wherever I go. I couldn't recommend this enough.",FANTASTIC PRODUCT AND PRICE,1483056000,,,,60,POSITIVE
3,True,"01 29, 2018",A2972JDZS04VWZ,B00823GP7E,Joseph W. Wright,"Disappointed in this, because you can apply the tape and then peel it right off so where is the security?",Where is the security,1517184000,,"{'Part Number:': ' 150SP-19', 'Style:': ' ""Sealed for Your Protection""'}",,20,NEUTRAL
5,True,"07 18, 2016",AN6OZUGEXDRRT,B015NZE6HO,goodstuffaiesha,"Many others already wrote brilliant reviews, so I'll just agree with all who've said this is the best vacuum cleaner they've ever owned. Versatile, easy to use, powerful, quiet. I bought one years ago that was just lost during a move... buying it again without a second thought! I CANNOT WAIT TO VACUUM MY CARPET!!! (No, I don't go out much anymore. But even if I did, I would still be pretty freakin' excited to use this little baby.)",SO FREAKIN' EXCITED! Second Navigator Lift-Away I've bought!,1468800000,,,,79,POSITIVE
5,True,"02 26, 2018",A35ZNFOAF6EI1B,B000F09CEA,Ryan H.,"Stuff is awesome, best penetrating oil I have used.",Five Stars,1519603200,,{'Size:': ' 13 oz'},,9,POSITIVE
5,False,"11 13, 2015",ASBYV3456S0VS,B0052DJAJC,Patrick Legros,Excellent!,Five Stars,1447372800,,,,1,POSITIVE
5,True,"02 19, 2018",A3E3SLFP09TU1Z,B00ECGTK4K,Amazon Customer,Ok,Five Stars,1518998400,,{'Package Quantity:': ' 1'},,1,POSITIVE
5,True,"05 20, 2017",A1AJY94A0BSDHH,B004HKIU56,Amazon Customer,"I have used this type of roller chain brake before and this one is one of the best that I have used. I purchased it to cut # 60 chains for replacing on my Argo.
It is easy to use and works Great!",Worth every penny!,1495238400,,,['https://images-na.ssl-images-amazon.com/images/I/81giCY3D9vL._SY88.jpg'],43,POSITIVE
5,True,"01 22, 2014",A3CN9GHXWQ5AF2,B004C39D68,Geo,Great for keeping your teenagers in line. I would recommend this product to curiously concerned parents. Good parenting starts at home.,Great buy,1390348800,,,,21,POSITIVE
5,True,"06 28, 2017",A1Y5IJUUQGXC9O,B00LUDV9ZG,east coast,works great very good product,Five Stars,1498608000,,,,5,POSITIVE
3,True,"01 8, 2015",A1X1CRG34LBO01,B00DRALJ28,Patrick may,"Great little device, however could use a backlight button.",Three Stars,1420675200,,,,9,NEUTRAL
5,True,"02 21, 2017",A3QT6ZT32CZRA8,B00COGNWXA,Robert K.,great little boards for quick prototyping!,Good product!,1487635200,,,,6,POSITIVE
5,True,"08 31, 2015",AM2Y24C6QJ8MS,B00I5RNI8G,Skyking,Just what I was looking for to clean brass in a tumbler. small enough to get in side the primer pocket and down inside and not cause problems in the primer pocket.  Really worth while!!,Just what I was looking for to clean brass in ...,1440979200,,,,35,POSITIVE
1,True,"07 27, 2017",ADG1BCP92659R,B00QDH37MW,Elyse,"Packaging written in Chinese, no idea how to use.",One Star,1501113600,,,,9,NEGATIVE
1,True,"08 24, 2015",A55LPQB07E8GJ,B00E447TG6,laura,These are not the same quality as the one that came with the sander.,One Star,1440374400,,,,14,NEGATIVE
5,True,"12 31, 2016",A14D5L2ILTYRGD,B00OHYW0VM,Tom,works great,Five Stars,1483142400,,,,2,POSITIVE
1,True,"10 4, 2017",A3IPOT56VTUOQ,B010OOSM3I,Theodore Horoschak,I received 1 ball of each size - a grand total of 0.6 ounces. That's it.,One Star,1507075200,,,,16,NEGATIVE
3,True,"05 3, 2017",A1EA13WC948GN8,B00EEHXE8A,Jules.,Didn't come out very black.. .more like a grayish...it's a good think we like the color.,Nice but not very black!,1493769600,,,,16,NEUTRAL
5,True,"03 29, 2017",A2UFD1HWZH9J0U,B00ZSFXZB8,Amazon Customer,"After one use I could see a difference, even my Co workers complimented my teeth! Is well worth the price, my kids hate the taste but I don't mind it.",Works Amazing!!,1490745600,,{'Size:': ' 4.5 oz 1 Pack'},,30,POSITIVE
5,True,"05 21, 2016",AMRS3ZCARKWG,B00002N6FE,Casca,Perfect.,Five Stars,1463788800,,"{'Size Name:': ' 1 Pack', 'Style:': ' Coarse Grit'}",,1,POSITIVE
5,True,"03 14, 2015",A2FH5PCGR42PMC,B00FATZTMK,Stuart Schwartz,They worked great for securing some seat adapters in my '67 mustang.,They worked great for securing some seat adapters in my '67 mustang.,1426291200,,,,12,POSITIVE
4,True,"11 11, 2017",ACA95BDCZ69IX,B00BT2J16C,juan s.,impecable,Four Stars,1510358400,,,,1,POSITIVE
5,True,"03 22, 2017",A2I4MB1IHUPRR9,B003PDNEBQ,Moonlit Mechanic,"Used this to extend my air compressor outlet, exactly as described.",Five Stars,1490140800,,{'Number of Items:': ' 1'},,11,POSITIVE
5,True,"10 19, 2017",ALYUMT8XU9G2G,B01DMFVIEQ,C. Fitch,These  are the absolute perfect size for portability of oil mixtures for specific short term needs.  I am very happy with the quality and price.,Perfect size,1508371200,,{'Package Quantity:': ' 12'},,25,POSITIVE
4,True,"07 12, 2018",A2AE5KX6M8LL4N,B018298ZLG,miguel,hope stronger material. excellent jobs doing it purpose,excellent jobs doing it,1531353600,,,,8,POSITIVE
5,True,"10 24, 2017",A2PUAA9UUDLF55,B00KX26N8S,MissAcerbi,Great suction!,Five Stars,1508803200,,{'Size Name:': ' Small'},,2,POSITIVE
5,True,"08 15, 2016",A3JC769PVBGM5H,B00LZKR3G8,Kayla,"This fry pan is super versatile and easy to use. It truly is non-stick. I have no issues cooking with it. The purple color is cute and is a nice touch. The pre-heat color indicator is also a really cool feature. I use a 12"" for everyday stuff and it works very well. I don't find it to be too large or heavy when cooking.",Good pan!,1471219200,,"{'Size:': ' 12-Inch', 'Color:': ' Purple'}",,65,POSITIVE
4,True,"02 16, 2013",ATPFC1CNB45JI,B001D3LQWE,Joyce C,One for the dry cat food and the other for the dog's dry food. Very handy and useful. I'm sure there could be other household jobs too.,It is what it is,1360972800,,{'Size:': ' Medium'},,27,POSITIVE
1,True,"08 31, 2015",A3GM936RZ2TUJB,B00CAO5Z0E,janp,"did not work well, not sure if it was defective?",One Star,1440979200,2,{'Size Name:': ' 1-(Pack)'},,10,NEGATIVE
4,True,"05 10, 2016",A2CMBNDQOLBKJH,B0038YY3LW,ed boeshart,Need this when bending the cabal.,Good,1462838400,,"{'Size:': ' 7/32"" and 1/4""', 'Style:': ' Zinc-Plated'}",,6,POSITIVE
1,True,"11 14, 2015",A1NU946OH1EVO8,B00DIJ13HE,Cosmo,They do not allow my honest review to be posted. Read between the lines. This is my 3rd try. GB,They do not allow my honest review to be posted ...,1447459200,2,,,20,NEGATIVE
1,True,"11 14, 2016",A3F6PS7DBJ18B1,B008DF9LFO,Amazon Customer,"Many of these have sporadic readings, and will cause my inputs to go to max or min values when i squeeze the case, will not buy again!",wild readings not good.,1479081600,,,,27,NEGATIVE
3,True,"05 5, 2015",A3QWQC11J85ZS8,B000FMUGLQ,REID H.,Product seems to be as advertised.,Three Stars,1430784000,,"{'Size:': ' #6-32', 'Length:': ' 1', 'Number of Items:': ' 100', 'Overall Length:': ' 1'}",,6,NEUTRAL
4,True,"09 4, 2015",A1J894ZEJF2Q63,B004FBKLZE,J,I give it 4 stars because it did what it was supposed to do and the price was right (perhaps I should have given it 5 stars).  It wasn't that huge of an issue to figure out how to operate.  It did put out a cloud of diatomaceous earth in the attic but I wouldn't want to try and do my entire attic with it.,I like it,1441324800,,,,65,POSITIVE
5,True,"11 30, 2016",AMN56VJXZKRQ8,B006FHQBHI,Knoxy,Just what I needed,Great item,1480464000,,,,4,POSITIVE
4,True,"10 26, 2017",A34KP4SI52BNLA,B00AU7DVPO,Open Book,It worked great and so easy to use.  But a 16 oz bottle only cleaned up one large oil stain.  It's expensive for such a little amount of space that it cleaned.,It worked great and so easy to use,1508976000,,{'Size:': ' 16 oz'},,32,POSITIVE
5,True,"08 18, 2016",A1WLUZEWEJKNVO,B011ALLRP4,deok won ju,Good,Five Stars,1471478400,,,,1,POSITIVE
5,True,"12 6, 2015",A1J6T385TT9WYU,B000OFKDXA,Hubert M. Griffin,"Great Exam gloves, but I should have orderd large size instead of small",Five Stars,1449360000,,,,13,POSITIVE
5,True,"08 5, 2015",A358G941PU06KF,B0002EQU6C,Marker,Used this after doing a 'kitchen oven' reflow on my PS3 to fix the YLOD.  I can't believe it worked.  Still working after a couple of months too!,Used this after doing a 'kitchen oven' reflow on my ...,1438732800,,,,28,POSITIVE
4,True,"11 16, 2015",A8VKV1I624DC,B00MQUFJLM,Michael S. Goodman,Nice size handle,Four Stars,1447632000,,,,3,POSITIVE
1,True,"09 16, 2017",A2WQ3S9GJYOMJD,B00I0TT5C2,Steve,"Worthless ! No sticky-back side, does not adhere to itself like velcro should ! Unusable POS !",does not adhere to itself like velcro should,1505520000,,,,17,NEGATIVE
5,True,"01 11, 2018",A1D7T4IWHVBRXN,B00CHNX4N8,Aziza,Good quality,Five Stars,1515628800,,{'Package Quantity:': ' 24'},,2,POSITIVE
5,True,"09 14, 2013",A7P7OP5UW6APV,B000E62TCC,Marilynn A. Jones,Vinyl Tubing - 10 feet 5/16 ID - 7/16 OD (Food Grade) ..fast shipping ..packaged well ...used it with  the medium and mini auto-siphon ..worked well ...,Vinyl Tubing - 10 feet 5/16 ID - 7/16 OD (Food Grade),1379116800,,,,27,POSITIVE
4,True,"06 29, 2013",A2N3FF48J57V9N,B005KGKCRA,sonic boom,Use it to test PH on pool water samples. Seems to be accurate and repeatable and correlates well with other measurement methods. Have not done a gauge R&R study but it fits the bill for pool water.,PH tester,1372464000,,,,37,POSITIVE
5,True,"02 1, 2015",AOLY6K5ZYP9L4,B009EU5ZNO,Michael M,I purchased this to repair numerous toys my son had damaged during some very enthusiastic playtime. It works well but I'd recommend letting the item sit a little longer than the directions state. My son definitely likes this product because he's got his toys back again. I'd definitely buy this again if I run out it.,Works great on toy repair.,1422748800,2,"{'Item Package Quantity:': ' 1', 'Package Quantity:': ' 1'}",,56,POSITIVE
5,True,"07 29, 2017",A2XKOYQ09XU05,B000SKX0N6,Myra Mc Clain,Good cleaning ability. Would order again.,Metal cleaner,1501286400,,{'Size:': ' 1 Gallon Bottle'},,6,POSITIVE
5,True,"08 10, 2014",A1GQ394I87J1K3,B000052030,Phil M.,"it was /is just tape, what can go wrong?",Five Stars,1407628800,,{'Size Name:': ' 1 Pack'},,9,POSITIVE
4,True,"09 12, 2014",A2FICAANJHOGG3,B00ECZORVM,Hai D. Nguyen,good,Four Stars,1410480000,,,,1,POSITIVE
5,True,"04 6, 2018",AXMX5RASTEHR,B0185FIDF0,William Graham,Order was delivered on time and in great condition. Works perfectly. Very satisfied with my order.,Five Stars,1522972800,,,,16,POSITIVE
5,True,"05 3, 2017",AEKOGUIA25Q5I,B00N2WGUPW,Amazon Customer,Fermentation started very quickly and yield a strong dry champagne cider. Will be attempting to make a sweeter cider with lower alcohol content next. Will buy again,Fermentation started very quickly and yield a strong dry champagne ...,1493769600,,,,27,POSITIVE
5,True,"06 29, 2015",A1IB939RMRBG2F,B001E5ZWT4,Louis Mastracchio,great to use for wraping dirt bike rims,Five Stars,1435536000,,{'Size Name:': ' 1 Pack'},,8,POSITIVE
5,True,"09 22, 2014",A1X5R1XPSVSF2G,B0060C5O1W,Stephen B.,ok,Five Stars,1411344000,,,,1,POSITIVE
5,True,"03 14, 2015",A3FOD4DV41YMKA,B003F76A72,Brittney,Great for moving anything and everything,Five Stars,1426291200,,{'Color:': ' Orange'},,6,POSITIVE
1,True,"02 3, 2014",A24RIZLQR3TU1C,B000FFIJF8,leroy thornley,signail is so strong you can not use to idendify wire you are tracing. usless! when prope is any place near wires makes noise so you can not tell which wire you have atteached trainsmitter,does not do the job,1391385600,2,{'Size:': ' 1) Fluke Generator and probe kit'},,35,NEGATIVE
5,True,"01 12, 2015",A2QWRO8068XCYY,B004C4VLZS,Juan Vazquez,i save a lot of money do it my self repair thank you i recommended to my friends,... money do it my self repair thank you i recommended to my friends,1421020800,,{'Size:': ' Pack of 1'},,18,POSITIVE
4,True,"04 3, 2018",A12FUWZUAGWPLJ,B0177PN6SI,steve chavez,Really like this product I would recommend it,Four Stars,1522713600,,{'Color:': ' Step Bits 2'},,8,POSITIVE
4,True,"01 15, 2016",A2HKKL0AQSJYTF,B00KX26N8S,Cinchicago,I'm so happy I bought this. I am finding many uses for it. It works very well but it is very loud.,Glad I have it - works well,1452816000,,{'Size Name:': ' Small'},,22,POSITIVE
3,True,"03 18, 2015",ANZJOIVKRZFGH,B000F4OYMQ,Moriah Evans,This color (seafoam green) is awful. They made it much darker and with a pearl effect. But the sound quality is great for student nurses trying to differentiate sounds,But the sound quality is great for student nurses trying to differentiate,1426636800,,{'Color:': ' Seafoam Green Tube'},,29,NEUTRAL
5,True,"04 21, 2016",A1XSDHNF412LJ5,B00GY8DDYM,Damitha,It save me a lot.,Five Stars,1461196800,,,,5,POSITIVE
1,True,"08 31, 2016",A34WTKIVLBKOJ2,B008BTYWCY,Summer Poole,The pin holding my blood pressure cuff handle broke with in days,One Star,1472601600,,{'Color:': ' Purple'},,12,NEGATIVE
5,True,"01 24, 2017",A2046GQHX98EEE,B001NDNV18,Fan # 1,"excellent vacuum!!!!  i love it, and i will by more for my clean service company",Five Stars,1485216000,,{'Style:': ' Oreck Commercial XL2100 Upright'},,15,POSITIVE
1,True,"07 20, 2018",A2ZQ5G72KZU31O,B00GS8W3T4,Jackie,The gloves have an expiration date of 2/2018.,Months beyond expiration date!,1532044800,,{'Size:': ' Medium/100'},,8,NEGATIVE
5,True,"11 20, 2016",A3RSYSWZIM6XCR,B01GWD9VU8,Grumpy Old Man,Stainless and washers... What else to say/.,Five Stars,1479600000,,,,7,POSITIVE
3,True,"09 29, 2014",AUC76WJJN42FV,B00ZPSXBMQ,Cory M. Schemitsch,Way loud but works ok,if you don't mind tne noise level...,1411948800,,,,5,NEUTRAL
5,True,"04 15, 2017",A3KPMPX82JQR4V,B00YYYBINQ,MIKE BRADLEY,"I have this product on my cuticles, stitches, burns, shingles, friends, family, and dogs.  Worth it!",Wonderful!,1492214400,,,,16,POSITIVE
5,True,"03 20, 2017",AJ8ATP48S57N4,B00NYF59MM,Amazon Customer,Good sruff,Five Stars,1489968000,,,,2,POSITIVE
5,True,"09 12, 2015",A1P45HF96D9VAY,B00NB3TCQG,MDH.,"used as long wire antenna and with stands a couple stormes, hard to see, very stealth",Five Stars,1442016000,2,,,16,POSITIVE
4,True,"03 12, 2016",A2F5AHXADH49TH,B00IYFOIRO,Nicholas Johnson,Alot bigger the what i expected but should work great for metal fishing i hope.,Four Stars,1457740800,3,,,15,POSITIVE
4,True,"08 26, 2017",A37VUZFXDHCYOL,B005CJ7NHW,Joven Lopez,It works!!! Great price point.,I like it.,1503705600,,,,5,POSITIVE
3,True,"03 13, 2013",A2APJ170EN7231,B0030O6CTG,Stephanie,i think it is pretty safe to say that the average person isn't familliar enough with plastic film to know exactly how thick .35mil is.  I'll tell you- it is pretty thin.  Sort of like saran wrap/ kitchen cling wrap except it does not stick to itself.  i wish this plastic were thicker but it was a good price and it is a huge roll so theres enough to use two layers- which is kind of annoying- but if you're on a budget it works.,pretty thin but enough for a double layer,1363132800,2,,,85,NEUTRAL
3,True,"12 22, 2016",AS6NT8M8QQK3S,B000BQP2YM,Xena M.,I would have been much more impressed if the package actually held the number of washers the label said were in the package.,I would have been much more impressed if the package ...,1482364800,,"{'Item Package Quantity:': ' 1', 'Package Quantity:': ' 1'}",,23,NEUTRAL
3,True,"11 17, 2015",AKTAXZR5AMK46,B00MANN6WO,taximom212,"These are soft and easy to wash, but we found them to run a bit small. If you wear a ladies size 16 or above, you will find it smallish. Otherwise, no complaints. They are much like the ones in the hospital. The fabric is not heavy, but it is comfortable and seems sturdy.",Typical hospital gown,1447718400,2,{'Color:': ' Star Blue/Demure White'},,54,NEUTRAL
3,True,"12 15, 2014",A2FNN4NYJYYB12,B006M70BM2,BruceAA,had to drill and tap for set screw,Three Stars,1418601600,,,,8,NEUTRAL
5,True,"10 4, 2017",A3K2DAMWVKOZL7,B001AQEZ2W,CraftGuy,Excellent product for the price. Very good quality. This is now my go-to caliper and I use it all the time.,Excellent quality for the price.,1507075200,,,,21,POSITIVE
4,True,"09 5, 2015",A308CDVRM1U6M0,B00QLEHTO4,BL Meyer,good product a little thin but works OK,Four Stars,1441411200,,"{'Size:': ' 5.1 Inchx16.5 Inch', 'Color:': ' 3pack'}",,8,POSITIVE
5,True,"08 20, 2017",ARBRWSZH1CP70,B001GCTXIQ,paulapumpkin,Really good paper towel!!,Five Stars,1503187200,,"{'Size:': ' 27', 'Color:': ' 3'}",,4,POSITIVE
5,True,"01 3, 2017",A1T0UQH10507T8,B001DECMSA,Nicole,"awesome have moved so much in the house with no problems, no floor scratches or furniture torn.",Five Stars,1483401600,,,,17,POSITIVE
5,True,"10 25, 2014",A2BMHFPZJU694I,B005HPUZ5S,Weght Man,bullets for my guns good tuff stuff and service !!,Five Stars,1414195200,,,,10,POSITIVE
1,True,"11 30, 2015",A10949TEBPW3CC,B00CKL70LO,NO.....,"Completely useless. Each test temperature, temperature fluctuation display is too large to determine the approximate value.",One Star,1448841600,,,,16,NEGATIVE
5,True,"12 9, 2016",A13V8SWPRYF6SU,B01DJZ8CP2,Steven Johnson,accurate,Five Stars,1481241600,,,,1,POSITIVE
5,True,"09 28, 2013",A3M5I23OFIVG0Y,B00QYX6F5G,Scivies7,"My friend bought a different one at the same time, and even though his has a laser sight and this doesn't, my temperature was more accurate. for the price, it definitely serves its purpose.",Works great,1380326400,,,,34,POSITIVE
5,True,"01 1, 2017",A2WH0YL9P3T9A5,B001NDNV18,Andrew,"Awesome vacuum!  I also bought the handheld canister that has a bag system!
Would definitely recommend to others!!!
Easy transition from carpet to hard floors!
Lightweight and sturdy construction!",LOVE my Oreck commercial vacuum,1483228800,,{'Style:': ' Oreck Commercial XL2100 Upright'},,29,POSITIVE
5,True,"09 4, 2017",A1BGPE2PJUVL1F,B00MUT58Y2,Dude,Used to machine a 80 % lower ! Seemed to keep my router bit from getting to dull ...,Seemed to keep my router bit from getting to dull..,1504483200,,{'Size:': ' 4-Ounces'},,19,POSITIVE
2,True,"07 21, 2017",A3NJD2QR14W6WK,B00IYFOIRO,Paul Robertson,"Definitely  wasn't as strong as i wanted, very weak magnet.  Was intended for magnet fishing but, i do not even think it would pick up an old hook. Very dissatisfied.","Definitely wasn't as strong as i wanted, very weak ...",1500595200,,,,30,NEGATIVE
5,True,"03 22, 2017",AO0W6RNQZ0949,B00AJUDVSE,Ginny,Excellent for hanging (magnetically) on the fridge.  You do need to use the type of 'marker-chalk' that comes with it as regular chalk will not work (it is almost like a white-board).,Excellent for hanging (magnetically) on the fridge,1490140800,,"{'Size:': ' 16 by 24 Inches', 'Color:': ' Blackboard with White Marker'}",,32,POSITIVE
3,True,"12 1, 2015",A2OS01J2ATMQ8S,B00DMI632G,Diggity Dan,"Got it during an Amazon sale. It works OK but it's far from accurate. But that's the case with most of the laser thermometers up to $200; even those say +/- 4 degrees. This one is more like 8-10 degrees low. It works fine for my needs which is checking hot cooking oil temps, pizza stone temps, etc. Don't have to be that accurate for those. For the price I paid and for my needs, it works OK.",Don't expect accuracy.,1448928000,3,{'Style Name:': ' lasergrip 1080'},,78,NEUTRAL
1,True,"09 25, 2015",A37GDG648X0OYP,B00KJDJ0EA,steven becker,Product kept melting when I used it on my 3d printer I will never buy it again.,One Star,1443139200,2,,,17,NEGATIVE
5,True,"04 23, 2017",A1V9ZSHBZ5IMWC,B01BRIPPSK,Christopher Glidden,Used these for a door latch in my trailer. They latch tight and require the perfect force to open. Happy.,Good for door latch.,1492905600,2,"{'Color:': ' Silver', 'Size Name:': ' 2Pcs'}",,20,POSITIVE
5,True,"05 2, 2015",A3K2GQPZJEWRR3,B007D1U64E,BRIAN L. DAVIS,This worked great in my Keurig coffee maker after a factory valve broke!,Five Stars,1430524800,,,,13,POSITIVE
5,True,"05 1, 2017",A1ABQAX75R6WX4,B000OMHJAS,rob,As expected.  I used it to make the 150$ LED whip for a RZR for less than 20$.,Cheap LED whip,1493596800,,"{'Item Package Quantity:': ' 1', 'Length:': ' 48', 'Overall Length:': ' 48', 'Package Quantity:': ' 1'}",,18,POSITIVE
5,True,"12 19, 2015",A23DRVMML8JD9E,B0013AZ4R0,Tom,Very happy with this product,Five Stars,1450483200,,,,5,POSITIVE
1,True,"03 27, 2017",AV6LHUN5Z2S02,B00I5RLHIY,Mark A.,"Says high impact, easily tears by hand.",easily tears by hand,1490572800,,,,7,NEGATIVE
5,True,"04 29, 2017",A209HTHG5YTX3S,B0085J0ZTE,james gustafson,keeps out dust and critters,Five Stars,1493424000,,,,5,POSITIVE
5,True,"11 3, 2017",A20VH57U0BAIH0,B002PXEKOC,geno,"I refinished my deck and scrubbed my Epoxyed garage floor with two coats of Trewax, as I did six years ago. I now know that both will stay maintenance free for a long time while I watch my neighbors refinish their every other year. Both my stained wood deck and mt epoxy finished garage will remain easy to clean and perfect for years. And we will not slip on either one. I sware by TreWax, easy to purchase through Amazon.","Trewax, I love it.",1509667200,,"{'Size:': ' Pack of 2, 32-Ounces Each', 'Scent Name:': ' Satin Finish'}",,80,POSITIVE
1,True,"08 25, 2015",AR1UBIQ7W9ZWR,B00C8SOF0S,Ryan Grimes,Gloves shipped fast and that's about it. These gloves came pretty much useless. I'd say about 5% of them are useable. They all are stuck together kind of like melted plastic and they rip so easily.  Worst gloves I've ever ordered.,Useless,1440460800,,"{'Size:': ' Case of 1000', 'Style Name:': ' Medium'}",,41,NEGATIVE
5,True,"02 24, 2016",AUH1RZ4CU22G6,B00LBPSSK2,Zady Mendez,excellent!!!,Five Stars,1456272000,,,,1,POSITIVE
5,True,"07 25, 2015",A5MRHLOSFS5XY,B00IYFPFV2,okwhite,Strong...just what I needed.,Great value...just as strong as advertised.,1437782400,,,,4,POSITIVE
5,True,"11 6, 2017",A38FU3GG9BB5WW,B000E9ZKDY,josh,worked perfect for what i needed.,Five Stars,1509926400,,{'Size:': ' 200 Count'},,6,POSITIVE
5,True,"11 22, 2010",ATLU36XNCCNFM,B00DZUB2EA,Sikhanda Satapathy,"I received the part before the scheduled date, installed it on the refrigerator, which was very easy. It has been working quietly for the last 3 weeks.",Prompt service and good part,1290384000,2,,,27,POSITIVE
2,True,"08 4, 2017",A3D1OY8MQTBFUG,B00TDBVW7W,Amazon Customer,Just as advertised!,Two Stars,1501804800,,,,3,NEGATIVE
2,False,"02 20, 2014",A2XSDC1VD7YSF0,B000796XXM,LSpinner,"My best friend Kim J. and I decided to buy this as a way to defeat the imperialist scum of America, but we were severely disappointed with the outcome. First of all, the title was misleading, we thought the quantity would be much larger. Secondly, I developed alcoholism and herpes when I brought this to Kim as a birthday present, along with my very own brand of vodka. All in all, I wouldn't recommend this product.

Dennis R.",Could have been better...,1392854400,7,,,78,NEGATIVE
3,True,"04 26, 2016",A3U0AQ3E1T6PXV,B00GYSUX40,D. A. Black,"Solid unit, but I don't notice too much noise difference with or without the unit.  I'm sure filtration is fine.",I'm sure filtration is fine.,1461628800,,,,20,NEUTRAL
5,True,"08 7, 2017",A1YT68YBP6AQ8X,B000ROQK3A,Amazon Customer,"Great product, as expected!",Five Stars,1502064000,,"{'Size:': ' Side Bin', 'Color:': ' Green', 'Style:': ' Single'}",,4,POSITIVE
5,True,"05 11, 2016",ACA2Y4E4ZZNS9,B00SS1BK2A,Vital Touch Massage,High Quality and it was exactly what I wanted.,Five Stars,1462924800,,,,9,POSITIVE
3,True,"03 13, 2017",A3AUI32BXQ4J5J,B00AQNT36S,Pastor Abc,nice,Three Stars,1489363200,,{'Style:': ' Commercial Baby Changing Station'},,1,NEUTRAL
5,True,"05 3, 2013",A1J515ZFZO7GW1,B000JWK3PG,Nakeya,This is the best toothpaste ever.  My breath stays under control the entire day.  I am happy it is a natural product at that.  I will never go back to other brands.,Never go back.,1367539200,,,,32,POSITIVE
4,True,"01 13, 2015",A17D2S7Q2UP0AO,B0060EUA32,R. Moore,"Works good for it's intended purpose.  I don't vacuum out my stove when there are hot embers present usually and so that capability has not been tested by me.  For my purposes I could have been equally satisfied by installing a drywall filter in my shopvac probably but the metal canister and hose tip on the PowerSmith are an advantage when used with ""potentially"" hot coals/embers.",Works good for it's intended purpose,1421107200,,{'Style:': ' Vacuum'},,66,POSITIVE
5,True,"04 19, 2016",A2OU2YLSEKFQXK,B000QC0XZO,Skip&#039;sStatment,Great gaff tape. Exactly what I needed for some DIY photography accessories. This giant roll will last me a *long* time.,Great product,1461024000,,"{'Size:': ' 1"" (Pack of 1)', 'Color:': ' Black'}",,21,POSITIVE
5,True,"11 8, 2015",A151WA4MWQWQR0,B00MMHUYGE,Jane Reiff,great deal,Five Stars,1446940800,,,,2,POSITIVE
3,False,"08 26, 2013",A1FQS9ZHAQ63V1,B003CP12O8,RiverShopper,"They need to fix the staining issue. But if you do use this product, be sure to have your mouth fairly clean before using it, and rinse extremely well after using it. I use this product sometimes, and I rinse a lot. Otherwise, if you use it a lot, you will feel the residue. Don't use this product independent of brushing and without rinsing thoroughly. It's also good to alternate and not use the same mouthwash forever, then you can minimize side effects of each product.",Pros and Cons,1377475200,,,,86,NEUTRAL
5,True,"07 20, 2016",A35Q1DIH0N03XR,B00B0WHUQ4,William Leon Hamric,perfect Fit,Five Stars,1468972800,,,,2,POSITIVE
5,True,"12 31, 2017",A2UN3E0CXZQK28,B004XZQ30Y,JARELLANO,Good item! Gets the job done!,Good item! Gets the job done!,1514678400,,,,6,POSITIVE
5,True,"10 9, 2017",AXBZO41IFPA2X,B01CRIOPI0,Amazon Customer,This is a pretty ashtray. Very elegant!,It's gorgeous!,1507507200,,,,7,POSITIVE
5,True,"08 10, 2018",A1CFZRB241SZ4R,B01ERIUM44,Amazon Customer,Worked great,Tape,1533859200,,"{'Color:': ' White', 'Style:': ' SHIPLBL-101-50'}",,2,POSITIVE
5,True,"03 30, 2017",ADK1I6GUYH20I,B00QZ67T3O,Kathome,"My last Sonicare toothbrush lasted over 13 years!!!  Finally died and so, of course, I purchased another one.  I'm happy with this new one too.  I like that there are 3 intensities and it is slimmer and more sleek than the older style.  Wouldn't have any other brand.  I think that the competitor ""spin styles"" would tend to wear away the gums.  Just my opinion.",Long battery life and small footprint.,1490832000,,{'Color:': ' Persian Green'},,65,POSITIVE
5,True,"09 12, 2013",A2QPNXEFYPGWSZ,B003ZZY9T0,Linda Bowles,Really great value.  The bags are very good quality.  Large enough to hold a shirt or blouse for merchandise mailing.,Great value.,1378944000,,{'Size:': ' Pack of 100'},,20,POSITIVE
5,True,"12 22, 2014",A1YKHQK5PUJMF4,B00GB03OLU,Geoffrey Williams,"high quality, works fine",Five Stars,1419206400,,,,4,POSITIVE
5,True,"05 31, 2018",A33F8PCDCCIAVV,B0156P6YVC,Ryan J.,Seams to be working as expected. Hopefully they last the test of time,Five Stars,1527724800,,,,13,POSITIVE
5,True,"09 18, 2016",A3F5UJ37UC2VVR,B00CJEEZPQ,Robert Price,Good quality,Good quality,1474156800,,,,2,POSITIVE
5,False,"01 21, 2016",AVIT6NLZYUMU6,B007C5IH4C,E. Crews,Very good last longer than most !!!!,Five Stars,1453334400,,{'Size:': ' Pack - 6'},,7,POSITIVE
5,True,"07 22, 2016",A20W22Q9TE53KR,B002DZRFIK,P. S.,Excellent adhesive.,Strong adhesive,1469145600,,{'Color:': ' Black'},,2,POSITIVE
5,False,"01 24, 2016",A8S7EVDYRYUXR,B00JCFPODM,John Mailloux,Quite possibly the most used gadget int he home. The kids love it. One even smuggled it to school to take readings of god knows what. Next on the list? Thermal cam baby. Nerds? Totally.,The kids love it. One even smuggled it to school to ...,1453593600,,{'Color:': ' Orange/Black'},,35,POSITIVE
5,True,"01 15, 2014",A2I7XRWG0H50PI,B003E48ETS,Steven Douglas Badour,"Carry them in my shirt pocket, & find them very useful in plumbing & electrical work, on & off the job.",Extremely Handy tool !,1389744000,,,,21,POSITIVE
2,True,"02 15, 2015",AYF6OJX64QOJ3,B002WJHE7E,Gary LAM,Okay,Okay,1423958400,,{'Color:': ' Black'},,1,NEGATIVE
3,True,"07 8, 2017",A203HC059CDEHI,B00B28Z2AC,Not Your Average Nana,didn't work like it says it will.  Husband used it to repair a place on the seat of his Polaris - but with the heat we've been having here in Georgia - it did not stick - but it left a sticky mess when it came off.,Not good for use on things that are out in the heat.,1499472000,,"{'Size Name:': ' 2 Inch', 'Style:': ' Single Pack'}",,47,NEUTRAL
5,True,"11 6, 2015",A3ICLBPLVXXQ7J,B00648HFEG,Club73,"These brass clips are great, much better than the chrome plated ones.  Shipped fast and as advertised. Would recommend to all considering these.","These brass clips are great, much better than the chrome plated ones",1446768000,,,,23,POSITIVE
1,True,"04 12, 2017",A10YB72CEON500,B000234ITO,mark e miller,"box was soaked with fluid that had leaked out of jack, not impressed",leaky jack,1491955200,,{'Size:': ' 4 Ton'},,13,NEGATIVE
3,True,"01 13, 2017",ADZ7ZMTIQ3RR9,B000FSFJJY,DenaMarie,This feels really cheap... but the size is ideal and it does the job.,Okay,1484265600,,,,14,NEUTRAL
5,True,"04 28, 2016",A36DJR42A61TD5,B004RSTCZA,Doug M.,as promised,Five Stars,1461801600,,"{'Size:': ' 0.75 Inch NPT', 'Style:': ' 200 PSI'}",,2,POSITIVE
5,True,"08 1, 2015",A25G2NVB9GRIQ9,B00IYE5SYC,lulu,will buy more,Five Stars,1438387200,,{'Color:': ' Oil-rubbed Bronze'},,3,POSITIVE
3,True,"01 24, 2014",A1U90MYVSLLFI1,B001JYWWWU,Danny,"What can one extol about steel wool? It's rough. It's a nice shiny color. It did what I needed steel wool for.

If you're into steel wool - I say for this bag full. :)",Hey it's steel wool.,1390521600,4,"{'Size:': ' Pack', 'Color:': ' 1 Pack'}",,35,NEUTRAL
5,True,"12 26, 2016",A1BKRRQV243JFG,B00AIUV90C,Steve A.,"Good, strong sling and look forward to many uses",Happy with this,1482710400,,,,9,POSITIVE
4,True,"11 20, 2015",A2V685XA08NS6Q,B00DRALJ28,Amazon Customer,"Damaged in shipment, but appears to be working well.",Four Stars,1447977600,,,,9,POSITIVE
5,True,"09 17, 2017",A1ODUVTRL77224,B019HPVULQ,Leonard,Good product as described.,Good product.,1505606400,,,,4,POSITIVE
5,True,"11 13, 2016",A2OZTPYM8LLLVW,B00ACBKNS6,Amazon Customer,Good product,Five Stars,1478995200,,{'Color:': ' Light Black'},,2,POSITIVE
5,True,"07 16, 2013",A2QWUSL7WA4PC,B006G0ILS6,Sergio_IDI,"This is a very useful kit to have around if you want to prototype different designs. 0805 resistors are a good size, not so tiny so it is easy to hand solder.",Very Useful,1373932800,2,,,32,POSITIVE
3,True,"12 28, 2015",A7LZXLVSVA0PI,B00L4UXQ42,Joe Smith,Purchased for my Robo 3D R1 Plus stock end (hexagon hot end). The nozzle's threaded shaft is about 1-2mm shorter than the stock head. Unable to speak to quality due to the lack of usability.,Does not fit on Hexagon Hot Ends,1451260800,2,,,35,NEUTRAL
5,True,"05 10, 2017",A1BFJF4Y82COHP,B00SUHCW7O,Joe Critic,Transaction was handled with dispatch and met all expectations. It installed easily and worked from day one and has not cause any concerns.,"As expected, satisfied",1494374400,,,,23,POSITIVE
3,True,"07 9, 2015",AHQGX9K4C16O3,B004Y4Z7NS,Brittany Davis,"The cups were just what I needed, but over half of the lids were deformed and would not fit the cup. I had to improvise with plastic wrap.",Good but...,1436400000,,,,28,NEUTRAL
5,False,"08 10, 2004",A1GTBXD3YO5CO9,B0002EQU6C,A. Barnes,"Arctic Silver is the best thermal paste available, hands down. It moves heat like you wouldn't believe. I don't use anything else in my machines.",the best you can get,1092096000,13,,,25,POSITIVE
5,True,"06 20, 2018",A37EN9RHUJ92IQ,B00JGPAKY6,kelly bernard,We use this pan for eggs almost every day. Foods slide out easily. Its easy to care for.  No negatives to include!,Truley non-stick,1529452800,,"{'Size:': ' 8-Inch', 'Color:': ' Red'}",,22,POSITIVE
1,True,"01 28, 2015",A2PZ4PPCC1IWL5,B00062N4GO,Lisa Brady,"Love the cuff design and I usually get quality products from Prestige, but the valve on the pump is faulty. There must be something wrong with the threads because it barely turns enough to let air out. This makes it take forever to deflate, causing discomfort to the people I'm using it on. My boyfriend is a big strong guy and even he had a hard time using the valve one handed. Maybe that's why it was so cheap. Will be returning.",Love the cuff design and I usually get quality products ...,1422403200,,{'Color:': ' Ribbons and Hearts Purple'},,82,NEGATIVE
4,False,"09 25, 2016",AOTXA2NSDHDGQ,B01G5Y63OQ,ryliu_us,"They are more inexpensive compared to those at home depot.  However, they are not as smooth even I put in some motor oil.  Still they function fine.",Still they function fine.,1474761600,,,,27,POSITIVE
3,True,"03 18, 2016",A3MHCWPPPU4L2H,B00CD16KCG,A.S.,Super slow shipping and I don't know what the blue thing in the picture is but it doesn't come with it.,Slow shipping,1458259200,,,,21,NEUTRAL
5,True,"08 15, 2015",A1W1ZTCVKZ5YMM,B00KMGV96Q,Denise Hamilton,"I love my sign, the bulbs are a nice size, great buy.",Five Stars,1439596800,,,,12,POSITIVE
2,True,"02 3, 2016",A1RUBG997D1RKH,B009GH1NV8,Shantell,Very cheap. Did not stay on the wall for more then a day at all! Extremely messy and doesn't fit all toothpastes!,Very cheap. Did not stay on the wall for ...,1454457600,,,,22,NEGATIVE
5,True,"07 5, 2014",A1YS28RP541I6J,B00B7ME1FA,Doreen Berg,Perfect!,Five Stars,1404518400,,,,1,POSITIVE
1,True,"12 12, 2012",A2U8EA9SJ50IST,B0006O1ICE,Scott,I used this product to hold a split on a washing machine cracked tub. It held for two days of use and failed. The crack was small - no more than one inch. Not recommended.,Did not hold,1355270400,,{'Size:': ' 2 oz'},,35,NEGATIVE
5,True,"01 31, 2017",A2DP4YDWEZVHDB,B000WEK7E8,Torey B.,Its a bit spendy but a great product.,Solid,1485820800,,,,8,POSITIVE
4,True,"05 11, 2016",A7U99PYI01GUA,B00WB02F6Y,Arman Jorge,good,Four Stars,1462924800,,{'Color:': ' Black'},,1,POSITIVE
5,True,"11 28, 2015",A1YYZD2JCVRO28,B007P5OTFU,Amazon Customer,Awesome,Five Stars,1448668800,,,,1,POSITIVE
5,True,"07 16, 2015",AH37F6YUMNPH6,B00EZE903A,Flash,Got them to extend my servos and plug up some led lights! Served my purpose with no reduction voltage!,Work great!,1437004800,,,,19,POSITIVE
4,True,"03 18, 2016",AWZ62VXU32TII,B00DN7P2QE,Chuck,Good quality and good price but its not as linear as I'd like.,Four Stars,1458259200,,,,13,POSITIVE
5,True,"11 21, 2015",A2YVSENSKM15PA,B007G5LC4K,Packard Fan,Perfect addition to my SRD-Play,SDR-Play to antenna,1448064000,,,,5,POSITIVE
3,True,"04 15, 2015",A2HXKP6D0GMKKZ,B00D1DE4KU,Carlos Lalimarmo,"Not as retroreflective as some other stuff, but still pretty shiny.",but still pretty shiny.,1429056000,,,,11,NEUTRAL
5,True,"10 11, 2014",A80ZHMQPJH2QB,B00AZBIZTW,Gloria,"I love this vacuum. It has the look, the power and it cleans awesome! Plus is for carpets and hard floors. You won't regret to buy it.",I love this vacuum,1412985600,,"{'Color:': ' Purple', 'Style Name:': ' Vacuum Only'}",,27,POSITIVE
2,True,"06 10, 2013",A2HEJXICKDE779,B001RI9EEM,Q. Pham,Some are good but there are some not as good. We encountered problem like broken heads or they didn't last long as expected. We would not recommend this product for any one.,Not a good product,1370822400,,,,32,NEGATIVE
5,True,"11 15, 2016",A1WIX7I6UVDRSC,B001B19FDK,Kyle,exactly what I needed,Five Stars,1479168000,,{'Size:': ' 1 Pack'},,4,POSITIVE
5,True,"04 8, 2018",A2JXKBHC8CXST0,B0081HTXGG,josh borodkin,"Great product fast shipping can finally seal packages properly, works great the option of low and high heat is amazing.",Great product fast shipping can finally seal packages properly,1523145600,,{'Size:': ' Sealer Only'},,20,POSITIVE
5,True,"03 26, 2017",A2BPGAS0I53TTH,B002BBD6X4,Bradley White,Perfect for my 3d printing projects,Five Stars,1490486400,,{'Size Name:': ' 30 Bearings'},,6,POSITIVE
5,True,"12 4, 2014",A1RHN14CWL2G4R,B00ACIWN9Q,walter curry,good stuff,Five Stars,1417651200,,,,2,POSITIVE
4,True,"06 22, 2017",A359RXL1RTN1JX,B00DRALJ28,B. Cummins,"Good product, works fine.","Good product, works fine.",1498089600,,,,4,POSITIVE
5,True,"08 11, 2014",A26334RCXH6JZ9,B00AGZ0FLS,Paul Gibson,"Perfect! Great quality and easy installation. The rings are fully separate from the bases, making them easy to paint if you need. I plasti dipped the rings to keep them from rattling. Works great!",Perfect! Great quality and easy installation,1407715200,,,,34,POSITIVE
5,True,"05 14, 2017",AQNGA5TVNYIPE,B01FZXLN5C,yattr,Never used  this type tape before.  Was given a sample but bought this roll.  I like the white for labeling. Have used it to hold coaxial cable for a mag mount antenna.  Also to temporarily repair a broken license plate light housing.  Exposed to the weather and it held up until the replacement was installed.,Great tape when duct tape is overkill,1494720000,,"{'Size:': ' 3 Inch X 30 Yards', 'Color:': ' White'}",,55,POSITIVE
4,True,"04 23, 2016",AULBPY8MPMUM6,B00O5JDOJQ,Amazon Customer,The only reason I'm giving it 4 stars and not 5 is that the zipper opens from the top instead of the bottom like the first one I got last year.  This makes it a little difficult if I want to get into the habitat and get a butterfly out without disturbing everything else or just slip a fresh milkweed plant inside.  Actually I'd like to have them send me the one that zips from the bottom and I'll send this one back.  Otherwise it serves it's purpose.,... zipper opens from the top instead of the bottom like the first one I got last year,1461369600,2,,,88,POSITIVE
5,True,"04 25, 2015",A2A1DV8LCM165K,B00EVCJAKE,Soupman,works very well jack stays in place and the price is right.,Five Stars,1429920000,,{'Number of Items:': ' 1'},,12,POSITIVE
5,True,"03 23, 2017",A1KZJ78OAKM1B1,B00AZMGT80,Bob,Quality oil and extended tip is very helpful.,Five Stars,1490227200,,,,8,POSITIVE
5,True,"03 31, 2018",A1PN24YEQ3L6T4,B004S7YM5K,Tom757,NICE and clear. Thickness is on point and it's strong.,Good quality,1522454400,,,,10,POSITIVE
3,False,"03 30, 2016",A2N786KHIFCKJ8,B01C3ZVRYM,Mike,The straps are well made but the cinching buckles seem cheaply made and do not utilize a ratchet to secure and do look not suitable for larger loading (it states less than 100lbs). At this price point I would have expected better hardware and a higher load value.,Would have been better with stronger fasteners at this price point,1459296000,,,,48,NEUTRAL
2,True,"08 23, 2014",AM72MHIXNN4MV,B00024JE5Q,Gabor,"Vibrating a LOT. The manufacturer should invest a bit more manufacture the fan more ""evenly"".
Capacitor is hanging on metal as ""thick"" as soft drink's can.",Good for a barn - maybe,1408752000,6,"{'Size:': ' Shutter Mounted', 'Color:': ' Direct Drive', 'Style:': ' 20 Inch'}",,26,NEGATIVE
4,True,"09 2, 2015",A3KBVHKSN397EY,B015EPFKSM,Knitting grandma,Arrived with a small dent in the top but not bad enough to return. I am using it to fold clothes in the laundry.,Nice table,1441152000,,{'Color:': ' Stainless Steel'},,24,POSITIVE
1,True,"11 8, 2013",A19HX6JX64U6L3,B000OWAYVY,Lu,This does not help anything adhere. I am very disappointed. The packaging was open when I first received it. Bad quality product.,VERY regretful of this purchase.,1383868800,,{'Size:': ' 5 PCS'},,22,NEGATIVE
5,True,"12 31, 2013",A3RM93Y0ECZQ9,B00B5F1I78,Kate,My son wanted a rainbow maker for Christmas.  He is 4 so this fit the bill.  He has been having a great time making rainbows in the back yard!  Shipping was very quick.,Great for kids!,1388448000,15,,,33,POSITIVE
4,True,"05 4, 2017",A36SLOEAUD66WW,B01C3SOV56,How Z,"Nice product at a good price, I wish these signs had 2 center holes",Four Stars,1493856000,,,,14,POSITIVE
3,True,"01 22, 2016",A19H0XPHPT3V7B,B005MGFYH6,kslay,Bulky,Three Stars,1453420800,,{'Color:': ' Black'},,1,NEUTRAL
4,True,"05 25, 2017",AB3MCV2X60JW,B00AJDZJCW,Bill,Much better than a cheap one bought as a drug store.,Good Unit,1495670400,,,,11,POSITIVE
3,True,"12 9, 2017",A3HXPA7K4A5O91,B00ON8XFSO,Tom Wiggins,"Bought it to try and use with CO2, it works but freezes up quickly. I realize this isn't its intended purpose but thought I'd throw that out there for others.","Bought it to try and use with CO2, it ...",1512777600,2,,,30,NEUTRAL
5,True,"12 16, 2015",A1NZ82NAHY5FI2,B00H3B92RG,Bobb,Decent product at a reasonable price with quick delivery.,Five Stars,1450224000,,,,9,POSITIVE
5,True,"10 18, 2016",A1SY1RHJOQGXAW,B018WFTJCY,Rob,great,Five Stars,1476748800,,,,1,POSITIVE
5,True,"11 20, 2016",A3RD9URFPCV1Y0,B002DGOXCA,A. P.,I would have had to see the dentist if not for this product.  It makes my mouth feel healthy and clean.  I've shared it with others who had gum pain issues and they found it very helpful too.,I would have had to see the dentist if not ...,1479600000,,,,38,POSITIVE
5,True,"11 12, 2016",AIQFDNSA5PFQ6,B01EEH677Y,Jeffrey O&#039;Brien,Quality of workmanship and unexpected high quality materials put into the tool. Made for for a very pleasant surprise! Accuracy is on part with any other caliper on the matket..,Excellent quality,1478908800,,{'Color:': ' Updated Version'},,30,POSITIVE
5,True,"01 12, 2017",AXIU930EMPQLN,B00G773LC4,Kevin,These are fantastic!  Very heavy so they will stand up in the wind.  The case is nice.,Every Car needs these!,1484179200,,{'Size:': ' 1-PACK'},,17,POSITIVE
5,True,"01 10, 2015",A1ULCADEKRJ8WB,B004XS1ZT0,Bill C.,As promised,Five Stars,1420848000,,"{'Size:': ' 24 V Coil Voltage, Double Pole Double Throw Contacts ,'}",,2,POSITIVE
5,True,"02 10, 2017",A23GNFBALOTU54,B0099VP3OO,Jody Rendemonti,Happy!,Smooth transaction.,1486684800,,,,1,POSITIVE
5,True,"01 19, 2017",AAWX2NKNTO2OR,B00YJY4CP2,Camelot,"Upon receiving, I had to use it. Did a distillation with with a 1000ml flask, and it works great. I need to work on maintaining the proper temperature in order to get the vapor I need, but that is for me to get use to. I have not used the stirring section (received a magnetic stir bar). I would recommend this  for anyone in need of a heating mantle.",Nice Unit Top Stuff,1484784000,,,,69,POSITIVE
4,True,"10 2, 2013",AH1MSTBVOJGN2,B000LDC3LA,Jeff Hedgecock,"This is perfect for tracing down shorts, and miswires.  Works great with shielded Cat cable.  Great purchase for the data, AV tech",Great Tester,1380672000,,,,22,POSITIVE
5,True,"07 9, 2017",A1Y88CFLXCO3W5,B01418N1NO,C. Lopez,Works just like it should. Easy to use and read. Just what I needed. A++. Excellent price and ship.,Works great so far.,1499558400,15,{'Style:': ' Degree -58 to 842F(-50 to 450C)'},,19,POSITIVE
5,True,"03 10, 2018",A322NH526N0YDI,B00KIVZ3KS,LORRAINE SONODA-FOGEL,Excellent product.,Five Stars,1520640000,,,,2,POSITIVE
5,True,"09 14, 2018",A2FI05ATOH666X,B01GDJ1XHK,eljay,Used to balance Ph in my pool...was delivered and worked as advertised.,good deal,1536883200,,,,12,POSITIVE
1,True,"09 24, 2014",A17Y3I7L3G29M9,B00C6PU174,Kitipurr in NYC,"Thought Hefty was a name you could trust for quality, these actually break AS YOU'RE OPENING THEM.  Not worth the effort to return, but will never buy again.  Should be an option for no stars at all.  Negative stars, even.",Wow are these crap.,1411516800,9,,,40,NEGATIVE
5,True,"04 5, 2015",A23Y5KJT6IH3KF,B00IO9PBPS,Timothy E. Brown,Exceeds expectations.  Worth every penny.,Very Satisfied Customer,1428192000,,{'Style Name:': ' iRobot Roomba 880'},,5,POSITIVE
4,True,"12 26, 2016",A16CLHCM5BD49V,B0077RAX4W,Hardtop,Satisfied!,Satisfied!,1482710400,,,,1,POSITIVE
5,True,"05 16, 2017",A1B0ANX1AK1U9Q,B00B3UUFR4,Amazon Customer,"Opened it up, and it was stuffed full of the M77.  Two ounces does not sound like a lot, but there is plenty of enough to do multiple brake jobs because a little goes a long way.

Used a light coating between the backing plate of the brake disc pad and the shim.  Coated the caliper piston face that engages the pad.  Light coating on the ears of the pads.",Two ounces does not sound like a lot,1494892800,,,,70,POSITIVE
5,True,"08 28, 2017",A4R3M837V12P9,B00837ZGRY,S. Wolf,"My first one years ago was on sale for $59.00, so I'm definitely happy spending under $15.00...I mainly use these for cooking, grilling and deep frying, but I keep one at my machine shop to check bearing heat, anealing metals after heat treating, machine heat, etc...simple to use and quite accurate...my only complaint is no lanyard to hang it up...I simply drilled the bottom and installed a small hook...hangs with my grilling tools when in use...definitely recommend!",Invaluable tool!,1503878400,,{'Style Name:': ' lasergrip 774'},,77,POSITIVE
5,True,"09 12, 2015",AN051YWCXVYRX,B005RTFFNG,bd,Very nice.,Five Stars,1442016000,,"{'Size:': ' 1/4""-20', 'Length:': ' 1', 'Number of Items:': ' 1', 'Overall Length:': ' 1'}",,2,POSITIVE
4,True,"05 30, 2013",A2EL0DHQQCO344,B004M02K7A,Will Sultenfuss,An excellent tool that performs very well. Folds nicely and fits easily in pocket...  and considering the price I should have ordered two of them.,An excellent tool,1369872000,,{'Color:': ' Original Czech'},,25,POSITIVE
5,True,"10 5, 2015",A2NMWKOHV5RGI,B00PKVSQX2,Steven L. Barnicki,No problems.  Exactly as described.,No problems. Exactly as described.,1444003200,,,,5,POSITIVE
5,True,"02 6, 2014",A1OBMNTXWE5XHL,B004UZDKRG,Robert W. Bailey,"I received my items and they were in good shape.
I will be using them for a school project for my grand son.",LED/Resistors,1391644800,,,,23,POSITIVE
5,True,"05 27, 2015",A21W4E5G9J9VAA,B00CR8ZRE2,N,worked well for what i needed!,Five Stars,1432684800,,"{'Item Package Quantity:': ' 1', 'Package Quantity:': ' 1'}",,6,POSITIVE
5,True,"05 20, 2018",A2XTOF5GVVVC3K,B00C7U17US,Noah,Small contaianer about a finger length,Five Stars,1526774400,,,,6,POSITIVE
5,True,"09 18, 2015",A337JOXSJ4V3RH,B017SGN9RY,David,It was perfect,Five Stars,1442534400,,,,3,POSITIVE
1,False,"06 21, 2014",AIKI2NED6ETZ5,B00B28Z2AC,Nigel,Followed instructions exactly. Product is easy to use and sets hard but not water tight so there's still enough of a leak to require the pipe to be replaced. Waste of money.,Did not repair irrigation pipe,1403308800,,"{'Size Name:': ' 2 Inch', 'Style:': ' Single Pack'}",,32,NEGATIVE
5,True,"04 1, 2016",A3JCL99E5O4JXW,B0013570GI,Elspunky,Handle fit my machine perfectly!,Five Stars,1459468800,,,,5,POSITIVE
5,True,"01 31, 2018",A2BPJ6U5ZAV5HM,B00DMI632G,monte,My husband absoulty loves this.,Five Stars,1517356800,,{'Style Name:': ' lasergrip 1080'},,5,POSITIVE
5,True,"08 10, 2014",AAFFTSV3CARLZ,B0046A8VJM,Desie Martinez,They worked perfect to sample out my products & they looked professional with the product sticker added.,Five Stars,1407628800,,,,17,POSITIVE
5,True,"10 20, 2017",A8GBX9OZWHEM9,B00FQ5AT96,Lovetoread,I have an old wooden dresser. The nail holes were big and worn. I tried using putty but it was very messy and not very stable. I tried to think of something else to repair my dresser and settled on pegs. Some I had to sand down to fit into the holes but others were easy to hammer into the nail holes. For me they were perfect and are extremely stable.,Perfect.,1508457600,,,,71,POSITIVE
4,True,"12 19, 2014",AJF4N39JF8Q9H,B00J26U3R8,Cueball,"As described and shown, would buy again.",Four Stars,1418947200,,,,7,POSITIVE
5,True,"03 1, 2014",A1BMYQJQPV92U1,B001PUVVFM,TSR,"We needed something larger for the weekly pick-up.
So far the can has done well in the nasty winter weather.
Works well.
Recommended.",Large sturdy recycle bin/trash can,1393632000,,"{'Size:': ' 32-gallon', 'Color:': ' Blue'}",,23,POSITIVE
5,False,"09 29, 2015",A2WRN70DA5IZ38,B00PGPDOWU,adrineh aghayani,Boxes are great! I get one for free every time I order something from Amazon. seriously why would you pay this much for a box?,Boxes are great! I get one for free every time I ...,1443484800,,"{'Size:': ' 9"" x 6"" x 3""'}",,25,POSITIVE
5,True,"03 2, 2014",APLSIAO2JMR1,B00CBI1E7M,Brianne,"Looks great, works well, there is some weird staining going on with the cutting board but I bought some oil that seemed to do the trick.",Great little rack,1393718400,,{'Color:': ' Chrome'},,26,POSITIVE
5,True,"07 1, 2016",A1UWQD3CPT7E0M,B00KHTOSN4,squ33gs,Love this Nonstick Thermo pan. It heats up quick and I love making omelettes in it among other things. Even my hubby loves it.,Love it!!,1467331200,,,,24,POSITIVE
5,True,"03 10, 2016",A2WJMGS6YZMRPZ,B00TDOGRW4,The New Englander,Stuff is great and yes it smell just like a new leather jacket.,A+,1457568000,,{'Size:': ' 16 oz'},,13,POSITIVE
5,True,"02 6, 2017",A2ZWMWTP4F7JMR,B010GWZOUW,james Johnson,Good quality,Five Stars,1486339200,,{'Pattern:': ' Female'},,2,POSITIVE
5,True,"01 25, 2018",A25DSEIJEL6GOE,B00V3LZS20,David Wingfield,Work great for sanding the rough edges of wood pieces I wanted them for.,Five Stars,1516838400,,,,14,POSITIVE
5,True,"04 11, 2018",AVD60NRPKHFH4,B0108WTMHQ,Shy ,Good size & quality. I used these for my kids circus themed party. They held nachos nicely!,Would recommend & buy again.,1523404800,,,,17,POSITIVE
5,True,"05 21, 2017",A2839X68HHS68Q,B017GRDPK6,Amazon Customer,Ok,Five Stars,1495324800,,,,1,POSITIVE
5,True,"04 4, 2016",A1KCILEL33MTU9,B0055QA7U2,Barbara J,Work great. Make flossing painless,Five Stars,1459728000,,{'Package Quantity:': ' 1'},,5,POSITIVE
5,True,"04 7, 2017",A1EOBOG927RQT1,B011TS400W,deepak hirachan,Awesome product. This review is after a month of use. It seals bags in seconds. Amazing stuff.,Five Stars,1491523200,,"{'Size:': ' 12"" (300mm)'}",,17,POSITIVE
4,True,"11 9, 2015",AHP6ZXUPA05Q1,B00WB02F6Y,JT,"Just wish it was twice as long -for reference my knee is 14"" around.  That said, I used it and it did provide good support over another brace.",Well made product...,1447027200,2,{'Color:': ' Black'},,28,POSITIVE
3,True,"08 11, 2015",A29MY91GAERI4R,B00MJBX8Y8,Roberta,"Works as expected; however, the display exhibits some flaky behaviour, goes totally black at certain times.",Three Stars,1439251200,6,,,16,NEUTRAL
5,True,"12 12, 2016",AI9LHAFK79CE4,B00AMGUZ70,DAVE,Works asc stated,Five Stars,1481500800,,{'Size:': ' One Pack'},,3,POSITIVE
5,True,"11 3, 2017",A7LLEJ8LI9LDF,B01858L2NM,Mikey,Used this switch for a commercial meat slicer. It works great and was easy to install,It works great and was easy to,1509667200,,,,16,POSITIVE
5,True,"05 28, 2016",A21BFVNPWLLB6U,B002ULILIK,J. B.,My scale said it weighed 500 grams.,Five Stars,1464393600,,{'Size:': ' 500g'},,7,POSITIVE
1,True,"06 12, 2017",AVB273X60NZYU,B00AZBIV9Q,Edith Ann Gregg,"part to clean on floors or carpets comes off when vaccum is on. all i have is hose doing the cleaning, attachment is off onto floor someplace",part to clean on floors or carpets comes off when ...,1497225600,,"{'Color:': ' Maroon', 'Style Name:': ' Vacuum Only'}",,27,NEGATIVE
3,True,"03 8, 2016",A1AHNPNJ9SUB8G,B0052EE1EU,senior reader,Is not as bright as hoped but will do what I need.,Three Stars,1457395200,,{'Style:': ' Rectangular LED'},,12,NEUTRAL
1,True,"06 13, 2013",AUINI96NMGXUI,B000NDHGEM,Kkrys23,I was bummed out as it arrived cracked. It was easy to return but unfortunately this was the last one in stock so I couldn't get a new one.,Arrived Cracked,1371081600,2,,,29,NEGATIVE
4,True,"07 31, 2017",A79QLMGW3BVRT,B01G2FINHS,office@x-tra,Good tape at a great value.,Four Stars,1501459200,,,,6,POSITIVE
4,True,"04 18, 2017",A211YXVTXCSXW9,B005QJCRAG,Dave R.,Work good when you don't need 3 or 4 hands.,Does the job,1492473600,,{'Color:': ' #1 Multimeter Test Lead'},,10,POSITIVE
2,True,"03 20, 2018",A2QMV0SC3N383,B002AMO5EI,Clint G.,"Cheaply constructed, don't fit snuggly onto probes.",Two Stars,1521504000,,,,7,NEGATIVE
4,True,"09 17, 2017",A2G7HN0FJ3JGBA,B00260TWII,Malikan Forde,"Good cleaner. Very light, I was able to use it on my stairs. Easy to assemble. The only thing is it doesn't get baseboards and corners that great. Otherwise it's a pretty decent vacuum.",Good cleaner. Very light,1505606400,,{'Size:': ' 1-(40ft)'},,34,POSITIVE
5,True,"10 6, 2014",A1O1W10UWEW8PW,B000XZTD14,James Franklin,This is serious adhesive!  Use in an open area. I use it sparingly but will order more when I run out.,"Strong, flexible, and withstands heat.",1412553600,,{'Size:': ' Single Pack'},,21,POSITIVE
4,True,"09 9, 2016",A14UQH0V8MDRQW,B000QDGDIY,Amazon Customer,"Easy to apply, great finishing touch to screen.",Easy to apply,1473379200,,,,8,POSITIVE
5,True,"11 10, 2017",A2J9EFB80LQD89,B0064OGEZG,Jerry,Used.  Good.,Good.,1510272000,,,,2,POSITIVE
5,True,"02 13, 2016",A3FII2G8QEW3ZF,B000WGHZYG,Garret Slaugenhoup,They do the trick for cheap.,good for the price.,1455321600,,,,6,POSITIVE
5,True,"08 12, 2016",A1XJE2ONNLO89X,B0002UEONM,Ventsislav,"Very quick shipping, the product works perfect as described, good seller, great!",the product works perfect as described,1470960000,,"{'Size:': ' Pack of 6', 'Style:': ' 50 ml'}",,12,POSITIVE
3,True,"01 20, 2017",A3DT5EYK24X6S5,B005W42SW2,VCS,meets expectation,meets expectation,1484870400,,,,2,NEUTRAL
3,True,"12 8, 2016",A2HGDD23JYTYQF,B01DOL1IWA,Icicie So. Cal,"Looks like a nick on it so worried will peel, but it is exactly the size and color described.",It's ok,1481155200,,"{'Size:': ' 7"" X 10""', 'Material Type:': ' .040 Aluminum'}",,19,NEUTRAL
5,True,"06 26, 2013",A17O8LBCXUW1N8,B000PKW4KE,Sonny Torres,"Good quality, life size. Only downside is the fingers and toes are a little mangled but not too bad. Im very happy with this.",Its perfect for what I need.,1372204800,,,,24,POSITIVE
5,True,"11 28, 2016",A3J2IMXCF3HDSB,B000H9M4GM,Charles G.,Just what I needed for a project.,Five Stars,1480291200,,"{'Length:': ' 48', 'Number of Items:': ' 1', 'Overall Length:': ' 48', 'Thickness:': ' 1'}",,7,POSITIVE
5,True,"05 24, 2016",A1ZCKVAYF04TNI,B0009V1WXY,Charles B. Price,Easy to use and effective.,Strong and Easy,1464048000,,{'Size Name:': ' 1 Pack'},,5,POSITIVE
4,True,"01 12, 2018",A1O1N9DRN39XTG,B01FLYHTAI,Eddie a.,works great.,Four Stars,1515715200,,,,2,POSITIVE
5,True,"01 26, 2016",AX17962CZ2WUF,B00837ZGRY,Thai 1 On,Bought this to measure the heat/cold from my HVAC system vents in the house. Very accurate and easy to use. Make sure you take the batteries out if you're going to store it for a long time.,Does the HVAC temp job,1453766400,,{'Style Name:': ' lasergrip 774'},,37,POSITIVE
5,True,"02 13, 2015",A1IOV6JVGGGKPT,B004ZSCX8K,LRK,Really good screws....thank you.,Five Stars,1423785600,,,,4,POSITIVE
5,True,"08 29, 2016",AVD6YU0NIYYUC,B007ZYXPJM,Laura Reinhart,I use this product when I make homemade lotions. It works absolutely amazing! Usually my lotions without preservatives go bad within about a month. This is preserved some lotions up to nine months now!!,It works absolutely amazing! Usually my lotions without preservatives go bad within ...,1472428800,,,,34,POSITIVE
5,True,"06 25, 2016",A2MP0GIR2LGC3I,B018ITTFDM,Scott C. Adler,"Great magnets, just what I needed for my project.",Nice product,1466812800,,,,9,POSITIVE
5,True,"02 2, 2017",A1RT6ABOMUEETK,B000MWJML4,Gregory O,"OEM draft inducer for Tempstar..  Good price and good service,  Saved almost $700 by doing it myself.  Easy installation.",Easy replacement,1485993600,,,,19,POSITIVE
3,True,"11 2, 2012",A20OQMLRFNZADL,B001WAKI2W,Laoblue,This is the white paste product.  Not so minty as the gel.  Has some grittiness to help with the teeth stains.,"White Paste with some grit, less minty",1351814400,2,,,21,NEUTRAL
5,True,"03 7, 2016",A39AQ83YWE8LEG,B015A3INU0,Bryan A.,Honestly this did the job for my Mitsubishi Eclipse 3G. The nut for the trunk shocks fell out and there was no way I was getting that back so I went with this alternative and trust me it worked beautifully. Find some vids on YouTube on how to use these hints and you're all set.,Mitsubishi Eclipse 3G trunk shock repair,1457308800,,,,55,POSITIVE
5,True,"11 12, 2016",A3AUS4E6R83688,B005KMDV9A,Amazon Customer,"Best damn vacuum I ever bought... even better than the one they tricked me into buying for  $3,000.00 This must be what they use for professional cleaning services",Best damn vacuum I ever bought,1478908800,,,,28,POSITIVE
5,True,"11 6, 2016",ABZFOOSEM0SSS,B008SYWRB0,Kay Allred,"Love it, easy to use",Otoscope at reasonable price,1478390400,,,,5,POSITIVE
5,True,"03 6, 2018",A1IEO4NPPWQOJR,B004DGIII8,DongKyu Kim,I use this for drinking. Feels weird but good.,Good,1520294400,,,,9,POSITIVE
5,True,"09 23, 2017",A2XCK5N3L9CPFL,B01E37YLAA,Matt &amp; Liz C,great stuff,Five Stars,1506124800,,,,2,POSITIVE
5,True,"08 20, 2016",A3LZ7DN44NKF5U,B000ILG0M8,Amazon Customer,Item was as described and delivered on time,Five Stars,1471651200,,"{'Length:': ' 24', 'Number of Items:': ' 1', 'Overall Length:': ' 24', 'Thickness:': ' 1/4'}",,8,POSITIVE
5,True,"09 9, 2015",A3JL8BH2Y5XW04,B008WCQVXI,ben peters,Good stuff,Five Stars,1441756800,2,,,2,POSITIVE
4,True,"09 28, 2017",A20E1J9F0ZYODS,B00YD70EB6,iris r.,I love this paper. I'm a massage therapist and use it on corporate office massage oit calls and they work great.,Good product,1506556800,2,,,21,POSITIVE
5,True,"12 8, 2015",A3AM2CZOLFPF76,B000DZCZIW,bigeye,Great product.  Easy to install and much more secure than spikes.,Great product. Easy to install and much more secure ...,1449532800,,{'Color Name:': ' Brown'},,11,POSITIVE
5,True,"07 20, 2017",AJW3YFZKMHN5K,B01C3SOTXU,Kay Crawford,Fast service and the sign was exactly what I needed. Looks great on our building.,Looks great on our building,1500508800,,,,15,POSITIVE
5,True,"12 7, 2014",A1ASY5H4IVH603,B004XMX67K,Mary picco,Excellent,Five Stars,1417910400,,,,1,POSITIVE
5,True,"01 8, 2013",A2G5NZA2MUDHR2,B004M1BO3U,CapitolRancher,"I've used an older Sonicare model for about 3 years and when I saw the good price on this one, bought it. I really like the thinner handle. Its much easier to hold. And the heads are easier to replace. My old Sonicare didn't have the 30-second beep as a cue to move to the next area to brush. It is a really nice feature.",Easier to hold and the 30 sec beep is great,1357603200,,{'Format:': ' Health and Beauty'},,65,POSITIVE
5,True,"01 2, 2014",A19A5WZM0X1ICF,B0006619R6,A. Larson,"I have a Sanitaire vacuum and after 4 years of use, my fan decided to die and broke into a bunch of tiny pieces.  I found this product and it was the lowest price I could find online.  Shipping was fast and item was as described.",Happy with product,1388620800,,,,46,POSITIVE
5,True,"12 1, 2016",A3KDTGK1X22KAP,B003K15EQG,Neightn,"These are awesome for what I use them for, which is tapping plastic and aluminum.",Five Stars,1480550400,,,,15,POSITIVE
4,True,"02 23, 2016",A1AS2IHTYRQ9S6,B00U0HQCEQ,Amazon Customer,Perfect size for traveling! Love the colors too!,Four Stars,1456185600,,,,8,POSITIVE
5,True,"03 1, 2018",A1JMMX9OPQXIGH,B00V3APUBA,Kindle Customer,Great product! Using for CPR Trainings and is working great.,Five Stars,1519862400,,{'Size:': ' Adult'},,10,POSITIVE
5,True,"10 24, 2016",A1LQYG8IDTEYVJ,B00HFDNMN2,Kozzy7,Great price!,Five Stars,1477267200,,,,2,POSITIVE
4,True,"10 2, 2014",A20S0BRQSHEPQ2,B00EU7447Y,William Quade,This has worked well with my Arduino Uno R3. It seems to do everything the more expensive Ethernet shields do. The only complaint I have is that the pins were a little bent on the bottom which made it kind of hard to install in my Arduino.,It's an Ethernet shield,1412208000,,,,47,POSITIVE
4,True,"12 31, 2014",A8VQPAWQUNJZQ,B00LVPDBA4,PaulArmstrong,Worked quite well but changing batteries will be a challenge.,Four Stars,1419984000,,,,10,POSITIVE
1,True,"05 11, 2017",A1YT197FS474J4,B015RYJ9G4,S. Haas,"Not a clear depiction of what sizes meant.  I ordered ""medium"" and they did not fit between my teeth.",One Star,1494460800,,,,19,NEGATIVE
5,True,"10 15, 2014",A137FIOLHR0ITC,B0050MODRE,David F.,Very good all went well.,Five Stars,1413331200,,,,5,POSITIVE
5,True,"07 15, 2018",A2TAMJZT278HFM,B00YFG1U9U,Dayton W.,Great product!,Sturdy and sharp,1531612800,,{'Package Quantity:': ' 1'},,2,POSITIVE
5,True,"10 25, 2011",A1QKHQH3QJCXBN,B002DPHERW,PTF_Sr,Fulton is a good brand and available at Walmart and boating stores and dealers.  This one was about 1/2 the price and the same strap.  It is very easy to install.  Just remove one bolt from the spool the strap winds around.,Nice Winch Strap at a savings,1319500800,,,,42,POSITIVE
4,True,"09 26, 2017",A1YA1TUUOR8O22,B00DHMSIRA,GT,It works if you're careful. I jogged too far and the aluminum shank yielded resulting in a scrapped indicator. Won't be purchasing this model again.,It works if you're careful. I jogged too far ...,1506384000,,,,25,POSITIVE
5,True,"07 26, 2017",A1W0UR47JVS15X,B01GJL08LE,Amazon Customer,Very good product and price.,Five Stars,1501027200,,,,5,POSITIVE
5,True,"06 11, 2018",A2PEB5BBJT2TW9,B003ZZS6HQ,Grantman,Good quality and thickness. Great for storing all kinds of small items and the writing surface works well.,Good quality,1528675200,,{'Size:': ' Pack of 100'},,18,POSITIVE
1,True,"03 21, 2016",A6QBQYVLQ4VRZ,B00G8NX3CK,john paul west,not clear more white transparent,not clear,1458518400,,,,5,NEGATIVE
2,True,"02 26, 2017",AIC5WWOTOSFEA,B002BBD6X4,eveber,"Full disclosure, I'm using these for handspinners. They switched to a thick lubricant and plastic races. I much preferred when they used a thin petroleum based lubricant and metal races.",They changed the product and kept the same listing,1488067200,5,{'Size Name:': ' 30 Bearings'},,30,NEGATIVE
5,False,"03 12, 2017",A1K5SJ1U1ZGXFW,B00275KU2O,Robert Endo,It's probably too early to really tell but so far so good!!,... too early to really tell but so far so good!!,1489276800,,{'Style:': ' Towel Dispenser'},,12,POSITIVE
5,True,"10 15, 2016",A2GTDNRFKINO5J,B0050WTT3C,claire m nicholas,"great color, great lamentation Good enough to put up in the barn! Very Happy!",Five Stars,1476489600,,,,14,POSITIVE
4,True,"08 4, 2018",A27643DDUPA6JF,B01BAYXDXA,Toms River Shopper,I think this is a great product for the price. It cleans my tile floors so good and it sweeps the hard wood to with ease it goes room to room even does a decent job vacuuming the rugs. For the price its a good value it gives your time back youd otherwise spend cleaning,Take your time back!,1533340800,,{'Size:': ' V5s Pro'},,55,POSITIVE
5,True,"11 17, 2017",A1PQ9J5DVNFP4X,B000Z5E57Y,Nunya,"Perfect for making candy leis, cut my time spent making them in half!",Perfect for candy leis!,1510876800,,,,13,POSITIVE
5,True,"07 15, 2012",A2JBFLVM49QPP3,B004P3TMUC,gil505,"Great tool to have around seems very heavy duty and should work well for anything Im gonna need it for. It came well packaged and arrived earlier than expected. I hope I never need it but if I do I will have it with me.
Amazon Rocks..",Rugged Ridge 20000 Lb Snatch Block,1342310400,,{'Style:': ' 20000 Pounds'},,47,POSITIVE
3,False,"10 24, 2014",A36KQZ2QSAHZD2,B00460W7UQ,Mary Ann Harpenau,This meter worked accurately sometimes but there was some sort of defect with the on off button so you had to continuously hold it down.  When it did work it worked well but after about 1 year the meter stopped working.,This meter worked accurately sometimes but there was some sort ...,1414108800,,,,41,NEUTRAL
5,True,"12 28, 2016",A1CTTNB23NX1MK,B01GW85PCQ,Bruce &amp;amp; Steph,Perfect,Quality product,1482883200,,,,1,POSITIVE
4,True,"12 2, 2016",A8VM3YGCA8LA6,B001KZMJ94,Ryan Nobles,Absolutely nothing wrong with this face paper. It gets the job done!,Four Stars,1480636800,,"{'Size:': ' 8.5"" x125\''}",,12,POSITIVE
5,True,"03 5, 2014",A3KL6MJDW1Z1WO,B0081ZPVIC,M. Vaughn,Kids love it! I love that it's truly safe! This has safe ingredients & my kids love the taste. Win!,Kids love it! I love that it's truly safe!,1393977600,,{'Color:': ' Strawberry'},,20,POSITIVE
5,True,"11 10, 2014",A2JOYVKWR94C89,B00NVHKQFI,RoboJRR,"This is a super tiny gripper.  It's almost like baby robot sized.  There are no directions, but I made a video of the assemble and review it anyone is interested: https://www.youtube.com/watch?v=lxBswN-TbQw",It's soooo tiny!,1415577600,,,,31,POSITIVE
5,True,"01 8, 2014",A1AB229B43YBRE,B00011Q5QG,Gerry,"Once you've used Fluke silicone leads, you won't want to use any others!  The TL224's combined with change-out probes are awesome for everyday use.",Go with silicone!,1389139200,,"{'Size:': ' 59""', 'Style:': ' TL224'}",,24,POSITIVE
4,True,"03 23, 2017",A25VNRYRGK61FK,B018ITTFDM,yolanda,Very strong little magnet.,Four Stars,1490227200,,,,4,POSITIVE
5,True,"05 23, 2018",AP5V70N2LXFOG,B00DZOXEH4,Amy Markantes,"This caulking gun far exceeded my expectations. I did not expect it to be of such quality, especially at such an inexpensive price. Great value!",Great value!,1527033600,,"{'Size:': ' 10 oz (1/10 Gallon) / 300 ml', 'Style:': ' 7:1 Manual Drive'}",,25,POSITIVE
5,True,"02 13, 2017",A2QOX17BW0MIEE,B00IK33RNG,bugiun,worked as expected,good,1486944000,,,,3,POSITIVE
5,True,"11 27, 2016",AA3A3US1ED33P,B0095NCBIM,Moe,These are exactly what I needed.  I use these to organize beads and beading supplies.  No duds so far.  All are well made and seal properly.,Great for Beads,1480204800,,,,26,POSITIVE
5,True,"01 30, 2014",A3VDPE0HTJ7GT7,B0009KMYHI,N. Sarode,"This was waaay bigger than what I had expected it to be. But once I got used to how big it is, everything else was just fine. Its definitely more powerful than the cheaper $50 varieties (Rival) you find in Walmart. One minute on 100% power is more than enough to warm anything up. The sensor cook feature is pretty neat. It has many more features that I don't think I will ever use ... but will recommend this to anyone in need of a good microwave.",An efficient microwave,1391040000,,,,87,POSITIVE
5,True,"05 30, 2018",A117GY7SAVPOHI,B00ME7E5X0,Jose J.,"I'm a novice with 3D printing, and thus far this filament has worked great. Really good results with my Monoprice Mini Delta printer!",and thus far this filament has worked great. Really good results with my Monoprice Mini Delta ...,1527638400,,,,23,POSITIVE
5,True,"05 29, 2016",A13WBRFPSWQMJL,B001HWGMBG,balzout,As advertised clamp tightly and seem to be all stainless.....,Five Stars,1464480000,,"{'Size:': ' 5/16 inches', 'Number of Items:': ' 10'}",,10,POSITIVE
3,True,"12 2, 2016",AVQVW9FOOE6DY,B004P4OB4S,truthkos,Tubes are great. The stoppers smell like rubber. I replaced them with cork ones instead.,stoppers smell like rubber,1480636800,,,,15,NEUTRAL
1,True,"09 19, 2015",A15PB9N255UL7F,B00B7GQY3S,Carmelle L Regis,"Absolutely terrible product. The buttons on both of the penligh did not work properly. While one button was loose and wouldn't conduct the electricity properly and would cause it to flicker, the other one wasn't set properly and so would stay depressed and either would turn on or would flicker.",Deceptively pretty,1442620800,,{'Color:': ' Blue/Purple'},,50,NEGATIVE
5,True,"11 17, 2014",A33KJMF87CGIEC,B00DRALJ28,Erfan Isteitieh,work great,Five Stars,1416182400,,,,2,POSITIVE
5,True,"04 24, 2015",A2AENCOKZWQEGI,B0053PYF62,Ron,ok,Five Stars,1429833600,,{'Package Type:': ' Standard Packaging'},,1,POSITIVE
4,True,"09 16, 2014",A1AHQQK6LS7NN3,B00GY9JL9W,Seth Taylor,"Great stuff, I use it to mark cables, cover the channel strip on my sound board and I can easily use a sharpie to mark my channels.","Great stuff, I use it to mark cables",1410825600,2,,,27,POSITIVE
5,True,"02 14, 2015",A1POSOBI7E1LOF,B00EUKHACW,Lucky Duck,Handles the dreaded pet hair like a pro...easily stored.,Five Stars,1423872000,,{'Size:': ' HV302'},,9,POSITIVE
5,True,"03 16, 2016",A2RTFVSCNBC05W,B004A709XM,Jose Molina,Great cleaning with my dental issues.,Five Stars,1458086400,,,,6,POSITIVE
4,True,"08 4, 2015",A5CO07OL9LN55,B000LGPD64,Matthew R.,"works great and I like the little case they come in, great for storage",Four Stars,1438646400,,{'Color:': ' Clear'},,14,POSITIVE
1,True,"05 23, 2017",A1TO9Y68UVGTOF,B01D3BJ44U,Hannah,"If I could leave 0 stars I would! This is a terrible item! I have to put the boxes together, honestly not a problem, it's the fact that the boxes won't even stay together! Not to mention when I received the package, the wrapping was torn! I'm so frustrated with package, will be contacting costumer support as soon as possible.",This is a terrible item! I have to put the boxes together,1495497600,,,,60,NEGATIVE
5,True,"12 15, 2017",A2P007GINH7EZ2,B0057JPL8U,Amazon Customer,"This is so much better than printing labels one by one on a hand printer... I made my own template in AutoCAD, and use a CSV file to populate the labels. If I don't use them all, I can rerun the same sheet multiple times and use up all of the labels.",This is so much better than printing labels one by one on a hand ...,1513296000,,,,52,POSITIVE
5,True,"04 28, 2015",AC5EY3NUNQ1UY,B0018BJW6S,PuddinTaine,"Got it quickly, good quality heavy glass, great buy",awesome!!!!!,1430179200,,,,9,POSITIVE
4,True,"01 13, 2015",A19CT8AUCIFOG9,B004FBKLZE,Muzzy,A little awkward to use. Tends to give my hands cramps. Still better than sprinkling diatomaceous earth with my hands.,Still better than sprinkling diatomaceous earth with my hands,1421107200,3,,,20,POSITIVE
5,True,"03 28, 2014",A1UHR0TSKUA7DA,B000SUVQSM,Annette,"My husband needed a sweeper for work, so I ordered this one for him.  He says it does a very good job of picking up gravel and salt and other small objects.  He would buy it again if he needed another one.",A very good sweeper for the money,1395964800,,{'Package Quantity:': ' 1'},,42,POSITIVE
4,True,"01 12, 2015",A1WES5H9O1YGD3,B009VSFZDO,Dr. Richard C. Evans Sr.,"Reditainer Plastic Disposable Portion Cups Souffle Cup with Lids, 4-Ounce,...
Reditainer  Use them to hold water for new plants.  Next time I will get a larger round bottom, but for now they are working fine.",but for now they are working fine.,1421020800,,"{'Size:': ' 4 OUNCE', 'Color:': ' Translucent'}",,35,POSITIVE
4,True,"06 6, 2017",A36FVFL96407GP,B0181LX6JQ,D. Nussbaum,"This is definitely a very strong magnet! Using tape to wrap around the middle of it makes is safer and easier to handle, and am using it for my MISTI to hold paper in place.",A great magnet for cardmakers who use the MISTI product,1496707200,3,,,35,POSITIVE
4,True,"04 11, 2018",AC4CS6XX5JC36,B00CQDZRN4,MAG,Smaller then I thought but serves the purpose. They fit on the mirrors well,Four Stars,1523404800,,,,14,POSITIVE
4,True,"03 19, 2016",A34470EBZIPZ3P,B007ZYXPJM,Amazon Customer,Great,Four Stars,1458345600,,,,1,POSITIVE
3,True,"09 30, 2017",A2A0QKDIF82SI2,B000ITD3RA,MHLERRN,It broke after a few months. The quality seems very cheap.,Three Stars,1506729600,,,,11,NEUTRAL
5,True,"12 31, 2016",AH2YVEX4DBU7A,B00FN6KGBY,brookeeojo,Perfect for jewelry in my closet,Five Stars,1483142400,,"{'Item Package Quantity:': ' 1', 'Package Quantity:': ' 1'}",,6,POSITIVE
5,True,"03 2, 2016",A2Y6N8KOBJIJD7,B001E1PF18,Country Club Estates,works great,Five Stars,1456876800,,{'Color:': ' Yellow'},,2,POSITIVE
4,False,"03 20, 2014",A2065HBMYDXJ1S,B004VS67V8,Jennifer Bailey,"OK, I got this kit for my daughter to decorate her room and also, she makes bracelets and things out of tape, so I thought she might find this kit to have multiple purposes.  She has really like it and the fact that the strips are precut has been great for the jewelry making.  Kit contains all you would need to do some decorating.",Interesting,1395273600,,,,64,POSITIVE
5,True,"07 14, 2016",AMAP39DV3A3QA,B000OMFLD0,C. Knight,I made this into a fishing rod holder for my wheeled walker that I need to use after we were hit head on by a young girl on drugs who drove south into our dedicated lane.,Perfect for what I needed it for.,1468454400,,"{'Inside Diameter:': ' 1-3/8', 'Length:': ' 2', 'Number of Items:': ' 1', 'Outside Diameter:': ' 1-1/2', 'Overall Length:': ' 2'}",,36,POSITIVE
5,False,"09 14, 2012",A25O3WEZ0CA34T,B002UP6Y6W,Shop for 3,My husband bought this box for his work and he likes it because he is still buying it. They are good quality.,Good,1347580800,,,,22,POSITIVE
5,True,"06 17, 2015",A15GIY4EK5MIRL,B00PQIQ9HO,tammy campbell,"It is very bright, but not a security light, does help some. Love the motion sensor",Love the motion sensor,1434499200,,{'Color:': ' 10LED-1Pack'},,16,POSITIVE
5,True,"05 10, 2017",A393I16BVRYTHJ,B005TZJ0AM,Paul,"Very nice jumpers for use with all types of solderless breadboards.
Shipped fast, nice price!
If you like using these solderless breadboards these are very handy!",Nice product at a Nice price!,1494374400,,{'Length:': ' 100'},,26,POSITIVE
5,True,"10 30, 2014",A4DCJ0XSKGBK7,B00CVHIJDK,D. Hefler,"I really like this product.  It is small, inexpensive and works as well as one I purchased at work some years ago at over $100.",I really like this product,1414627200,,,,25,POSITIVE
5,True,"06 30, 2015",A174Q1X9LGZY4F,B004E77DZ0,Jessica C,These bottles got the job done just fine!,Five Stars,1435622400,,,,8,POSITIVE
4,False,"02 16, 2017",A2EO0MYT5WXP07,B00EUP7H5W,LOUIS A GILIBERTI,EVEN THOUGH THIS CART IS PLASTIC IT IS VERY DURABLE A IN MY OPINION AND IS A COMMERICIAL STATUS CLEANING CART. THE PRICE IS AFFORDABLE AND YOU CAN HOLD ALOT OF CLEANING TOOLS AND SUPPLIES ON IT.,EVEN THOUGH THIS CART IS PLASTIC IT IS VERY DURABLE ...,1487203200,,"{'Color:': ' Executive', 'Style:': ' Basic'}",,37,POSITIVE
4,True,"01 31, 2014",A3PNBZ677VZHO1,B0009WD1L4,Illini Fan,"Water goes in, water comes out. But only one way because it is a check valve. I used this when I added a new battery backup sump pump. This is a ""flapper-valve"" check valve. It seals well and I have had no problems with it leaking by.",Needed when adding a backup sump pump,1391126400,,"{'Item Package Quantity:': ' 1', 'Package Quantity:': ' 1'}",,47,POSITIVE
5,True,"01 29, 2015",A1FVHPHEIBDCP2,B007Y8UX80,Hot Cocoa,"Great little dropper bottles, love the blue color! These work perfectly for mixing essential oils.",Perfect!,1422489600,,{'Number of Items:': ' 6'},,15,POSITIVE
5,True,"01 17, 2017",AKLKGKBSRZIEK,B00GDH4YCO,thecritick38,perfect was set out off the box did not need to be calibrated,Five Stars,1484611200,,,,13,POSITIVE
5,True,"06 21, 2016",A27AGCHUI9FVRX,B00GNJEUD0,fred,great for shopping,Five Stars,1466467200,,,,3,POSITIVE
1,True,"04 2, 2017",A3QV29VBP5XBD3,B00O8RIYYU,Darry,Deceptive- I only received one,One Star,1491091200,,,,5,NEGATIVE
4,False,"05 23, 2015",A308NAK1NTVMTM,B00CR8ZRE2,H Mcknight,"Nice assortment, the screws are well-made because it doesn't lost its shape easily.",Nice assortment,1432339200,,"{'Item Package Quantity:': ' 1', 'Package Quantity:': ' 1'}",,13,POSITIVE
1,True,"09 3, 2014",A1D3YIGG965PB7,B0009VLRJI,FitDoc,"anatomically incorrect (and I make my living operating on the spine), cheap looking, cheap feeling, cheaply put-together. most of it had fallen apart by the time it arrived. 3B makes much better models",stay away,1409702400,,,,33,NEGATIVE
5,True,"03 21, 2016",A2CSAAPP6RXK3R,B006WRUWP8,Thomas B. Scalf,Seems to be nice....,Looks nice....,1458518400,,"{'Color Name:': ' Brushed Bronze', 'Size Name:': ' 5 Pieces'}",,4,POSITIVE
4,True,"07 3, 2018",A3CQ3L2B6MIFJ4,B01CQA3RY2,fact,well built,Four Stars,1530576000,,{'Size:': ' Small'},,2,POSITIVE
5,True,"04 7, 2018",AJQ4LE1YDDAU,B01E7ELUYO,Lisa,Works great! Decent price,Five Stars,1523059200,,,,4,POSITIVE
5,True,"12 10, 2015",A1RQ3DWTAFPIEG,B000QC0XZO,LA Bill,Best gaff tape I've found in current production. Use it for so many things. Pulls off vey cleanly.,Current Favorite Gaff Tape,1449705600,,"{'Size:': ' 1"" (Pack of 1)', 'Color:': ' White'}",,18,POSITIVE
5,True,"06 16, 2014",A2KUBIRHXGS68X,B00FW1EX7I,terry168,"Very nice,fit my large fingers well. These fit well in my vest and will soon be unhooking steelhead from my line.",heostats that work,1402876800,,,,21,POSITIVE
5,True,"05 14, 2016",A24RRPAMBK4NIY,B005IQTSE0,Hot Core,Arrived without a problem and when they  were scheduled. They are exactly what I wanted for transferring small amounts of fluids.,Good product,1463184000,,,,21,POSITIVE
5,True,"11 27, 2017",A25WZXJ2TPY7Y0,B01C94S7HC,Adam Lechner,"Works great!  Kept my mower clean and dry, even in the recent heavy rains.",Works great! Kept my mower clean and dry,1511740800,,,,14,POSITIVE
5,True,"11 30, 2017",A3MOMOQRGFT9AP,B007PP26RI,Handsome Harry,good stuff works well for what i needed,sticky and hardens like a rock,1512000000,,{'Size:': ' 2 Ounce'},,8,POSITIVE
5,True,"02 8, 2018",ADSI8LCHRSUQC,B00E826Q90,Amazon Customer,great product,Five Stars,1518048000,,,,2,POSITIVE
5,True,"08 16, 2016",A3CHYZGF3OO6WD,B00EZPMWF2,Durman,Works right away... Will see if it lasts but my experience with old tech capacitor is that it will last as long as my oem one (goodman) with fingers crossed...,Delivered as promised... Worked upon istallation,1471305600,,,,30,POSITIVE
5,True,"04 22, 2017",A1L7SUVW1RIEHE,B00176D49U,Mike Mirro,Worked good low cost way to mark property,Five Stars,1492819200,,"{'Item Package Quantity:': ' 1', 'Package Quantity:': ' 1'}",,8,POSITIVE
5,True,"12 1, 2017",AS4Q29ODUO2TS,B0094X1YQI,Evan B.,Repaired my air hose perfectly,Get this if you need to repair your hose,1512086400,,"{'Size:': ' 3/8"" (inches)'}",,5,POSITIVE
5,True,"01 20, 2017",A2VCRQKU4IM11T,B00AFE2R2K,Leigh Rountree,Perfect for what I needed! Party favors for my son.,Five Stars,1484870400,,{'Package Quantity:': ' 1'},,10,POSITIVE
5,True,"10 20, 2014",AKJJSTORFP7XL,B00A7BXFVI,carmine carannante,Most powerful powerful vacuum I've ever owned,Five Stars,1413763200,,,,7,POSITIVE
5,True,"02 18, 2014",A25UFC1SEOCC9W,B00524H98U,Alexander Don-Doncow,"This one is made of what appears to be a very clear, optical grade acrylic, it is very nicely finished, it's got an unobtrusive yet strong led light and it works very well.. Oh... And it fits in your shirt pocket!
What more can one say about a magnifying glass.",Well made little gadget,1392681600,8,{'Style Name:': ' Single Pack'},,50,POSITIVE
5,True,"12 13, 2016",A3Q8W6A2TZVIB5,B00GZE3UJ8,jimmyphobe,I needed this for keeping coax cable down on a carpeted area in a hotel for a temporary installation. This worked perfectly without leaving any adhesive before. That was the whole reason of using gaffers tape and this worked just as I needed it to. The customer was happy.,Worked great on carpet,1481587200,,"{'Size:': ' 2 Inches x 30 Yards', 'Color:': ' Black'}",,49,POSITIVE
5,True,"05 1, 2018",A14AJOHVX40XPX,B00OJWD9XA,Amazon Customer,Excellent.,Five Stars,1525132800,,,,1,POSITIVE
5,True,"12 25, 2016",A2QAC1C5LMB5UY,B00EPH63X2,SailorSimon,Perfect for light home use garage vaccuming etc.,Five Stars,1482624000,,{'Style:': ' Old Model'},,8,POSITIVE
5,True,"02 24, 2018",AJJX7AR3X4OA1,B00DRALJ28,Gregory Paul Jankowski,"Had it like a month. No problems, excellent device!",Excellent.,1519430400,,,,9,POSITIVE
5,True,"04 20, 2014",ADT57TE0I5BZQ,B0007LQH86,Chantal Randolph,"As a chef, loved this in my kitchen. It foes come dented, and you need to invest in stainless steel cleaner because it will dull with dish soap.",Best kitchen prep table,1397952000,,"{'Size:': ' Large', 'Style Name:': ' Stainless Steel'}",,28,POSITIVE
4,True,"11 27, 2014",ALUVO8WWYLV9P,B000LF42NK,Joe D. Stukes,very good will recommend to other.,Four Stars,1417046400,,,,6,POSITIVE
5,True,"04 20, 2017",A2J657M5M773WN,B00AMGUZ70,Amazon Customer,excellent,Five Stars,1492646400,,{'Size:': ' One Pack'},,1,POSITIVE
5,True,"03 1, 2017",A54TIE7QLDRGL,B006WMRVS4,Sgt Thom,Very pleased with the design of height gauge. Very easy to use and read.,Digital Height Gauge,1488326400,,,,14,POSITIVE
5,True,"03 9, 2017",A3CW9CNYPAMW8S,B01GVTP91I,todd a emigh,"Very professional. Arrived on time, and easy to install.",and easy to install,1489017600,,,,9,POSITIVE
4,True,"09 7, 2017",A1YEE3TH994TB5,B002P50DS2,Ann Wilson,I'm not sure about this yet.  It seems like it's wearing at an excessive rate when you consider how expensive they are. I'm using it primarily for cleaning aluminum oxide prior to welding.  It's doing a pretty good job at that..,Need more time for a complete review.,1504742400,,{'Size:': ' 1 Pack'},,41,POSITIVE
5,True,"04 17, 2017",A1M32SBCNJGCOK,B00JZZF8DU,John A. Drews,I wanted this item as a teaching tool; I'm a retired cardiothoracic surgeon.  I also enjoy having it displayed in my den.  It is just fine and much less expensive than the larger model.  I'm very satisfied.,Excellent product...very satisfied!,1492387200,5,,,37,POSITIVE
1,True,"03 14, 2018",ASZFIA6UGMKQQ,B00ECGTK4K,Our House Deals,Does not work,Don't waist ur $$$,1520985600,,{'Package Quantity:': ' 1'},,3,NEGATIVE
5,True,"04 23, 2018",A16RTENXPWRH4G,B01H1WGR7E,Amazon Customer,Fit and worked perfectly.,Five Stars,1524441600,,,,4,POSITIVE
5,True,"07 3, 2017",A2P9SXRSHH0MX6,B000BQYCES,Yvonne Wen,Good!,Five Stars,1499040000,,,,1,POSITIVE
5,True,"02 22, 2016",AMX76J1D0GKMY,B0070P3RJO,"Rajay D., Seudath",works perfectly.,Five Stars,1456099200,,,,2,POSITIVE
1,True,"05 11, 2015",AXM42XEBWPK1D,B00R73MC1S,I&#039;m rayb.,Not very good. It looked more like a mini flashlight I stead of a laser. The price makes me not return this item.,Not very good. It looked more like a mini flashlight I ...,1431302400,3,,,23,NEGATIVE
5,True,"02 27, 2017",A1X3IV3ZT10LH6,B003F76A72,Amazon Customer,These straps are amazing. They do as described and can help anyone lift a washer or dryer. Awesome!,Five Stars,1488153600,,{'Color:': ' Orange'},,18,POSITIVE
2,True,"06 12, 2017",ANIPPP3RR1729,B00EUP5JM0,Julie Harvey,"This is one of the most disappointing purchases I've made.  Other people gave this microfiber pad rave reviews but I found its performance substandard.  The pad doesn't glide across my floors well.  It drags in a sticky manner across the surface of all my floors, including my smooth porcelain tile and newly polished maple floor.  It feels like the pad is snagging on my smooth floors.  The less expensive Rubbermaid pads glided across my floors much better.",Doesn't Glide Well,1497225600,,"{'Size:': ' 24""'}",,77,NEGATIVE
5,True,"03 16, 2017",A38GJZ5WUTK5QS,B0060EUA32,R. Bagwell,"Loved it so much we ordered a backup one for years down the road because when you love something and it finally dies, they don't sell it anymore and we don't want that to happen so got the replacement early.",Ordered another to have in the future,1489622400,,{'Style:': ' Vacuum'},,40,POSITIVE
4,True,"04 19, 2016",A3MTLNA3YNY05Z,B00ELV1CUQ,Jenny Smith,the quality wasn't the best but the I guess you get what you pay for,Four Stars,1461024000,,,,15,POSITIVE
1,True,"01 23, 2017",A1IJG3NH8DNTGB,B001Q3L6WQ,big-e-moe,Makes a mess,One Star,1485129600,,,,3,NEGATIVE
3,True,"05 17, 2016",A1OAL8KDIR803I,B00F4ORTZ6,Mort,"Product looks fine, but did not work for my purposes. I wanted to use headphones on a Sansung TV, but also to control the volume . I thought this would do the trick, but it did not, probably used for a different purpose",Did not solve my problem,1463443200,2,{'Style:': ' Digital to Analog Converter'},,43,NEUTRAL
5,True,"10 27, 2016",A2GVNW4A993GOF,B0018MQ9TK,wesley weysham,Great deal. Tubes are great.,Five Stars,1477526400,,,,5,POSITIVE
5,True,"09 15, 2016",A3586M1CKE26B9,B000234ITO,Bill,Works fine.,Useful,1473897600,,{'Size:': ' 4 Ton'},,2,POSITIVE
5,True,"05 28, 2013",A1J50U1T3ZZS6J,B00B1M37MY,Irv,I needed some magnets to hold paperwork on the outside of doors (in the elements) without fail.  I would be these again.,"Great, Strong",1369699200,2,,,22,POSITIVE
1,True,"01 25, 2016",AHUURGWTV1J2J,B005O0O12Y,Dillard N. Thompson,"This DMSO did not work for me, although other brands have been helpful. It is also harsh when applied to the skin.",Avoid this DMSO,1453680000,,,,22,NEGATIVE
5,True,"04 13, 2015",A12W5EO1AVQD6Q,B00DRALJ28,James A Riza,excellent Hygrometer,Five Stars,1428883200,,,,2,POSITIVE
5,True,"07 12, 2016",A2BI39GEBB9QX2,B019781HZW,Relias,What can I say other than the stickers are exactly as described.  Thank you.,Five Stars,1468281600,,,,14,POSITIVE
5,True,"04 7, 2018",AHKOGGFNNKMKS,B018QNM7V2,Amazon Customer,These look like they will work well for me to hold cylindrical objects in my vice.  I tested it on the round shaft of a valve and it held tight without damaging the valve.,Holds round objects without damage.,1523059200,,{'Size:': ' Medium'},,34,POSITIVE
5,True,"03 5, 2017",ABO96AVVCACTK,B009PT2NMU,M. Coon,"Great quality, works as expected.",Five Stars,1488672000,,"{'Size:': ' 1/4"" Tube OD x 1/4"" NPT Female'}",,5,POSITIVE
5,True,"09 2, 2015",A2AMHQZJZMCX1D,B000FGDXL2,Ashton Austin,Perfection! It was delivered extremely fast and all in one piece! It is exactly what I wanted!,Five Stars,1441152000,,,,17,POSITIVE
5,True,"02 6, 2017",A1KBAZT105OCD5,B00JKRBRQA,Rick,"I use it to test the specific gravity of my ""must"", etc with my hydrometer. Does it job and it's shatter proof.  I use a ""Brew Tapper Triple Scale Hydrometer"". Fits well.

https://www.amazon.com/gp/product/B00TUQIBG0/ref=oh_aui_detailpage_o00_s01?ie=UTF8&psc=1",I use it to test the specific gravity of my ...,1486339200,3,,,33,POSITIVE
4,True,"07 22, 2014",AHW8TCUQWU0EO,B00HH08TUO,Liang Ma,"too heavy.... Besides this, great cleaner!",great cleaner!,1405987200,,,,6,POSITIVE
5,True,"11 3, 2017",A1YOQX7VDPCN34,B00LUNWJNC,Robin R.,"I picked up the switch to use in a model train display layout.  The switch works great.  The threads were clean, and the dust/moisture boot was a great addition.",The switch works great. The threads were clean,1509667200,,,,29,POSITIVE
5,True,"05 29, 2015",A644NRLW7F83N,B0050Z5352,sierra50,Only one for me...,Five Stars,1432857600,,,,4,POSITIVE
5,True,"04 17, 2015",A1RT85N9JMQ7YB,B00QW2C2ZG,Pedro,"Product is accurately described by the number. Don't let the photo fool you!  The fan motor works great out of the packaging and is easy to install with a few basic tools.  Beware t,he product does not come with the steel strap required to hold the motor/fan in place, so don't throw that out with the old motor.",Works great!,1429228800,,,,58,POSITIVE
5,True,"05 28, 2017",A2RG5P7MDXOIQ4,B00GZE3UJ8,Ricarzo S.,Duct tape just can't come close to the quality of real Gaffer Tape. I love this tape!,I love this tape,1495929600,,"{'Size:': ' 2 Inches x 30 Yards', 'Color:': ' Black'}",,17,POSITIVE
5,True,"11 6, 2016",AZAM52MU42QBO,B000WGHZYG,William A Bergstrom,They work well.,Five Stars,1478390400,,,,3,POSITIVE
5,False,"05 8, 2017",A20V6NYAPYLPC,B0070YPDDS,Wanda L. Somrajit,A simple tool I needed in order to complete assessments on my patients.  I am a nurse.  I loved the price.  I would recommend it to anyone.,Love it!,1494201600,,,,27,POSITIVE
5,True,"10 5, 2015",A3OSYJUH2CF6ZM,B002BFTX78,Creed William Huff,"arrived quickly, as described",Five Stars,1444003200,,,,4,POSITIVE
5,True,"04 26, 2016",A3G598SJOS791P,B00070FYZE,Paul D.,A great product. Works great. I glued a magnet to the back of it to hang it on the doors/door frames.,A great product. Works great,1461628800,,"{'Size:': ' 4 Pack', 'Color:': ' Yellow'}",,21,POSITIVE
5,True,"09 23, 2015",A1WHTMOLDZ02PV,B000F4OYMQ,b valerio,Great starter for nursing school or an extra to keep around for emergencies.,Five Stars,1442966400,,{'Color:': ' Black Tube'},,13,POSITIVE
5,True,"12 20, 2017",A3LU69KWQ8EMGS,B000UVMKO8,Beana520,The impulse sealer is a great tool for my business. I use this item to seal articles of clothing into clear mailer bags . I no longer have to waste tape nor worry about adhesive not sealing properly. With the different settings you are able to create a perfect air tight seal using a variety of different bags. The heat is just used during the seal and then cools when idle. I love this device !,Perfect air tight seal!,1513728000,4,"{'Size:': ' 8"" (Inch)'}",,76,POSITIVE
5,True,"04 11, 2016",A176TB482TQA8G,B00DVIEJ14,J. Weathermon,These are great tweezers for the money. I have used them to place many SMD components since purchase and I am very satisfied.,These are great tweezers for the money,1460332800,,,,23,POSITIVE
5,True,"02 16, 2018",A1O51FR0DHLNDJ,B000R886E2,Mark Szurek,5-star product - well made and reliable.,Five Stars,1518739200,,"{'Size:': ' 3/8"" OD', 'Color:': ' Natural', 'Style:': "" 100' Length""}",,7,POSITIVE
5,True,"06 27, 2015",A6OVFP20ZMWOP,B005FU5HFI,larry cavanaugh,Instrument works just fine. Met all my expectations. I'm satisfied.,Five Stars,1435363200,,,,10,POSITIVE
5,True,"11 4, 2015",ALQY9WWM8O91E,B00EXLPLTW,BEMA,Just what the doctor ordered.,Five Stars,1446595200,,,,5,POSITIVE
5,True,"04 10, 2017",AYICET0788QEH,B00MCWC1FQ,LINDA MILLER,"Purchased this for my newborn grandson but pediatrician says ""Do not use"" so although the product was as advertised we didn't use it.","Purchased this for my newborn grandson but pediatrician says ""Do ...",1491782400,,,,23,POSITIVE
4,True,"10 11, 2017",A3S1GFOAJXBMH2,B0019KFG9A,limcheekian,"Great, simple and reliable product.",Four Stars,1507680000,,{'Size:': ' 1 3/8-Inch'},,5,POSITIVE
4,True,"01 3, 2015",AK6CAIT4N4VEF,B001GP3AE6,My Thoughts ....,"Nice materIal, haves fired up the fire place to test the heat properties",Four Stars,1420243200,,,,13,POSITIVE
5,True,"01 16, 2015",A1PGHIIA6O2TLB,B000LDBECY,william,We needed this out side our church for those that need it and is working good.,... church for those that need it and is working good.,1421366400,,{'Color:': ' Yellow'},,16,POSITIVE
5,True,"04 27, 2018",A3RHEZPS3W1O3U,B01AHGWFOK,Amazon Customer,"Worked great for 2 Inkbird duel stage controlers.
This comes with a socket to solder into the controller that upgrades it to a quick plug in probe so it plugs in like headphones.
Easy to solder in just match the black and white wires.
My fish are happy again!",Great replacement / upgrade,1524787200,,"{'Size:': ' 1.97"" Stainless Probe'}",,49,POSITIVE
5,True,"01 7, 2017",A18VK213P1VYZ0,B00ZV64YJ6,Stephanie Ritter,Super strong magnets. Will be using them on a cruise.,Great Product!,1483747200,,,,10,POSITIVE
5,True,"02 3, 2016",A1017UZIPW58F4,B00UFG61UM,Lady Phoenix,Works great! Removes stubborn odors in one wash.,Perfect,1454457600,,{'Size:': ' 2 Count'},,8,POSITIVE
5,True,"03 18, 2016",A28RJ3JIS70P2V,B00OJYN3OS,MzCher,Husband loves this new tool. I am so glad I bought it for him.,Great tool for wine makers,1458259200,,,,14,POSITIVE
4,True,"02 17, 2015",AJB377DJB7PVJ,B004HNDFKI,David J Malave,Handy tool for quick BNC cabling testing.,Four Stars,1424131200,,,,7,POSITIVE
1,True,"06 25, 2018",A12XDHN7VSUKC0,B00GRRJ8J4,Louis O Pupo,Ear buds fall off easily,One Star,1529884800,,{'Color:': ' BURGUNDY'},,5,NEGATIVE
5,True,"07 14, 2016",A1VHIB83DGM7RN,B000H9L3NW,W&amp;amp;B Bush,"Nice thing about aluminum stock, it is light for a metal, so shipping it doesn't seem so dumb.  I liked these guys they shipped quickly and the price was good.",Nice thing about aluminum stock,1468454400,,,,30,POSITIVE
1,True,"02 4, 2014",A1M47D0Y819MTX,B00002N630,linda johnson,"it didn,t last a year the motor went out if you are a person that will use it daily it the the one for you.","don,t waste your money",1391472000,2,,,25,NEGATIVE
5,True,"08 31, 2015",A1ENY7E8TMUET1,B00ARBPI5Y,randy silvestro,Works perfect as a retrofit for my miter saw .,Five Stars,1440979200,,,,10,POSITIVE
3,False,"11 16, 2014",A2KG8ZLVI0RHFM,B00LEO4PWA,Amazon shopper,Is this lead or lead free?,Three Stars,1416096000,2,{'Color:': ' Blue'},,6,NEUTRAL
4,True,"08 21, 2016",A2SRYCFHT56Z45,B01AHK8WUW,Nicholas F.,Simple. Works well. Unfortunately I have no way to calibrate it so I can only assume the readings are accurate. I like the feature that allows you to leave the device on (for hours) and it will record the lowest low or the highest high. I used it to prove my neighbor's son's truck fitted with aftermarket exhaust exceeds the city noise ordinance limits.,I like the feature that allows you to leave the device ...,1471737600,11,{'Pattern:': ' GM1352'},,64,POSITIVE
5,True,"08 13, 2016",A1KB4NPDFZ6KIR,B004AF204K,Dinay,"great product.
AS PROMISED",Five Stars,1471046400,,"{'Color:': ' Black', 'Style:': ' 1-Pack'}",,4,POSITIVE
5,True,"05 26, 2018",A211Q61C2WI9EH,B004MDM8M4,cattledog,"A really sincere bucket. Heavy duty, well worth the price differential over a basic light duty bucket.",A sincere bucket!,1527292800,,"{'Size:': ' 14qt', 'Color:': ' Red'}",,17,POSITIVE
5,True,"07 25, 2017",A8YLP9QLU5JL9,B00HNDHEKG,(Kkkk(kkkkkkk,great,Five Stars,1500940800,,{'Color Name:': ' Clear'},,1,POSITIVE
4,True,"10 28, 2014",A26FWSVK7Z436C,B000HQIX2O,willie gray,"Holds good, better than grey duck tape!!",Four Stars,1414454400,,,,7,POSITIVE
5,True,"02 24, 2013",A7V8SQJ9MIGWR,B0000DD1EJ,Coffinguy!,Absolutely fantastic set of casters for when you want some to NOT move when you lock the wheels down. By locking both the wheel and swivel actions when you set the brakes your item does not move.,Great product,1361664000,,"{'Size:': ' 3 Inch', 'Style:': ' Swivel with Brake'}",,37,POSITIVE
5,True,"04 3, 2017",ARRV38E6C1V1V,B00QPZL2YW,Amazon Customer,Works great! All you do is fold together and place a bag inside and it is ready to use. I have reused the trash cans for months and have no complaints!,Works great! All you do is fold together and place ...,1491177600,,,,31,POSITIVE
5,True,"04 15, 2017",A38WECKIVXE90X,B007C5IH4C,NY teacher,Used 3m scrubbers for many years but this is just better.,... 3m scrubbers for many years but this is just better.,1492214400,,{'Size:': ' Pack - 6'},,11,POSITIVE
5,False,"04 7, 2012",A24JKOVC71IQ73,B005MGFYH6,Nola Mike,"I got this about 10 years ago as a resident in New Orleans.  Just came across this on Amazon after a colleague commented on mine--I hadn't seen another one outside of NOLA.  It's fantastic.  Velcro finally wore out last year, and I sewed on some new stuff.  Good as new now.  Don't know if the newer velcro is better, but certainly can't complain about the longevity.  Works much better than the plastic clips.  Much cooler too.",Awesome,1333756800,2,{'Color:': ' Black'},,76,POSITIVE
5,True,"04 8, 2016",A13AOF6JSPDOZ6,B00SIQ1DHM,David V,Fantastic vise love this tool....,Five Stars,1460073600,,"{'Size:': ' 4-7/8""'}",,5,POSITIVE
5,True,"05 3, 2018",A1Z2OY4ZK8CIJJ,B003FXOUOQ,Debra E,good price,Five Stars,1525305600,,,,2,POSITIVE
5,True,"01 20, 2017",A17WXO5YORV1ZB,B003E48ETS,Personlady,"A perfectly useful hemostat, good for whenever a regular pair of tweezers just doesn't cut it.",Five Stars,1484870400,,,,16,POSITIVE
2,True,"07 17, 2016",A17FMPRGKV2RWT,B00Q4LANYC,tahdancer,Arm not level and the bags slide to the end.,Crooked,1468713600,,,,10,NEGATIVE
5,True,"05 11, 2018",A307NEDWF4VTV8,B000IJYRDE,WidgitMaster,Perfect!,Five Stars,1525996800,,,,1,POSITIVE
5,True,"08 13, 2015",A3O95S49Q3K95G,B00KVY2FM6,C. E. Waters,"This worked great. I had to lift it up in the air and turn sideways in order to seal mylar bags that were already in plastic tubs, but it worked like a champ. Very, very pleased!",This worked great. I had to lift it up in the ...,1439424000,,,,36,POSITIVE
5,True,"06 21, 2016",AOXT2U7FKPIK2,B0075E9T2Y,Bham,Worked as expected.  Good quality adhesive and size for my needs.,Good quality adhesive and size for my needs,1466467200,,{'Size:': ' 1 Unit'},,11,POSITIVE
5,True,"07 10, 2017",A36NT9SEEI8ZLG,B01H4QN27A,Kim U,"I used them at a ghost hunt and couldn't get any results, but it was for a short period and I'm new at this. Received quickly and as described. Thank you!",Very new at this,1499644800,,,,31,POSITIVE
5,True,"11 10, 2016",A1B118GU01231H,B00EALSZIE,Jesseb_123,"I purchased this to hold my gate open while driving through it. It arrived on time, and installed quickly. great fit thanks",great fit,1478736000,,{'Package Quantity:': ' 1'},,22,POSITIVE
5,True,"09 17, 2016",A19QFSR30B42J2,B00N1XLZB6,Abby Jones,"I collect oddities and such, and this is my first human item to be added! It's a bit on the light side from however they clean it, but still perfect! I will definitely be buying from them again!",but still perfect! I will definitely be buying from them again,1474070400,,,,38,POSITIVE
5,True,"03 29, 2016",A39SY328IKM4SS,B00JZ18B1A,Scout mom,I actually counted these out because half were for a friend and the other half mine. they were all there.,Good deal,1459209600,,,,20,POSITIVE
4,True,"03 24, 2015",A3TT58AENWRY90,B00DE7M2YS,Charles R.,Works as advertised. Excellent customer service.,Excellent customer service,1427155200,,,,6,POSITIVE
5,True,"04 17, 2016",ANAH5IVNY6P9V,B000BO4WSG,B L,Just as stated,Good product,1460851200,,{'Style:': ' &#x215C; Inch'},,3,POSITIVE
5,True,"03 5, 2016",A9V2J018R422U,B00DRALJ28,LaRaLB,"I purchased for our home almost 3 years ago, it still works, just the same as the day we bought it! :)",Good Product,1457136000,,,,22,POSITIVE
5,True,"03 9, 2014",A1MLXZ740EV01G,B002WJHEHY,hans friedhoff,"In retrospect, I'd have ordered the 7 1/2 Inch version. But these are adequate. Great for supporting DIY projects and slaughtering frustrating packaging. They'll chomp through just about anything.","Cheap, Exceptionally Powerful",1394323200,,"{'Size:': ' 5.5 inch', 'Color:': ' Black'}",,29,POSITIVE
4,True,"05 14, 2014",A1TBMDAVUL2PZT,B000HHQ7SK,Nancy L. Woods,"Bought this as a ""pool"" for our two lab pups - they love it! Easy to fill and empty when finished.",Treat for dogs,1400025600,2,{'Style:': ' 50-Gallon Tank'},,21,POSITIVE
5,True,"04 24, 2016",A3DDPXLHNBG0CT,B0079JU6J0,Jim C,Worked like a charm,Good product,1461456000,,,,4,POSITIVE
5,True,"07 14, 2015",AJT510WEA1QHV,B005UA2WNI,Greesemonkey3,Was shipped late but is amazing! My feat barely hurt after standing on this for hours. DEFINITELY would recommend,Amazing,1436832000,,"{'Size:': ' 24 in. x 36 in. x 3/4 in.', 'Color:': ' Black'}",,19,POSITIVE
5,True,"11 5, 2017",A1PZXAKYRYN6Q6,B009YA250U,K. Hughes,This is a thin quicksetting glue which worked perfectly for gluing jet hoses to the manifold.,Good product,1509840000,,,,16,POSITIVE
2,True,"08 3, 2015",A3U03YK1KPBZF0,B001MUSRVG,jim kaufman,after 20-30 uses its sticking making them hard to use,didnt last,1438560000,,,,10,NEGATIVE
5,True,"10 25, 2014",ALMG5X1CQXNTK,B0017R4498,ed,worked as advertised,Five Stars,1414195200,,,,3,POSITIVE
5,True,"09 6, 2016",A15KX0PLFQTMJU,B00AZBIZTW,Adam,"strong suction power ,
great compact vacuum",2 thumbs up,1473120000,,"{'Color:': ' Purple', 'Style Name:': ' Vacuum Only'}",,7,POSITIVE
5,True,"08 29, 2015",A325TETVMUASQB,B00HXAIGQA,Dann B.,"fast delivery, great item",great,1440806400,,,,4,POSITIVE
5,True,"03 12, 2014",AB9IPP5IFI9IN,B000J5KOIE,Tim Brosnan,"I'd searched high and low for just the right size squeeze bottle for my shampoo and conditioner and finally hit on buying two of these. Perfect. I buy my hair care products in bottles too large to be convenient in the shower, so it was necessary to get smaller ""dispenser"" bottles.",Non-traditional use,1394582400,,,,51,POSITIVE
5,True,"09 11, 2017",A2HQCDD62T4DS8,B00NB3U6H0,BENJAMIN G.,thank you so much,Five Stars,1505088000,,,,4,POSITIVE
1,True,"12 9, 2012",ADFECWWVFAQD5,B008PEMR0O,GT,"Bought this item as an Xmas gift. The actual unit came in a plain brown box, not the retail box you see in the store. Gave it the impression of a factory refurb. No instructions or info about the product included. Apparently it has no warrantly. Very tacky for a gift. No packing slip in the box either. Reminds me of the cheap stuff you find on ebay.",Not retail.,1355011200,,,,68,NEGATIVE
1,True,"06 7, 2016",A15K7UX8AA7ZE8,B008ZSX42K,Diazocat,"I ordered twelve of these bottles. Every single one of them LEAKS. Which is fine if you want to keep them upright on the shelf all the time, but if you intend to take them with you, they are crap.",They LEAK.,1465257600,,{'Number of Items:': ' 6'},,40,NEGATIVE
2,True,"08 5, 2017",A3103KET7H0LHG,B013L54JUC,Pete,broke when I used it,broke when I used it,1501891200,,"{'Color:': ' Green', 'Item Package Quantity:': ' 1', 'Package Quantity:': ' 1'}",,5,NEGATIVE
5,True,"07 11, 2011",AYV0OTSH144O0,B0009V1WXY,MommaGio,I used these to tie two twin beds together to make a king size bed.  Two belts were just long enough to accomplish this task.  So far so good!,Just what I needed!,1310342400,26,{'Size Name:': ' 1 Pack'},,29,POSITIVE
4,True,"03 6, 2017",A3O80C4S2R2KYQ,B009I5F1KW,James R. Prause,The product arrived as it should have and it comes in a nice carry case with the hoses and literature. Beware of the calibration date. Some sellers state that the test set is certified just prior to shipping. My test set came with a certification over 3 months old.,Certification,1488758400,2,,,49,POSITIVE
5,True,"04 2, 2015",A1HH5E835A73W4,B0066TS3VC,gaye,Most Excellent toothpaste.  Works great on my sensitive teeth.  The best one yet anywhere!,Most Excellent toothpaste. Works great on my sensitive teeth,1427932800,,,,14,POSITIVE
5,True,"02 8, 2016",A1VWB119QMTGVV,B0125F5BVU,eileen clarke,"Very strong magnets, great quality!",great quality!,1454889600,,{'Size:': ' 9 Pound'},,5,POSITIVE
5,True,"06 13, 2016",AWR250CMTF3DU,B0038YY25Y,ArtistSB,Works great. Wonderful price in a semi-bulk package. I got all of these for the price of 4 at Home Depot,Great price and product,1465776000,,"{'Size:': ' 1/4""'}",,21,POSITIVE
5,True,"12 27, 2016",A1AC3GLTC1RJZL,B01ENFOIQE,KamikaK,I'm really happy I splurged and got this meter.  It's very easy to setup and use.  I've been using a cheaper long wand meter and never felt entirely comfortable with the results I got.  I'm very confident in the measurements I get with this meter and the backlight and temperature readings are a plus.,I'm really happy I splurged and got this meter,1482796800,,,,54,POSITIVE
5,True,"09 23, 2016",A1S64SW46ZN0PF,B00CVZ4ERW,LeRoy Sanders,these are really nice with your IRLB3034PBF N-CH chip.,Five Stars,1474588800,,{'Number of Items:': ' 25'},,9,POSITIVE
5,True,"04 23, 2015",AOT6UYY7VIFRG,B001EHJNW4,Kindle Customer,This item is sollid quality and an unbeatable price.  I would definitely recommend this bulkhead fitting.,Thanks,1429747200,,,,16,POSITIVE
5,True,"04 25, 2015",A1UQCKZF229SYN,B006LEDXOE,Confederate Gone,"The very best performance that I could find with a price under $1000.00.  The design is very good, intuitive and the actual DAC exceeds my expectations. I consider this an excellent product.  If they had offered this device with a remote control at a price of $100.00 more additional,  I would have bought it.
Cambridge products in general are excellent.",The very best performance that I could find with a price under ...,1429920000,6,,,60,POSITIVE
5,True,"04 23, 2017",A13QHJJ2BHBGFW,B018RDZ3HG,HP,Works great.,Five Stars,1492905600,,,,2,POSITIVE
1,True,"09 14, 2015",A1BAX3RPBH8KVF,B00REHGEIO,Granville Taylo,I was really disappointed since the bits would not stay in there snap-in locations and how small the plastic container was. Several years ago I got one similar to this from Craftsman but the plastic container was twice as big and the bits stayed in the snap-in locations.,Disappointed!,1442188800,6,,,48,NEGATIVE
5,True,"05 11, 2015",A1KMXQ2UCTXUJJ,B0026L0WOA,Sandy H.,I am pleased with this mat. It arrived promptly and was just like it appeared on the web.,Just like the picture,1431302400,,"{'Size:': "" 3' Length x 2' Width"", 'Color:': ' Bluestone'}",,18,POSITIVE
5,True,"05 11, 2016",A4OGA9V2J5Q90,B00SNCYM5Q,Chaliceking,"Quality wire nuts in a nice variety of sizes for many different projects.  Easy to see color coded sizes and ""wings"" make them easy to use.",Quality wire nuts in a nice variety of sizes for many different projects,1462924800,,"{'Color:': ' Yellow, Tan, Red'}",,26,POSITIVE
5,True,"08 25, 2016",A19EIMMGX7CZJY,B003FXSUU6,Amyjenf12,"These 15ml bottles are just what I needed for transporting smaller amounts of essential oils and are perfect for trying out new blends.

So far, I've not had any issues with caps leaking, and amber glass is of good quality.

Bottles arrived quickly and were very well packaged.  I won't hesitate to purchase from this seller again.",Perfect!,1472083200,,,,57,POSITIVE
5,True,"04 16, 2018",AO9FDXNPU0N4H,B00KZHP49K,Amazon Customer,"My dentist hygiene tech agrees, only three months and it had done wonders in teeth and gum health",Five Stars,1523836800,,"{'Color:': ' Blue/White', 'Package Type:': ' Frustration-Free Packaging'}",,18,POSITIVE
5,True,"06 18, 2018",A21X3IBB649MN1,B00AANK1FQ,Diane,smells like insectiside,Five Stars,1529280000,,"{'Size:': ' 5 ounces', 'Package Quantity:': ' 1'}",,3,POSITIVE
5,True,"11 16, 2014",A27BEC59YDERPS,B00C351GBC,widdler,"Got this for my grandma, she loves it. lightweight with no cord to drag around, and it picks up cat hair with ease.","Got this for my grandma, she loves it. ...",1416096000,,{'Color:': ' White'},,23,POSITIVE
3,False,"12 3, 2016",AA5SCVINB79GF,B01AV5RP9W,Drew Jensen,"Decent quality but as other reviewers have mentioned, it's very difficult closing the door with these due to how far the top door bracket sticks out. There must be a better way to design the bracket. Had I known the problems I would have with this, I would not have bought it. The bracket is also marking up the door.",Difficult to close door with this,1480723200,,,,60,NEUTRAL
1,True,"05 31, 2016",A2Y9ZVZJU02HD8,B00DRALJ28,Amazon Customer,Came defective. Always reads the same temperature and humidity which are both clearly wrong.,One Star,1464652800,,,,14,NEGATIVE
1,True,"12 7, 2017",A4EGHYJ14P8GC,B0013E2AQY,Gabe Selman,"Cheap vice  it broke just after the 30 day return period expired.  Trust me, you can do better.",Cheap vice,1512604800,,,,18,NEGATIVE
5,True,"08 9, 2017",AVURI2HNP4TAP,B00004Z4CX,Darlene Nordwall,"Love the concept of this tape, but if you need to wash something its holding together (we have pets so...) it needs to come off and be done again and on the washed items it doesn't stick as well.",Love the concept of this tape,1502236800,,,,39,POSITIVE
4,True,"05 26, 2017",A3QV22JY6UX0VO,B015557HUK,Una V Williams,"Good product, great fizz for my bath bombs!",Four Stars,1495756800,,"{'Size:': ' 5 Pound', 'Item Package Quantity:': ' 1', 'Package Quantity:': ' 1'}",,8,POSITIVE
5,True,"04 29, 2015",A3PNEITUBSE4EE,B0026GZU0Q,SCSJR6,Good stuff ! Make sure in put them in with the slots down... they act like little cutters into the wood.,Good stuff! Make sure in put them in with ...,1430265600,,,,21,POSITIVE
4,True,"07 10, 2015",AB9OCDPX81XJ0,B00C8UVB4Y,Nathan Clark,Good thick gloves.,Four Stars,1436486400,,,,3,POSITIVE
3,True,"11 13, 2017",A3CFLYDTCODU54,B017GQNZ8Y,Edgardo amado,Well 2 came in the box. One works and the other one had something rattling and it just didn't want to move. Material are just good enough to keep a locker close because it just doesnt feel very secure.,Material are just good enough to keep a locker close because it just ...,1510531200,,{'Color Name:': ' Red'},,39,NEUTRAL
4,True,"06 6, 2014",A329H50J7G8SS0,B0057M4J4E,Radicalchaz,"I order this product From Boamain and it works great, no problems.  The on/off 2 terminal was very easy to install,,",2 of 2 Pcs On/Off 2 Terminal SPST Black Round Rocker Switch,1402012800,,,,21,POSITIVE
4,False,"08 27, 2017",ARG1JEPRCUDQT,B00YAZ5N1C,Alaskan Customer,Works well and looks good. I use multifold towels from Costco and they work very well.,"Works well, looks good",1503792000,,,,16,POSITIVE
5,True,"05 9, 2013",A3VNK46D07TJ0D,B000H9N9PM,mpinch,It is an aluminum tube.  It is strong enough to hold the umbrella and able to be drilled where holes were needed.,Used to replace cracked umbrella tube,1368057600,,,,22,POSITIVE
5,False,"01 2, 2016",A2BIXFKCZZFQWS,B00IO9PBPS,Lisa F.,Cleans the hardwood and rugs perfectly. Best xmas present!,Best xmas present,1451692800,,{'Style Name:': ' iRobot Roomba 880'},,9,POSITIVE
5,True,"10 21, 2015",A29JAF9JEG7K4M,B00AZBIZTW,Stanley R,"As described, arrived in a timely fashion. Would purchase again, would recommend to a friend.",Bissell is excellent.,1445385600,,"{'Color:': ' Purple', 'Style Name:': ' Vacuum Only'}",,15,POSITIVE
4,False,"01 12, 2017",A2Z50P9Q7C5LN1,B000FEM392,Amazon Customer,Earplugs hurt,Four Stars,1484179200,,{'Color:': ' Black'},,2,POSITIVE
5,True,"08 23, 2014",AVDCGNY7HSV3U,B00E8JRNU4,Frosty,Good with small cuts for dressing or just cleaning a cut.  Price is great and quality that I like in all my First Aid packs.  Nice to have them in each packet keeping them clean and usable.,Good with small cuts for dressing or just cleaning a ...,1408752000,,,,37,POSITIVE
5,False,"05 12, 2017",A1EIO4GIC2JDOG,B00KZO88X2,Johanna,Ordered for my Anatomy class. I received my bones quick and was very impressed with the quality. Would definitely purchase from Axis again!,Loved the quality of the human skeleton i ordered.,1494547200,,,,23,POSITIVE
5,True,"12 8, 2016",A1MV2W4CF72G6W,B004I5FD4G,Bruce Anthony Roberson,Yes it worked well. No problem with installation.,Five Stars,1481155200,,,,8,POSITIVE
4,True,"03 10, 2013",AWCTU71GUVUZK,B001FAT8A2,Anonymous,"Right size as described but it has glass dropper, I preferred a plastic one but its ok. Will cost more to return.
Amazon has this strange restriction to write 20 words atleast. I don't know why. There should be limit on max words not min words.",Good buy,1362873600,,,,46,POSITIVE
5,False,"10 18, 2014",A2HDGUNJX6BSSH,B0002EQU6C,chris,ok,Five Stars,1413590400,,,,1,POSITIVE
4,True,"08 9, 2014",A1G0WJ8D2XSUK5,B0185F3QHK,btissame,"Good materiel, it exceeds my expectations, and the price is reasonable.",Four Stars,1407542400,,{'Color:': ' Black'},,11,POSITIVE
5,True,"08 12, 2013",AYWAS7R2VRVFV,B00LRUSA6S,C. James,"Very handy, I bought these for a carnival birthday party, and they were an awesome supplement to regualar plates. I recommend these and I was highly statisfied, I got want I needed and wanted.",Handy!,1376265600,,,,34,POSITIVE
5,True,"04 11, 2013",A2WCRWBZJETE17,B005GA9GQ8,Jeff Quade,I'd been looking for a good floor jack for sometime. This isn't quite so heavy as my other jacks and it has a handle so it's easier to carry. It so far it has worked well. I plan to use it a lot more in the future.,Thank you,1365638400,,,,47,POSITIVE
5,True,"10 8, 2013",A3JAO0N4C3ST4U,B006L2RU6S,yexin,"I bought two of them, I received two different colors, then I will not make mistake with my husband, they looked great and useful.",Very useful,1381190400,,{'Size:': ' 2 Pack'},,24,POSITIVE
5,True,"10 21, 2014",ALAYBANKE688O,B007B2AA0K,J. Henshaw,"I love it. Very impressed with the heavy weight. I laughed at the comment about ""Be careful. If you drop one, they roll a long way."". Great price, best I could find using my list of online stores. Some places charge so much, I thought I'd never buy any, until I found the right way to search for these.",Perfect for me.,1413849600,3,,,59,POSITIVE
4,True,"02 12, 2018",AF8UV2K60245,B008YA6BWE,Janet,"The toothbrush does its job, but the battery runs down quickly and has to be recharged often.",Four Stars,1518393600,,"{'Color:': ' White', 'Style Name:': ' Sonic Toothbrush'}",,17,POSITIVE
5,True,"06 30, 2018",A3KV2K6ZHGTSOK,B01CWYERMS,J N Bloom,"Great taste, good product without all the nasty ingredients of the mass market toothpastes. Like it better than Tom's, doesn't  leave a film in my mouth like that does. Second purchase, will continue with this brand unless the dentist visit reveals something I'm not seeing.",Love it!,1530316800,,{'Scent Name:': ' Simply Peppermint'},,45,POSITIVE
5,True,"08 7, 2017",A142K3PXHIDJ1G,B01GUEKOP0,Jim,"Good Flanged Nuts, order from parent company for better deal on bulk.",Good Flanged Nuts,1502064000,,,,12,POSITIVE
3,True,"10 1, 2015",A21CCNFIS221IN,B005JRZJBO,adam treaster,Not worth the money.  It just wiggles a little bit.  Nothing sonic about it.,Not worth the money. It just wiggles a little ...,1443657600,,,,14,NEUTRAL
1,True,"01 31, 2016",AMF6GBCK38DN,B00LSGG4XC,Augie,"Not too happy, received the product however without a power supply what good is it?",One Star,1454198400,,,,15,NEGATIVE
1,True,"05 12, 2015",A16O8RU31SLKYL,B006UKICMW,sonofabush,"The 1000 ml one has black crap caked on the bottom, almost looks like ink so can't use it. The 250 ml came with a crack in it so straight to the garbage. Based on that don't think I will trust the others since they would be heated to about 135 degrees fahrenheit.",Get what you pay for.,1431388800,,,,53,NEGATIVE
2,True,"05 12, 2018",A2DEZART3AK470,B0064OLUQE,Michael Burnham United Federation of Planets,Not for mixed drinks only for winemaking!! Modly pungent taste in mixed drinks.,Two Stars,1526083200,,,,13,NEGATIVE
5,True,"11 10, 2015",A1TD443OG3MX0S,B002IADO4Y,Maureen,A+,Five Stars,1447113600,,,,1,POSITIVE
5,True,"12 17, 2017",A8PS6YTA2Y0UX,B00ANYYY5U,D. Jackson,"They're black rubber gloves, the nitrile ones for people allergic to latex.  They don't stick to each other in the box, have a decent grip, and I just reorder this brand because I know it works.",Works well enough to reorder again and again,1513468800,,"{'Size:': ' XL', 'Flavor:': ' 100/Box'}",,36,POSITIVE
5,True,"09 7, 2017",A1WFTVSG233TJ3,B001MPW54G,Iggy,Best way to tap into an existing wiring harness.,Buy them!,1504742400,,,,9,POSITIVE
5,True,"09 23, 2015",A2O53SOXDCKE3X,B00GTNTIPK,Pat,As described,Five Stars,1442966400,,,,2,POSITIVE
5,True,"10 9, 2013",A2PBIPH99MIAV0,B00ANRAC3A,Cristian Armaselu,I would recommend to others. In fact I think I'll get another one and modify it for other purposes I need it for.,"great product, easy to use",1381276800,2,,,23,POSITIVE
5,True,"12 16, 2016",A29P6H3URLHODH,B00HWROV0E,Vic Espirit,Good product.,Five Stars,1481846400,,,,2,POSITIVE
1,True,"04 18, 2016",A3O2VVFX90GGU0,B000VYGH2A,Bob,Disappointing did not hold insulation in place.,Disappointing,1460937600,,,,7,NEGATIVE
5,True,"04 4, 2017",A2DR0T029V2OV5,B01B435AOM,Robert. Acasio,"Got it

All good....",Got it All good..,1491264000,,,,4,POSITIVE
5,True,"07 29, 2014",A3257BIHZV20D4,B00C5UO8U6,DFM,"Great little generator that's not hard to build just pay attention to the instructions.
The operator instruction that come with the unit sucks. Google the manual in PDF
the manual is 20 pages, and pretty good. Final comment I really like this Generator.
Buy one you won't be sorry............",Great little generator that's not hard to build just pay ...,1406592000,,,,49,POSITIVE
5,True,"09 17, 2016",A2JGW7RA433YRA,B01HHVI6SM,Amazon Customer,Great toothbrush,Five Stars,1474070400,,{'Color:': ' Light Green'},,2,POSITIVE
1,True,"04 19, 2014",A3BNW81UJFE9KJ,B0000DBJ2J,RER,"My second one died yesterday. Bought it last October. First one lasted a bit longer right at a year.
When it works, it does a good job. our 1500 sq feet of tile couldn't be cleaner. We do a cleaning twice a month.

But big dissappointment when if fails again.  I need to know which one to purchase for the future.  One that will work longer than a year.
Too bad Dysan doesn't make one.  My vacuum is still going strong after 12 plus years.",Failed again,1397865600,4,,,85,NEGATIVE
5,True,"02 28, 2016",ANA3CAVDC92UG,B008BTYWCY,nate,grate to use in a class,Five Stars,1456617600,,{'Color:': ' Orange'},,6,POSITIVE
5,True,"08 21, 2016",AT57S3QGZE055,B017UXJGDG,ParaPilot,"Good value and good quality, exactly as described.",Good quality & value for money,1471737600,,,,8,POSITIVE
5,True,"06 29, 2018",APOFNJZMZGJMF,B019ZDU1QU,J. K. Read,Needed some small dryable moisture remover packets for my lockboxes. This was the best price I could find and them seem top quality. Will update once I need to dry them.,This was the best price I could find and them seem top quality,1530230400,,{'Size:': ' 5g50'},,31,POSITIVE
5,True,"06 13, 2013",A1LMOVXDGXTDEA,B000BQKC1U,Alice,It was all too easy to get this via Amazon. It just took some patience to await this little elongated 's' hook. This is necessary to hang plants from overhead.,A necessary addition,1371081600,,{'Color Name:': ' Black'},,30,POSITIVE
1,True,"08 21, 2015",A8T9944KEQFFJ,B00II0RR1O,ArtsyChick,"I ordered 2 of these pens after having ordered one and tested it.  Coincidentally, this supplier is different than my first purchase. Even though the brand is the same, neither of these worked from the git-go. Very disappointed and the lack of working pens almost ruined my art camp!  We only had one pen for 25 students!",Didnt work out of the box!,1440115200,,,,57,NEGATIVE
5,True,"08 6, 2017",A1R7829DMCYLHG,B000BVXW3U,Timolthy E. Ditzler,Had a lot of difficulty even finding the switch.  The switch was exactly as described and fit perfect.  Arrived as promised.,Worked Perfect,1501977600,,"{'Color Name:': ' Brass', 'Size Name:': ' OFF - ON(P) - ON(N) - ON(N+P)', 'Style:': ' SPTT'}",,21,POSITIVE
5,True,"03 9, 2018",A1Y7R47IK57M14,B008ZSYJY2,Sayem Ahmed,Great item,Five Stars,1520553600,,,,2,POSITIVE
5,True,"07 3, 2015",A2H360WK2R6OBI,B00TWW16F0,greg s,"Fine filament, just finished a spool, and I like it better than HATCHBOX, because the inner spool diameter is much larger, so the last 10% or so of the filament are not crazy wound and feed through my spool holder w/o kinking or breaking up (happens with HATCHBOX).","Great material, well designed spool",1435881600,,,,48,POSITIVE
1,True,"07 6, 2018",A3AX27FQPMDWFM,B01F4H4JHI,Amazon Customer,No master link an O rings with chain,No master link or o rings,1530835200,,,,8,NEGATIVE
5,True,"03 1, 2017",A3QTZYKKXJPB9V,B0074NETHQ,Roger M.,Stuff works Great on Plastic...perfect for repairs,Five Stars,1488326400,,{'Size:': ' 37 ml'},,7,POSITIVE
5,True,"08 31, 2017",A2QP2HL4J75E5O,B00EEENIU2,MEHMET HINC,perfect,No words needed - perfect,1504137600,,,,1,POSITIVE
5,True,"09 17, 2017",A8VMAIS3BMQ5D,B000X608M6,leecat,"my dentist actually gave me some of these because i needed a small, soft brush head to reach my back teeth. they are a fine size for an adult hand and the perfect length. the suction cup has a good grip if you choose to use it to keep the brush upright on the sink. fun colors.",not just for kids,1505606400,,,,57,POSITIVE
5,True,"12 7, 2014",A2C7TPQU63292U,B00HFWQXQ6,sergio cebada,"Excellent item,thanks",Five Stars,1417910400,,,,2,POSITIVE
5,True,"10 21, 2014",A2RL3Y8BLXG6B8,B00TDOGRW4,Laura Maher,Really great product. I have only sprayed the tiniest amount once in my car about three weeks ago and the fresh leather smell is still intact. This product will likely last years. I will try it on my handbags next! I would highly recommend it.,Really great product. I have only sprayed the tiniest amount ...,1413849600,,{'Size:': ' 16 oz'},,45,POSITIVE
4,False,"07 31, 2006",AW9WFS8L1F7U,B000EHNDD0,FogCityBrit,"Get that great 'just from the hygienist' feeling everyday. Good clean design, so far not a single complaint.",Teeth Tastic,1154304000,17,,,18,POSITIVE
5,True,"08 16, 2016",A10M1ZX0DM71JW,B01E7D9BNC,AMP,Magnets are better than what I expected in quality and value,Five Stars,1471305600,,,,11,POSITIVE
4,True,"07 20, 2014",ATIEQBBD2O658,B000FFII3G,Stephen Jenkins,"This Banjo is great for what is does. The quality is wonderful and the design is convenient. My only complaint, which is to no fault of the product, is that it lack any kind of pass-through capability. After using this Banjo for a couple weeks, I finally just coughed up the extra cash and got the Banjo 8, which is even more useful. If you are just looking for a simple tool to help test dial-tone at a jack, this works great.",Great for the Money,1405814400,,{'Size:': ' 4-Wire non-In-Line without K-Plug'},,82,POSITIVE
5,True,"10 26, 2015",A1XFVXO1CH6WIW,B00UKKVL0I,Hy Janecyk,Product exactly as described. Size that I wanted. Timely shipment.,1/4 oz bottle with glass eye dropper,1445817600,,,,10,POSITIVE
5,True,"01 7, 2013",A1DDQM8A3J77Y0,B00AW6PD0E,jendarwade,I bought this dispenser to make homemade Kombucha. It works great and holds a lot of fluid. It is led - free and it works great. Just perfect for Kombucha!!!!,Perfect for making Kombucha,1357516800,,{'Color:': ' White'},,30,POSITIVE
5,False,"05 21, 2015",A8I58A8UF6KHP,B00SNM8VIK,joe eaton,"User friendly and love this printer! When I first saw the reviews on the replicator I was hesitant. After getting access to a printer for a fee days, I have to say it went off without a hitch. The PLA is much easier than ABS. Spent 3 days with it and had no issues.",User friendly and love this printer,1432166400,2,{'Style:': ' Firmware Version 1.7+'},,54,POSITIVE
4,True,"08 12, 2016",AE95Z3K6GVIC3,B01ETMVQOI,S. Kim,"Have not used the product, and I would like to keep it that way,  No complaints with product quality - looks like it would do the job if I ever get shot in the legs or arms.",and I would like to keep it that way,1470960000,,{'Color:': ' 1 Pack'},,37,POSITIVE
3,True,"06 19, 2018",A11HAQLMK1FMAU,B00EPQK3DY,crickert62,"The item is poorly made as the wires came off of a couple before we ever used them (we were able to get them back together). In addition, the black plastic was so brittle, 3 of them broke into tiny, irreparable pieces.",Buyer Beware,1529366400,,"{'Size:': ' Pack of 10', 'Item Package Quantity:': ' 1', 'Package Quantity:': ' 1'}",,42,NEUTRAL
5,True,"06 27, 2016",A3CHFV5E31F6HT,B0039VLJRK,Sam,Great for that little extra length!,Five Stars,1466985600,,,,6,POSITIVE
5,True,"01 9, 2018",A122L0EZX37FO8,B00WW4H8XY,MoreBits,The fan moves more air than I expected.,Five Stars,1515456000,,,,8,POSITIVE
5,True,"03 17, 2016",A35OU0KWOOZPX0,B00FN6PBQY,MandaBK,"WOW This thing is strong!!! I can barely get it off the front door haha. It has a strong hold and I have no worry of anything falling. I am using this for wreaths and welcome signs on my front door but it holds 65 lbs (I have not tested this theory yet). I have used some that say they hold 15-20 and usually something ends up busted. Glad I chose this one, no fear of that now!",STRONG HOLD!,1458172800,,{'Color:': ' Original Version'},,78,POSITIVE
5,True,"08 4, 2017",A3C50VF8LC0O8,B001AO9IRG,Jonathan Robinson,"I use this for my mountain bike as a chain guard for my frame. It is noise dampening because it is very rubbery, and it has not shifted from where I installed it even after many rides (years).",Great for bikes,1501804800,3,{'Size Name:': ' 1x10FT'},,38,POSITIVE
5,True,"11 25, 2015",A192E6J6YFFT9J,B00DRALJ28,Carls,"A real eye-opener. My thermometer / hygrometer combos all disagreed with each other, so I got this to settle the arguments. Very interesting to see how far off are the cheap combo units. But now I can calibrate them (for a restricted range). Very useful this AcuRite, easy to read too.",Eye-opener,1448409600,,,,51,POSITIVE
5,True,"09 28, 2015",ABBIQ3WC35QQX,B0040ZOFU2,Rick Brownlee,"These cloths are SUPER STRONG!! I think you could almost get away with just 1 wipe for 1 BM!
Very Absorbent & is truly a ""Disposable"" washcloth (once soiled....goes in the TRASH & NOT THE TOILET!!!). YOU GET A LOT FOR YOUR MONEY & THESE ARE ALSO THE GRADE (OR BETTER) THAT THEY USE IN THE HOSPITALS :)",STOP! LOOK NO FURTHER!!!,1443398400,,"{'Size:': ' 10"" x 12-1/2""'}",,58,POSITIVE
5,True,"06 25, 2017",A2GY6J61KJ0XQ1,B00Z2CC7Q6,marksart,as described.,Five Stars,1498348800,,,,2,POSITIVE
5,True,"01 4, 2016",A1CT33YCEN8AC,B017AJ0ISC,Amazon Customer,Good quality.,Five Stars,1451865600,,,,2,POSITIVE
5,True,"01 19, 2017",A2V44KBNXFA7TW,B0121QFCGC,Susan English,"My daughter was very pleased, with her new otoscope",Five Stars,1484784000,,,,9,POSITIVE
4,True,"03 7, 2012",A2L8545I1KHY19,B0026T4H70,A. Scovens-Thomas,I purchased this glue and it took longer than I expected. Someone told me that I needed a clamp to help bond it together and let it sit for an hour. It took me more than two hours for my ceramic angel to bond. So now I have to find a clamp. But I am very pleased with my product. The price and shipment.,A bit confused,1331078400,,{'Size Name:': ' 1 - Pack'},,64,POSITIVE
4,True,"02 4, 2014",A3M58YAGCDLOOE,B000CINVA6,cody4548,I love this stuff it's just a lil pricey. It definitely gets job done. I would recommend it. A lil goes a long way too.,Nice Lube,1391472000,,{'Size:': ' 10 Ounce'},,25,POSITIVE
5,True,"11 28, 2016",A3TS5IF3C9774W,B005IQTSE0,WarmwinterartsDOTcom,Arrived fast and as described.,Arrived fast and as described.,1480291200,,,,5,POSITIVE
5,True,"10 5, 2015",ABQZE4QHN876P,B005P7P9M2,Jean Danko,Best packing tape out there.  Highly recommend.,Five Stars,1444003200,,{'Size:': ' 1 Pack'},,7,POSITIVE
3,True,"12 13, 2016",A3UXFVTIXIJTJ7,B000CSIBCO,Amazon Customer,too thin,Three Stars,1481587200,,{'Size Name:': ' 1-Pack'},,2,NEUTRAL
5,True,"08 22, 2015",A3RHRPLBH4TRJY,B00GI1ERLI,111,Good,Five Stars,1440201600,,{'Package Quantity:': ' 1'},,1,POSITIVE
5,True,"06 25, 2016",A3L4FRD8XG0Q2I,B018J40IKU,Jjs37,"I use it for my backyard hydroponics, the pH changes very quickly and I test the water each day. This is convent and accurate.",HealthyWiser Digital pH meter,1466812800,5,,,24,POSITIVE
5,True,"03 28, 2017",A1H2WJSALF3E9U,B00D0XM2E6,Papa T,Great tool. Broke the one's that came with my Craftsman set and these were 1/2 price of the original one's and I get 2 of these. These work every bit as well as the original equipment.,Great price for great tool.,1490659200,,,,36,POSITIVE
5,True,"09 18, 2015",A3GV20I330FYFF,B005TLVK7C,Jeremy Pires,Worked for what I needed it for.,Five Stars,1442534400,,,,7,POSITIVE
4,True,"11 23, 2012",A15WJ9FGKVIT5D,B00191IYNO,Tek,I have used this straight out of the box (after a thorough cleaning of course) and it works as expected. The glass quality appears to be adequate as well. No bubbles in the glass which you do see in many other glassware products claiming to be of high quality.,Appears to be of decent quality,1353628800,,,,49,POSITIVE
5,True,"08 8, 2017",AKK51QNOHF68C,B0195YJKNE,Gyene Spivey,Very helpful,Five Stars,1502150400,,,,2,POSITIVE
5,True,"01 1, 2018",AV5OEIDHYMSCQ,B01GNR610G,JAI,Well made and easy to keep clean.,Great product,1514764800,,,,7,POSITIVE
5,True,"10 29, 2015",A2DXQTAN2LRPU8,B004TH0TUG,Karen K.,Definitely tough duct tape - be sure you have it where you want it.  Little change for this tape to fail - good hold.,Little change for this tape to fail - good hold.,1446076800,,,,24,POSITIVE
5,True,"05 27, 2014",A2HBROG400ELNP,B001HG71P8,D Stone,I bought them for my friends. And they loved them. They are small and very efficient. Its hard to believe that such a small fan could put out so much air flow. I would recommend them to everyone.,good to have,1401148800,,,,38,POSITIVE
2,True,"02 20, 2013",A1H8XZR9SSVH8X,B000FBT3UC,David Schmidt,"Metal thickness varies.  Molded handles poor quality.
Do they cut? Yes, but I was expecting better quality given the reviews.

Back to County Comm for me.",Quality not so great,1361318400,2,{'Color:': ' Black'},,26,NEGATIVE
4,True,"01 28, 2008",AAI6LUKY41T7N,B0000225GX,Paul N. Pilgrim,Good quality and construction if staples.  Package arrivd taped together with about a fourth of the staples missing but that is about average anymore.,STAPLES,1201478400,2,,,24,POSITIVE
5,False,"05 19, 2016",A30LAVLDNH4JR0,B00SNM8VIK,Fred Padovan,"Makerbot hit a home run with the replicator 5 generation 3d Printer
And it gets better all the time!!!  Firmware updates,  they update the firmware and it improves reliability,  adds features and print speed too!!!!
I would recommend this 3d printer for those that want to print more than work on a printer....",... the replicator 5 generation 3d Printer And it gets better all the time,1463616000,,{'Style Name:': ' 3D Printer'},,53,POSITIVE
5,True,"07 29, 2016",A39VRJ722E0RXS,B00PM1FKUC,Christopher G Fleissner,"Good quality, just what I was looking for",Five Stars,1469750400,,,,8,POSITIVE
5,True,"01 5, 2017",A1TM8HDX0NN1IB,B00XDUDB46,Jordan Wright,"Very sharp and well made blade. Price was nice, and it has held up very good. Will definitely be buying another one as a back up soon.","Price was nice, and it has held up very good",1483574400,,,,27,POSITIVE
5,True,"03 9, 2015",A3GNK6DDMKLUI3,B00KFIB92U,Mimi,"Just as described.  Item came on time, well packed with good safety instructions.",well packed with good safety instructions,1425859200,4,,,13,POSITIVE
1,True,"03 29, 2017",A1A3Y6SUTRXC4T,B004MDM94Q,bill k,"The plastic catch that is suppose to hold the mop head to the handle keeps opening while cleaning the floor
I would not recommend  this product",Poor mop handle,1490745600,,"{'Size:': ' 60""', 'Color:': ' Blue'}",,26,NEGATIVE
1,True,"12 31, 2016",A33SGYNTTLDLL6,B01CDWC60Y,momtofour,"These connectors are poorly made with cheap plastic.  Getting the Taps connected was not difficult, but the male ends don't lock in.  All the male ends were sliding out after installation.",Male Ends Don't Stay Put,1483142400,,,,31,NEGATIVE
4,False,"07 5, 2014",A3E6XB43SAUAOZ,B009F1HA4O,Wutthichai Phothachai,Very good item and fast shipping.,Four Stars,1404518400,2,,,6,POSITIVE
5,True,"07 24, 2018",A2INKGLKA77LBK,B00UZL2L60,Ss,Wonderful produc- great pouring shape,Pours great,1532390400,,,,5,POSITIVE
5,True,"10 9, 2014",A6V35F8M1JDMF,B006J8AWDC,the bridge,Purchasing this kit was like buying a new vaccum. The new filters make a huge difference in the performance of my old machine. I definatley reco. replacing your filters and giving your machine a new life.,Like a new machine,1412812800,,,,36,POSITIVE
3,True,"07 6, 2018",A3JJRZIJZ5MLK1,B00ZT9V8AI,Amazon Customer,"not the best thermal paste, but does the job.",Three Stars,1530835200,,,,9,NEUTRAL
5,True,"04 21, 2015",AHH7PTYFMQPXU,B00MYYTWQ8,Gandolf,A must for wind generators that do not have this feature built in.,Well worth the buy.,1429574400,,,,13,POSITIVE
5,True,"04 14, 2017",A3RETULY2L2IBD,B00ATNJH20,plamen,"Good package, well received and on time. Not yet tested...Well done.",Five Stars,1492128000,,,,11,POSITIVE
5,True,"09 3, 2018",AJTYJ3NEU39SU,B01HCKI7NW,sam allen,works great thanks,thermister,1535932800,,,,3,POSITIVE
5,True,"05 27, 2018",ANJJETWO47PBA,B005Z4QWIK,Michael Hamilton,Works great,Buy it,1527379200,,{'Color:': ' Clear'},,2,POSITIVE
5,True,"07 15, 2010",A1KMW17K68OONL,B0002V37XY,Cheryl,"Museum Gel is a wonderful product. It kept my artwork from falling off of pedestals during my sculpture and pottery show at Chatham University in Pittsburgh, Pa.",museum gel,1279152000,16,{'Size:': ' 1-Pack'},['https://images-na.ssl-images-amazon.com/images/I/512f49oRPpL._SY88.jpg'],27,POSITIVE
5,True,"10 19, 2017",A36VJAW6JCP0RV,B002WJHE7E,MamaLiberty,"Too big for my belt pouch, but fits into the trauma bag just fine. Seems to be very strong, yet not too heavy. Had to cut off a t-shirt a while back, when the child fell into a cactus patch. These would have been much better than the bandage scissors I had to use then. Of course, I hope that never happens again.",Better than bandage scissors for clothing,1508371200,,{'Color:': ' Black'},,63,POSITIVE
4,True,"03 28, 2017",ADM2MWS4M1GYR,B0012OELRG,Vera,"It is little, but I knew this before buying it.",Four Stars,1490659200,,{'Package Quantity:': ' 1'},,10,POSITIVE
5,False,"08 24, 2014",A12SO8RNBOKQVM,B0039ZS4BK,emmanuel,work as advertised,Five Stars,1408838400,,,,3,POSITIVE
5,True,"10 17, 2017",A1H8E8ZKH2O65Q,B00TLA6V76,CB,bought 2 sets along with the triangle base. Perfect for hanging crafts on at shows.,Perfect for hanging crafts on at shows,1508198400,,{'Color:': ' White'},,15,POSITIVE
5,True,"12 31, 2016",A30VHKR2EKOJWT,B01F60XIYI,&#039;; drop table users; --,"I previously printed mostly in ABS. This is much stronger and easier to work with. I had a surprising amount of trouble even cleaning blobs off of one of my early test prints with a new Xacto blade. I'm impressed and likely wouldn't use anything else for prints that need strength..

(Printed on a Rostock Max v2 with an E3Dv6 at 250C, on glue stick on glass heated to 60C.)",I previously printed mostly in ABS. This is much ...,1483142400,4,,,70,POSITIVE
2,True,"02 26, 2017",A1XVU4LTS2WYMK,B01FL49VZE,Jason T.,"Quality prints, but dangerous item. I left the printer on all day while I was at work, not running just ""on"". When I returned the fan was running, but the display would not come on. You could smell the strong odor of burnt electrical components. I returned it for a refund. I just wanted a second reliable printer for times I'm upgrading my primary, not a fire hazard!","Quality prints, but dangerous item. I left the ...",1488067200,,{'Color:': ' White'},,68,NEGATIVE
5,True,"11 10, 2016",A1B75QJ23ZG80L,B00TDBVW7W,Donnie Summers,Great product :},Five Stars,1478736000,,,,3,POSITIVE
4,True,"01 29, 2015",A47GY786Y5SO4,B000B868NE,Forrest B,"Don't expect the world from just a bulb replacement, but it is definitely brighter and whiter than the old halogen bulb in my 3 D Cell maglite. If you are looking for a super high ""way too bright"" light output light then look elsewhere. If you simply want to make a good improvement on an existing maglite then this is your guy.",Pretty good!,1422489600,,,,62,POSITIVE
1,True,"03 8, 2017",AD4XZM2EKZUNL,B009GPZF96,srahman,it was too uncomfortable and hectic to put on. didn't work for me.,One Star,1488931200,,{'Size:': ' X-Large'},,13,NEGATIVE
5,True,"11 8, 2015",A29CQRSG007735,B0062PBMUY,Patricia M.,I looked long and hard for a lighted hand mirror like this one to examine my feet. I have diabetes and my foot doctor said I should buy one like this. I thought this would be crazy expensive but was surprised at the fair and reasonable cost. I love this little tool. It smoothly rotates to any angle needed. Bright LED lights. Would buy again.,Great Little Tool!,1446940800,,,,65,POSITIVE
5,True,"06 28, 2018",A24BVLO1D5FTHW,B00TMLZVT8,Gilson Cafe  Cinema,works great,Five Stars,1530144000,,,,2,POSITIVE
5,True,"03 30, 2014",A2ZXQNITMGUBCQ,B01532QF7G,Sandy,good stuff for the money. Easy to connect and nothing extra required like holders etc. cost effective and superior quality for contineous operations.,good stuff,1396137600,,,,23,POSITIVE
3,True,"12 4, 2013",A3SF4YRHUN9L0V,B004P5DRWE,S.,"One of the toothbrushes was crushed, how it got that way and the others did not, I don't know.  It wasn't worth complaining about to the seller.  Over all, visually they seemed fine.",Product is OK.,1386115200,,,,33,NEUTRAL
4,True,"05 27, 2017",A1C5I17FDET9LL,B01GN9E1QA,Justin Shipe,"Accurate and easy to use. The calibration step is a little clunky and I had to do it a few times to get it right. The instructions are pretty clear, though. Great product!",Accurate and easy to use,1495843200,,{'Color:': ' Backlight'},,33,POSITIVE
5,True,"07 27, 2015",A2YTOHZOJ3JBNJ,B0001GAYRC,C. Jones,Used to glue my broken leather straps on my sandals.,Gorilla glue is awesome,1437955200,,{'Size Name:': ' 1 - Pack'},,10,POSITIVE
5,True,"09 16, 2015",A80DCCD1QGDL6,B00GZE3UJ8,JFall,"This was my first experience with gaffer tape. I am a mobile DJ and needed something that would stick to all surfaces and not leave a sticky residue. I find this tape to be of very good quality. It's easy to rip, holds wires fast to the floor and comes off super easy leaving nothing behind. I'd definitely recommend this brand!",I find this tape to be of very good quality. It's easy to rip,1442361600,,"{'Size:': ' 2 Inches x 30 Yards', 'Color:': ' Black'}",,61,POSITIVE
5,True,"09 22, 2015",A1FM3QU9EMZO4D,B00550GDCY,L W Lampert,Great machine!,Five Stars,1442880000,,{'Color:': ' 12oz Blue Machine'},,2,POSITIVE
5,True,"07 30, 2014",A2495W579XRZ0L,B001DZDCNS,DSD,"This kit worked perfectly!  I did the repair to my Tonneau cover and then drove to the Maine coast the next day, did not peel and sealed the tear up.  The repair has been in place now for 6 weeks through rain, sun and 70 MPH on Interstate with no signs of failing!  would buy again.","Tear-Aid, way to go.",1406678400,,{'Size:': ' 1 Pack'},,56,POSITIVE
1,True,"12 10, 2017",A2494CJ91RTSEH,B00MCWC1FQ,Rose L.,"not as good as expected, slides off and ends up poking other parts of LO's tummy.",One Star,1512864000,,,,16,NEGATIVE
4,True,"03 18, 2017",A3FHW0VEWAYCQ6,B01CFXISVW,EC-764,"good tool, always a good thing to be able to monitor some temps without having to get too close or to gain access in a large way. Great little tool to check temps of various things.",Fluke temp gun,1489795200,,{'Style Name:': ' 62 MAX'},,36,POSITIVE
5,True,"02 22, 2017",A1O3HVTS7DM01D,B01EL2YZK8,whit,"Bought these for hanging items off painted metal door.
These magnets are strong!
FWIW I tested door with fridge magnets before ordering.",Bought these for hanging items off painted metal door. ...,1487721600,,,,22,POSITIVE
5,True,"12 3, 2016",A3CX77H7E2QU3N,B00NRBMH4Q,Candy Pung,Awesome,Five Stars,1480723200,,,,1,POSITIVE
5,True,"06 3, 2014",AJKPWW227WZE0,B00EW2MC9Y,Miles Fidel A. Evora,"It is very handy, practical and durable. Computer generated reports makes it very convincing.  Just what I need in my electrical maintenance works.",Fluke FLK-VT04 Infrared Thermometer,1401753600,,{'Style Name:': ' VT04 Infrared Imager with Soft Carrying Case'},,23,POSITIVE
5,True,"02 21, 2017",A1YCT3ZUHU2KXY,B018KZBN4I,MARIBEL TORRES,"OHH THIS IS SO NICE,THE GLUE IS VERY STRONG  AND THEY LOOK SO NICE AT NIGHT..NOW I DO NOT HAVE TO WORRY ABOUT MY GRANDCHILDREN RUINING OR MY SELF HA,HA,HA,","OHH THIS IS SO NICE, THE GLUE IS VERY STRONG AND THEY LOOK ...",1487635200,,"{'Size:': ' 6"" x 24""', 'Color:': ' Black - 80 Grit'}",,30,POSITIVE
5,True,"06 26, 2017",A3CDE42N9WJZEZ,B001B19FDK,The_Genius,"second most useful thing,,,,,right behind duct tape",Five Stars,1498435200,,{'Size:': ' 1 Pack'},,7,POSITIVE
5,True,"05 30, 2017",AATEI9BC2WSK3,B01CH3DV5I,Amazon Customer,Worked as well as they should.,Five Stars,1496102400,,,,6,POSITIVE
5,True,"03 11, 2015",A2OEAL6B6VAZ6P,B00IKTO7VQ,Amazon Customer,Good stuff,Good stuff,1426032000,,,,2,POSITIVE
5,True,"09 21, 2015",A3RGG6VEEVJQ1E,B004JE6AWU,Rhonda,"I purchase pure stevia which comes in a large, unwieldy bottle. I use these bottles to hold smaller amounts of the stevia. The dropper makes it easy to know exactly how much I am adding. Works well for my use.",Good Bottles,1442793600,,{'Size:': ' 2 Pack'},,40,POSITIVE
2,True,"06 25, 2016",A2VH36D9VZVZQX,B012YDB1OY,imxron,"Nothing but clogs on my Taz 5, tried multiple temperatures and speeds. Esun and Gizmo Dorks printing fine",Clogs,1466812800,,,,18,NEGATIVE
5,False,"06 24, 2016",A18T81IK8HSC2F,B00X6XYR9S,Amazon Customer,Chef fadi alauwad,Five Stars,1466726400,,,['https://images-na.ssl-images-amazon.com/images/I/51M3kQIhBjL._SY88.jpg'],3,POSITIVE
5,False,"01 19, 2015",AU3PAI0Q6035N,B00LIE9QXO,CowboysGal11,Absolutely love it! So convenient to have two USB ports for my different gadgets.,Great product!,1421625600,,{'Color:': ' White/Silver'},,14,POSITIVE
1,True,"07 13, 2016",A9LNPNVB27CH0,B004EXMS4U,Jayla,"I ordered this product new.  It came in dented badly...  I ordered a replacement...  the replacement was even worse than the first item.  Very poor product quality.  These seem to be seconds, not new.",Came in damaged three times...  totally unusable.  I give up!!,1468368000,17,"{'Size:': ' 14 in x 48 in | 2500 CFM', 'Style:': ' Filter'}","['https://images-na.ssl-images-amazon.com/images/I/712VLDDKnIL._SY88.jpg', 'https://images-na.ssl-images-amazon.com/images/I/71pTjxIIErL._SY88.jpg']",34,NEGATIVE
5,True,"08 17, 2018",ACG3FC65T72VX,B01BSYQ0XC,Larr,This stuff works!!!,It can make you have a garlic taste in your mouth.,1534464000,,,,3,POSITIVE
5,True,"09 1, 2016",A26E6XSCKAJZK8,B001BR1LTA,Francisco ,Everything fit perfectly just as it should. Got my old rifle shooting again!,I'll use you guys again in the future.,1472688000,,,,13,POSITIVE
4,True,"07 12, 2013",A1O18YBA64RL6L,B0052EB6XE,Michael J Rebb,Good product.  Didn't realize they are for indoor use only however.  Didn't see that stated anywhere in the product description.,Indoor only,1373587200,,{'Package Quantity:': ' 1'},,20,POSITIVE
3,True,"07 15, 2015",A2MML6AIR0QOWK,B00ECGTK4K,W. Cole,I dunno - it hasn't rained yet,Cheaper than replacing the gutter,1436918400,,,,7,NEUTRAL
5,True,"02 17, 2017",A1EU232IYUZCF6,B0000YHN9W,I.B. Shopping,"Useful for measuring current draw. Works well, good price.",Five Stars,1487289600,,,,9,POSITIVE
5,True,"11 13, 2016",AZV6GRPCEU000,B01HAWF0YQ,Amazon Customer,The Force is powerful with this one...,Five Stars,1478995200,,,,7,POSITIVE
4,True,"09 10, 2015",A3KS0A9IMQ1P8A,B0012TREK2,Mikey D,"This stuff dries very very fast, seems to work though!",Four Stars,1441843200,,,,10,POSITIVE
5,True,"07 21, 2016",A36GPDBU9MQYGI,B01DS9G4AE,Kira,I'm so glad I bought these! I get chronic UTI's and having these saved me from having to go to the Dr's office again. I love that I can just take the test at home. I will always keep these on hand. They work great and are easy to use.,Money saver!,1469059200,8,,,50,POSITIVE
5,True,"06 15, 2016",AIX7AUYE3I9ER,B001OMQK6Q,adam taggett,Thumbs up!!!!,Five Stars,1465948800,,"{'Size:': ' One Size', 'Color:': ' Charcoal'}",,2,POSITIVE
4,True,"06 29, 2017",A2HBSU9AL4C9SX,B01A5THGES,nmart,easy to install cups for pegboard,Four Stars,1498694400,,,,6,POSITIVE
5,True,"04 23, 2016",A2HWQ5NP2YUVNA,B000HE8880,Troy Dodd,Thank you,Five Stars,1461369600,,,,2,POSITIVE
3,True,"02 8, 2014",A2WVXE3WWHN07W,B00D3RROMO,Melissa Pierce,Wasnt really thrilled with the flouresent pink stethescope although it works great the color is awful. The BP cuff and other products were of good quality though.,arrived quickly. ...,1391817600,2,,,27,NEUTRAL
5,True,"07 5, 2015",A1LDYKQVBT4VJ8,B00CY8ROAA,lovetheladies,Just as described  I did end up pre-drilling before installing as the base of the product is very wide.  Love the look.,Love the look,1436054400,,"{'Item Package Quantity:': ' 12', 'Package Quantity:': ' 12'}",,22,POSITIVE
5,True,"12 25, 2014",A1JCEL1UQ2DB9T,B0001MSC84,Thomas,exactly what I needed and best price around,Best price around,1419465600,,,,8,POSITIVE
4,True,"02 15, 2016",AGMIOIPDNXL6K,B019MC5Y2U,Keith R Parkison,"Gteat product, I use these on lighting retrofits on fuel tankers, the crimp great with rachet crimpers, there heat and shrink well.",Great product,1455494400,,{'Color:': ' 16-14AWG / #10'},,22,POSITIVE
5,True,"02 2, 2017",A2MHEMOEA0CATJ,B004DGZ9JE,A. Knox,"Bought for salad dressing to take for lunches, but we have used them for keeping craft paint, beads, and small objects contained as well.  versatile.","Bought for salad dressing to take for lunches, but ...",1485993600,,,,25,POSITIVE
5,True,"10 25, 2017",A2T1B5Z9UAEDSA,B0015TKB68,Daniel Richmond,"Exactly what youd want out of a home otoscope. Color is accurately rendered, its nice and and solid, and it only needs 2 AA batteries. Our 18-month-old baby didn't even mind it going in her ear!",A good deal,1508889600,,,,36,POSITIVE
5,True,"02 5, 2018",AYJ1G4EDEJ35B,B00A7W9MIM,Kimberly,I'm a nursing student and I got this to practice vitals outside of school. It works just as well as the BP monitors in my school labs and was MUCH more affordable than the ones I found in my local stores.,I'm a nursing student and I got this to practice ...,1517788800,,{'Size:': ' BP Cuff'},,41,POSITIVE
2,True,"11 13, 2014",A21G8NF086IK6G,B000F4OYMQ,Mark A Kelly,Cheap but functions.,Two Stars,1415836800,,{'Color:': ' Black Tube'},,3,NEGATIVE
5,True,"09 24, 2016",A3DHE5WFVQQ6U7,B00YZCUXH4,joel garcia,"Excellent metal roofing screw . Used these on 1"" high profile roofing with 2""thick sleepers..perfect.",Five Stars,1474675200,,,,15,POSITIVE
5,True,"04 5, 2016",AFTE5V1LAW9J5,B0008G1YGA,Caitlin R.,"Came quickly in the mail, good quality and everything i was expecting.",good quality and everything i was expecting,1459814400,,,,12,POSITIVE
5,True,"08 5, 2016",A3OPJHW7RHV56S,B00PSMUSUC,Amazon Customer,"Exact replacement, thank you",Five Stars,1470355200,,,,4,POSITIVE
5,True,"12 20, 2017",A28G4J3H8IO5NK,B004UE9RPQ,Donna Dickson,My favorite mouthwash. my dentist recommended it and I love it. clears food particles and I like the mint flavor. the unflavored one is kind of gross tasting to me.,My favorite mouthwash. my dentist recommended it and I love ...,1513728000,,{'Style Name:': ' Patient Care Pack'},,30,POSITIVE
5,True,"07 31, 2017",A13NQO6R1SFZ57,B01DTXVL48,rich greiner,"Exact replacement , worked just fine.",worked just fine,1501459200,,,,6,POSITIVE
1,True,"01 22, 2015",A2L1RCCQUUEKMV,B00O5B97U4,Virginia Rogers,it didn't come with mounting hardware!,No hardware,1421884800,2,{'Color:': ' pink'},,6,NEGATIVE
3,True,"08 11, 2015",A1IESB42Q2YKN6,B00C8SOG3E,sam,There are more durable gloves out there. These tear way to easily.,These tear way to easily.,1439251200,,"{'Size:': ' Medium', 'Unit Count:': ' 100'}",,12,NEUTRAL
2,True,"10 3, 2016",A1VDA16PRE59DQ,B00I0JN8YS,Amazon Customer,"This was purchased for my mother. She did not want to use it.  The alarm would have scared her and make her lose her balance. It needs to sound in another room, like a monitor.",like a monitor,1475452800,4,,,35,NEGATIVE
5,True,"01 25, 2018",A3T8GQNMR2MUW9,B00F31UN8A,Blue Dog,I used these on a lightweight indoor project and they worked fine.,They're good,1516838400,,,,12,POSITIVE
4,True,"11 5, 2016",A1Q7848BC4ZKW8,B0000DCZ9V,Thomas,"I recently purchased the tapping machine. I must comment
the machine is excellent on small parts. I would recommend
this product to my friends. There is control and a since of feeling
with this product.
  Thomas/Tucson Az.",I must comment the machine is excellent on small parts,1478304000,,,,37,POSITIVE
5,True,"11 10, 2014",A4R0DDJO28WUO,B004XMX5CQ,George G,How does one review flat washers? These worked fine and the price was right.,These are washers,1415577600,,,,14,POSITIVE
4,True,"06 20, 2016",A1EOFIZND81IRU,B009ZZNL16,dan jackson,Seems to work fine.,Four Stars,1466380800,,,,4,POSITIVE
5,True,"12 6, 2017",A26C9TD776MUBQ,B005GK3IVW,Josee Lindner,A+,Five Stars,1512518400,,{'Style Name:': ' Roomba 770'},,1,POSITIVE
5,True,"05 13, 2018",A3Q1WUKBKH2TP9,B017HI1GW8,Varnan,"I am shoring up my hundred year old front porch and I like these screws. I tried another  brand of exterior four inch screws but these have a much better feel to them. They go in easier and the connections have a more solid feel to them. Glad I found these, they do the job and also no more Phillip head screws if I don't absolutely have to",These do the job,1526169600,,{'Package Quantity:': ' 1'},,68,POSITIVE
5,True,"03 14, 2016",A1WYDFBCAIWBLK,B004X2HTOG,M. Frasier,Awesome. Catches all dirt. I ended up picking the wrong size and got it way bigger than I wanted. But I still kept it because it was just so good.,Awesome. Catches all dirt,1457913600,,"{'Size:': "" 3' Width x 5' Length"", 'Color:': ' Charcoal'}",,30,POSITIVE
5,True,"03 22, 2016",AS1VW485OXPMB,B00XWMELQ2,LAP,"Exactly as pictured, delivered quickly, free shipping - Perfect!",free shipping - Perfect!,1458604800,,,,9,POSITIVE
4,True,"12 2, 2015",A33AMN5FXRQEZI,B00018ACT0,Larry,Very nice files. Still looking for a handle to fit.,Nice,1449014400,,"{'Length:': ' 16', 'Overall Length:': ' 16', 'Part Number:': ' 03980N', 'Thickness:': ' [ N/A ]'}",,10,POSITIVE
5,True,"06 11, 2015",AAE18R40O9AK4,B00C01LVF0,Dudley Burkhalter,Could not ask for anything more......,Five Stars,1433980800,,,,6,POSITIVE
5,True,"11 27, 2017",A3PXPP8A6T1ILE,B00511PK2G,kostas,Very Good,Five Stars,1511740800,,,,2,POSITIVE
2,True,"01 3, 2015",A1CR2NKLJKOL1T,B0009KMYHI,Timi L.,"I bought this microwave about 18 months ago hoping it would last very long.  I didn't buy any extended warranty on it.  It worked well for the first 12 months, then it started acting up - making all kinds of noise and not going through the cycle before stopping. I couldn't complain to the manufacturers because the factory warranty just ended and I do not have an extended warranty. Now I'm looking to buy another microwave - this has not been a positive experience.",I bought this microwave about 18 months ago hoping it ...,1420243200,,"{'Size:': ' 2.2 cu.ft', 'Color:': ' Black'}",,84,NEGATIVE
5,True,"08 11, 2017",A3A9XRYXE2XJD9,B00AZBIZTW,Bob,Works Great.  Lots of power and attachments.  Compact for storage.  Easy filter canister cleaning.,Works Great. Lots of power and attachments,1502409600,,"{'Color:': ' Purple', 'Style Name:': ' Vacuum Only'}",,14,POSITIVE
3,True,"07 4, 2016",A2I8OQXFUOBR8Z,B007PM4KPW,billphoto,Glorified $10 bicycle lift.  Nice bracket on one end bus the same cheap bicycle lift with an extra pulley on the other end.  Hoist stop is the same for a 10 pound bicycle.  Not much good.  Added a second strap in case it give.  Better than dropping a ladder on my $50k truck.,Nice bracket on one end bus the same cheap bicycle ...,1467590400,,{'Size:': ' Pack of 1'},,53,NEUTRAL
5,True,"08 4, 2017",A13PALC7ZAGU46,B00601V7BY,Amazon Customer,Looks very science-y,Indeed,1501804800,,,,3,POSITIVE
5,True,"04 22, 2017",A338FWQ0BWWAQ7,B00CCUQK2S,Robert W. Redding,The cable is working exactly as hoped.  No problems.,Five Stars,1492819200,,{'Size:': ' 4 feet'},,9,POSITIVE
5,False,"06 7, 2018",AX9G3QJZ3ZJQL,B01A359IU4,Mr. Someguy,"Perfect for working with epoxies or any other small projects that need vacuum off-gassing.  Ready to use our of the box, and holds a vacuum seal very well.",Perfect for working with epoxies or any other small projects ...,1528329600,,,,28,POSITIVE
1,True,"01 23, 2018",A18VUKJA1NFGAO,B0061ZPLE8,Rodney,"Like others have stated, this is aluminum rods and not brass.","Aluminum, NOT brass.",1516665600,,,,11,NEGATIVE
5,True,"11 25, 2015",A30DNUNVTNHVYK,B005K2TXMO,Eric E.,"Works great on PS4 to stereo, as long as PS4 output is set to PCM.  Couldn't be happier.",Works mint with PS4,1448409600,,,,18,POSITIVE
5,True,"02 28, 2015",ANAWH0W3NTIVW,B001ENVETS,Don,It works well with the cedar chest I made.,Five Stars,1425081600,,,,9,POSITIVE
4,True,"07 22, 2017",A15RZ63NSN9MHP,B00063KZBA,cez,works well just lock button hard to set,good,1500681600,,,,8,POSITIVE
5,True,"10 20, 2016",A388GC4SHPWU6A,B00R51XF7M,Amazon Customer,Great product and great price order was delivered in a timely manner no problems whatsoever,Five Stars,1476921600,,,,15,POSITIVE
1,True,"05 31, 2017",A2WL4Q5LJ2AKEL,B005KMDV9A,Amazon Customer,"This vacuum has too many strikes against it.
1. It is ridiculously heavy! (Don't try vacuuming a carpeted staircase.)
2. It cannot vacuum under a bed: not flexible enough and no carpet attachment to use.

I would return it but I've thrown away all the packaging.

VERY disappointed",This vacuum has too many strikes against it. 1 ...,1496188800,,,,48,NEGATIVE
2,True,"01 9, 2015",A2YAF0D7FHBEVW,B001QFZS6E,Sistergoldengirl,Did not stick very well on fireplace hearth.,Two Stars,1420761600,,{'Size Name:': ' 1'},,8,NEGATIVE
4,True,"10 6, 2013",A1GVYCX4MSLRC2,B000CSG9Q4,Waijer Hsia,"It is so easy to erect the post by using this spike, and it looks nice.
Only issue is the lag bolts come with it seems not a match.
I used several joist hanger nails to secure the post.",Function well,1381017600,,,,39,POSITIVE
4,True,"03 2, 2017",A2UEQHXY0HGGIV,B0119B3SQQ,nikki2shoes,"I bought them here because you get more for a good price than an actual store like Walmart. I make bottle cap magnets, but I have to double them up. So instead of 100 possible bottle cap magnets, I get 50.",... bought them here because you get more for a good price than an actual store like Walmart,1488412800,,,,41,POSITIVE
5,True,"08 5, 2017",AJV7D5MG5XXOB,B00F4ORTZ6,Justin BentRails,"I bought my surround sound system before I upgraded to Blu-ray and a flatscreen HDTV. I had to buy this in order to make them work through my home theater, and it does a remarkable job of doing so. My surround sound sounds so much better, and I've even noticed better quality sound from the movies that I have that are the DVD format and aren't available in Blu-ray.",Makes my (slightly older) home theater sound even better.,1501891200,,{'Style:': ' Digital to Analog Converter'},,69,POSITIVE
1,True,"03 21, 2015",A3V1A48Q427O95,B008V1TVQY,Dean Garth,"it does not mate with the unit I bought. It is too large in diameter.  it is not 1/4 x 1/4, it is 1/4 x 3/8. The insert is 3/8",Wrong size,1426896000,,"{'Size:': ' 1/4"" Insert x 1/4""Barb'}",,30,NEGATIVE
5,True,"07 29, 2015",A1SO7STWVHCED3,B0052GRKZU,Phillip Drumm,Great product! Fixed my $800 TV!,Quality product!,1438128000,,,,6,POSITIVE
5,False,"10 18, 2014",A1YVDY3TISDRE1,B00JIJ6KXU,James C. Ward,great taste.  Recommended.  Keeps your teeth white and also avoid cavities.,Five Stars,1413590400,,,,11,POSITIVE
5,True,"03 28, 2015",AQWX42KOUGZR0,B00RXCD5DM,Brent Deckard,Very good quality. Not the hard plastic of some of the others on here. Lots of sizes for every need. Thanks Scott M.,Very good quality. Not the hard plastic of some of ...,1427500800,2,{'Size Name:': ' 125 - Pieces'},,23,POSITIVE
5,True,"07 11, 2018",A1U25O4R07VXS2,B01628G5A2,Fox,Works as expected even afte multiple washings.,As expected,1531267200,,,,7,POSITIVE
5,True,"03 21, 2013",A1O8GCE87TY0KC,B0057OC5WK,Noah Bronstein,I'm using this in a scientific instrument with current between nanoamps and milliamps through the switches. The switchboard works great. Controlled by Arduino UNO. Capacitance doesn't seem to be a problem.,Excellent switch-board,1363824000,3,{'Package Type:': ' Standard Packaging'},,31,POSITIVE
5,True,"11 4, 2016",A21SZ5RVKCAOLY,B007ZYXPJM,Kimberly Mccarthy,It's just what I asked for...,Five Stars,1478217600,,,,6,POSITIVE
5,True,"03 18, 2018",A1WB4UIDT2KHRU,B0119B3SQQ,Michelle Hendriksen,Worked great.,Five Stars,1521331200,,,,2,POSITIVE
5,True,"02 12, 2015",ALWI36CQQE9NV,B00E0NXTJW,nestor q,very good,Five Stars,1423699200,,,,2,POSITIVE
1,True,"05 4, 2016",A2PF8965NVM1FT,B000E5QFIW,Rhonda Hampshire,Box says purple but when I open the box it is blue.,One Star,1462320000,7,{'Color:': ' Indigo'},['https://images-na.ssl-images-amazon.com/images/I/715B8HR0jTL._SY88.jpg'],12,NEGATIVE
5,True,"05 22, 2017",AU9ZOZC6Q0ILR,B00D7BJ6MW,DaGreat1,loooove this mist spray bottle.,Five Stars,1495411200,,,,5,POSITIVE
3,True,"12 4, 2017",A7UWWOR76BJ1T,B00AGK8WUY,Amazon Customer,worked out fine,Three Stars,1512345600,,,,3,NEUTRAL
4,True,"06 11, 2016",A8DOCGZI4D53J,B000FPAK0U,olblueiiii,"Well made, consistent, reliable quality.",Well Made.,1465603200,,,,5,POSITIVE
4,True,"10 22, 2016",A3MRK4A5Q01T79,B00S7TK40C,Amazon Customer,just what I needed,Four Stars,1477094400,,,,4,POSITIVE
3,True,"08 11, 2018",AEQUH78O1TUXQ,B016Y9IZ3Y,Karen M.,They have a strong magnet but I don't really think they are 40 pound ones.  Save yourself the money and get cheaper ones and some metal to metal glue for a few bucks at a hardware store.,Good but doesn't hold the weight.,1533945600,,{'Color:': ' Black'},,37,NEUTRAL
4,True,"09 17, 2015",A1CT6MLYNBG3L4,B00WRELMVI,Expo Reviews,"OK. But, diluted more that I would like.","OK, but more diluted than I would like",1442448000,,,,8,POSITIVE
5,True,"05 6, 2017",A3TUQDGJPCMV2D,B00076RBZE,Peggy C,I have used several of the small jars in a couple sizes for skin care products mainly for travel use. There work great. The lid is easy to twist and secures snugly to the jar. Liquids stay inside.,Liquids stay secure,1494028800,,,,38,POSITIVE
5,True,"06 9, 2013",A12Q2PV6TZ6XX9,B001VY112K,Robertg,had one of these for many years and when I found they still made these I bought another . extra word 2,quality,1370736000,,,,22,POSITIVE
1,True,"08 9, 2017",A3FKLW7DIBPA2C,B00WOO8KS4,Brighton to GOJO,We have ordered these mats several times before and always had good service from them but with our last order it was obvious that the quality had drastically changed. The rubber backing was much thinner and urine would actually would pass through and as a result there were strong odors which we were trying to eliminate.,... ordered these mats several times before and always had good service from them but with our last order it ...,1502236800,,,,56,NEGATIVE
3,True,"09 13, 2017",A2JXA3PXZ0ZFZR,B006ATU73A,SarBear,"I used exactly as directed, hoping my favorite shoes would be fixed and wearable again!  Sadly they lasted only a couple hours before one of the shoes became unglued.  Super bummed.",Meh,1505260800,,,,31,NEUTRAL
5,True,"12 13, 2015",A39EQLXZLUIBQ2,B00004WCCP,BBeahm,"Classic electrical tape.
Best brand, never  been disappointed.
Great price :)",Best Electrical Tape,1449964800,,{'Size Name:': ' 1'},,11,POSITIVE
1,True,"07 5, 2016",A3P97PJBSFGZAD,B000ITD3RA,Amazon Customer,This was to small of a microscope to see in the ear,One Star,1467676800,,,,12,NEGATIVE
5,True,"07 19, 2016",AEZEHXYNDL6KI,B000JWK3PG,Amazon Customer,I haven't had any discomfort with this toothpaste. It has a nice taste and I would recommend this product.,It has a nice taste and I would recommend this product,1468886400,,,,19,POSITIVE
5,False,"11 25, 2014",AINY8M2UY4RVA,B003A8FG62,Gabriella c. Rodriguez,"Just got mine and used it today. It was amaaazziinnggg! All my co workers were complementing me on it and asking were they could get one. It made my night so much easier and kept all my recepits, coupons and cash in one spot and safe. Didn't lose a single thing and was always kept on track, really worth every penny!",Just got mine and used it today. It was ...,1416873600,,"{'Size:': ' 4"" X 6""'}",,61,POSITIVE
1,True,"03 2, 2017",A3AAD5NO1JK8MP,B00QYNWTL0,robin hudson,"It arrived in good time.  That is the end.  Brand new batteries inserted and no light.  The magnifying portion of the light is nothing but plexiglass and provides no magnification.  I am also very upset because they will not let me return it.  It also came with no instructions, but I am experienced with otoscopes so i did not need any.  I did not expect much from it since it is not a professional tool but I at least expected it to turn on.",Don't Buy - Did not work and no returns allowed.,1488412800,3,,,84,NEGATIVE
4,True,"03 26, 2017",AG44JC8LJLZKH,B0043570IS,Cheryl Haden,"This one is sturdy, has not broken like others I have had, but it is heavy and the added weight of what I am picking up sometimes makes it difficult to operate...","This one is sturdy, has not broken like others I have had",1490486400,,{'Size:': ' 1 Pack'},,32,POSITIVE
5,True,"08 25, 2016",A1YU8SRUWG2NSM,B00BCH4WTA,Sheila Holtan,great product fast shipping,Five Stars,1472083200,,{'Style:': ' Professional Sprayer'},,4,POSITIVE
4,True,"12 30, 2014",A2K4DX09O3WX8N,B00GI8BB6U,Wood works,good for the price,Four Stars,1419897600,,,,4,POSITIVE
5,True,"03 24, 2016",A25BSZTNU4W1HI,B00RU1V6T6,Norm Sanford,Great product - fast delivery.,Five Stars,1458777600,,"{'Size:': ' 2 inches x 60 yard', 'Color:': ' Black'}",,5,POSITIVE
5,True,"02 17, 2015",A1AWHV87Y098GO,B006RBB3AC,gary,best ive ever had,Five Stars,1424131200,,"{'Size:': ' 8"" Length'}",,4,POSITIVE
5,True,"09 16, 2017",A36Z5M1VFA82IO,B00IT4EF0K,"Jose M. de Carlos, Jr",Works perfectly for my Captain America shield and back harness setup.,Five Stars,1505520000,,,,11,POSITIVE
5,True,"05 7, 2018",AF814ZT9UV0DN,B01FI5AM36,Michael E Parker,Execellent product very helpful timely. Delivery,Five Stars,1525651200,,{'Color:': ' Blue'},,6,POSITIVE
5,True,"05 18, 2013",A23QCLV0L4A8I,B0064O77LQ,L. Stracener,This product deffanintly will help your batch of whatever it is that you are into produce more and quicker than anything else that I have tried so far.,Verry pleased,1368835200,3,,,28,POSITIVE
1,True,"03 28, 2018",ASL3I3Q3HL5L0,B000EJUBBU,Passion8man,Sucked! Used it once and put it back in the case. 4 months later it doesn't work. New battery didn't fix it. Reset didn't fix it. Total cheap junk. Don't waste your moeny.,Only worked once!,1522195200,,{'Size:': ' 6 inch'},,33,NEGATIVE
5,True,"11 3, 2016",A1GQIYMVCG9LY4,B004W6U58U,J. Gerhardt,Small tube but safer than using antibiotic ointment all the time. Curad makes better products than J&J to use. Seems to heal things just fine including fungal rashes on toes or groin and cheaper than prescription ointments.,Great product and kill both bacterial and fungal infections with no adverse effects.,1478131200,,,,37,POSITIVE
5,True,"11 13, 2014",AHGSST7XGJJRH,B0013GB0EU,Moya N Fash,Great,Five Stars,1415836800,,{'Color:': ' Black'},,1,POSITIVE
5,False,"06 22, 2016",A3RJBZVRJCUMML,B01DJZ8CP2,M. Aronhalt,Very good design and ease of use makes this a perfect addition if you are interested in such a device.  You have the option to switch between either MM or Inches and there is a small turn-screw that allows you to lock it into place so that is does not move.,Review based on free sample,1466553600,,,['https://images-na.ssl-images-amazon.com/images/I/71ktphDGTHL._SY88.jpg'],51,POSITIVE
5,False,"07 14, 2018",A3QMIVRF7B8QMY,B00WG6AUEW,Amazon Customer,great packing. everything was set perfect. did not need to do any tuning. great machine.,Five Stars,1531526400,,,,15,POSITIVE
5,True,"09 19, 2017",AUIXEOO26JW8N,B00FZLPCKC,Ariel Fernandez,cumple,cumple,1505779200,,,,1,POSITIVE
4,True,"01 16, 2015",A9QDSBJ1BSMWC,B0001MSC84,janet merrill,Perfect fit.  Although water builds up and freezes in the top.,Perfect fit. Although water builds up and freezes in ...,1421366400,,,,11,POSITIVE
3,True,"12 8, 2014",A1W3X9X5QTLBRE,B0089OUSVU,Miss Lee Lee,"be careful... certain areas need certain zoning requirements. Make sure this code is right for your part of town. Also, if anyone parks in your driveway it is an automatic tow- its illegal. Please have them towed by the city NOT just any tow company!!! If you use this is a private apartment parking lot then it must have a code otherwise it is pointless.",be careful... certain areas need certain zoning ...,1417996800,3,"{'Size:': ' 24"" x 12""', 'Material:': ' Durable Non-Reflective Aluminum'}",,65,NEUTRAL
5,True,"02 5, 2018",A1BIK6QUCZYGF9,B00AWS3QV0,Don Boyes,"I bought two of these clamps. they are of the highest quality and I did not pay the highest prices out there. I believe I got a great deal, thanks Amazon. and thank you for helping the boys and girls club.","I believe I got a great deal, thanks Amazon",1517788800,,,,41,POSITIVE
4,True,"11 16, 2014",A1PPUCRFU9J3ZO,B00C37BB1A,Adam K.,"Used to drain my engine catch can. Largest volume I could find. Shipping was direct from China, took longer than expected.",Used to drain my engine catch can. Largest volume ...,1416096000,,{'Size:': ' 150ml Syringe+47in Plastic Tubing'},,21,POSITIVE
5,True,"08 3, 2016",A2628Y96F279ZU,B00IDJ885O,Amazon Customer,I liked it a lot. I glued together two pieces of wood that broke and they are perfectly fine.,I liked it a lot,1470182400,,{'Style:': ' 2OZ THICK VISCOSITY'},,19,POSITIVE
5,True,"08 9, 2016",A1Y13D6GJ3JACG,B000GATCNA,Amazon Customer,thanks,Five Stars,1470700800,,,,1,POSITIVE
5,True,"10 12, 2014",A1KG3XZ5FT8TWQ,B004U6DJI0,Justin,Good stuff!,Five Stars,1413072000,,"{'Length:': ' 12', 'Number of Items:': ' 8', 'Overall Length:': ' 12', 'Thickness:': ' 0.080'}",,2,POSITIVE
4,True,"10 23, 2013",A21EYLW1TG7KUH,B004S7SUFI,FireFly,dident think they were hard plastic like they are but work well enough for what i need. good price for the count. does not come shipped in the box like seen but thrown in a bag with the top tied in a knot.,very cool.,1382486400,,{'Size:': ' 10'},,43,POSITIVE
5,True,"05 7, 2018",A3KCVGCXTKNJNP,B00IT4H8FE,Alan,"Love this magnet,
Strong enough to hurt you and can break its self due to being so powerful.
Great purchase.",Very strong,1525651200,,,,20,POSITIVE
5,True,"08 7, 2018",A1UT5ILOVSFBI8,B00WAJLSKA,Amazon Customer,Just what Jim needed,Five Stars,1533600000,,,,4,POSITIVE
5,True,"05 1, 2017",A39LYU2PD0DR8Y,B00QSEHBD6,Corlis Kent,Highly recommended,Five Stars,1493596800,,"{'Size:': ' 1/8"" Shaft: 1/4"" Diameter x 1/2"" Head Length', 'Material:': ' Original - Fine'}",,2,POSITIVE
5,True,"05 8, 2015",A54JWANNED0J8,B00L9OVCQW,D. Ring,Inexpensive and just what I needed! Thank you for a great product!,Inexpensive and great!,1431043200,,"{'Item Package Quantity:': ' 24', 'Package Quantity:': ' 24'}",,12,POSITIVE
5,True,"10 25, 2016",AQD3THZYYUM4C,B004DBQ0D8,Amazon Customer,LOVE IT.  This is the perfect island in my kitchen.  This table really adds a lot with the SS appliances.  Great buy,LOVE IT. This is the perfect island in my ...,1477353600,,{'Size:': ' 48-Inch'},,22,POSITIVE
4,True,"04 22, 2016",AST9B1IJ7FEWB,B0116AJ8KA,Carolyn Hesher,Good quality,Four Stars,1461283200,,,,2,POSITIVE
5,True,"11 10, 2015",A1O5SW00QVMB9H,B000N6621M,INHUNTER,"Bought these wheels to replace the cheap, hollow, plastic, wheels on my Brinkman grill.  The old wheels cracked and came apart.  I don't see that happening with these.  You'll need to buy some bolts & cotter pins to attach, but the wheels are doing their job so far.",Nice replacement wheels for grill!,1447113600,,{'Size:': ' 7-Inch'},,48,POSITIVE
5,True,"05 2, 2017",A32WLW86DR7349,B005KD52SM,Flyboy,"We purchased this product for our place of worship to tidy up after the meetings.  It does a very nice job on the low pile carpet, floor matts as well as the ceramic tile.  It seems to be built to last, should work for us a long time.",Cleans well and built to last.,1493683200,,{'Style:': ' Dual Action'},,48,POSITIVE
4,True,"08 4, 2014",A24WLM9OI14C8W,B001AXF416,Garrick,"mistook this as electrical tape, I really should read before I make some of these purchases. Still helpful since I needed these to make some modifications to my costume","mistook this as electrical tape, I really should read ...",1407110400,,{'Size Name:': ' 1 Pack'},,29,POSITIVE
4,True,"09 29, 2016",A1DJ9U9X87ZD8A,B0013BKDO8,Richard Hausman,Reliable and easy to read.,Reliable and easy to read,1475107200,,{'Color:': ' Black/Silver'},,5,POSITIVE
5,True,"11 15, 2017",A33Z7OY9KQBTZ5,B00M3TQ54G,LSOJ,Great for threading if you're working with small projects and standoffs. Get some tap magic. I like to use this with a hand drill on slow speed.,Great for threading if you're working with small projects and ...,1510704000,,,,27,POSITIVE
5,True,"05 2, 2016",A26TP812N5DZZZ,B00236V0US,Kindle Customer,Who doesn't want to be a CSI?,Five Stars,1462147200,,,,7,POSITIVE
5,True,"06 28, 2016",A8RKF82EMP6T1,B00K4XWTH0,Michelle S,Love this product.,Trust this product,1467072000,,,,3,POSITIVE
5,True,"02 24, 2017",A1V7WEH3OYG9Q9,B00I0TTMSY,Solomon,"This order was as advertised, and is of a good quality.",and is of a good quality.,1487894400,,,,11,POSITIVE
5,True,"04 18, 2017",A2FCV7R5O4PTR4,B000132VDA,bear1954,item's as described and delivered on time and Thank You!!!,Five Stars,1492473600,,,,10,POSITIVE
1,True,"11 7, 2016",A36IRE998N16MV,B00QDENTQY,JulyRuby,I would not have ordered these if I'd known the lime bags were see through.  That was not noted in the description.,Lime bags see through,1478476800,,,,22,NEGATIVE
5,True,"04 18, 2017",A1UDLVS9RFC02K,B001S9ALK6,Lulabelle,"As an emergency eye wash, this is truly a good deal.  Sterile and easy to use.  Will purchase again.",Very good product,1492473600,,{'Color:': ' Clear'},,19,POSITIVE
5,True,"02 9, 2016",APW6ATNXGCEEN,B0002EQU6C,JO,Works as described.,Five Stars,1454976000,,,,3,POSITIVE
5,True,"10 8, 2015",AK4TDI8JHTB4X,B00UI40VKM,Octgirl,Basic nails.  Work great,Five Stars,1444262400,,,,4,POSITIVE
4,True,"06 26, 2017",A1A651KVL8TEMQ,B000H61YF2,Edward,Works as advertised. Good price,Good,1498435200,,{'Package Quantity:': ' 1'},,5,POSITIVE
4,True,"12 22, 2015",A1MFJSBNTDODKO,B00BXUCWQG,Ryan Hoover,It works as advertised and you can't beat the price. My only complaint would be that there is no ground connection other than connecting it to the case.,It works as advertised and you can't beat the price ...,1450742400,,{'Size:': ' 4000W'},,28,POSITIVE
4,True,"08 30, 2013",A1RR8C21U4BDUA,B006WMRVS4,Paul H. Neja,"This thing is accurate, used on a table saw it is very accurate. It is magnetically held in place, and can be relied on up to 1/64 of an inch.",woodworkers best,1377820800,2,,,30,POSITIVE
1,True,"05 20, 2017",A1BEZF1DZA0TCV,B00014IX6I,Susan,I ordered this product earlier this month and was disappointed that instead I received the aqua blue and white packaged peppermint toothpaste. I'm not sure if it's the same product or not but I used this brand with great success some years ago and I was trying to find the original formula that I once used. The one I received is pictured under Peelu toothpaste search but that was not the one I ordered. The one received is more creamy paste than peelu fibers. Disappointed.,I ordered this product earlier this month and was disappointed that instead I received the aqua blue and white ...,1495238400,,"{'Size:': ' 3 fl oz', 'Flavor:': ' Peppermint'}",,85,NEGATIVE
5,True,"12 14, 2017",A3VBGPRQ0LEJ61,B003ZATW42,Amazon Customer,Works well. Easy to use and good quality.,Good to mix your sprays,1513209600,,"{'Size:': ' 16ounce(3pack)', 'Color:': ' clear'}",,8,POSITIVE
5,True,"12 10, 2016",A2O28GXZHU7P3C,B00GZE3UJ8,Nashville Nancy,"Way better than duct tape!  Fast delivery, great product, great price.  What more could you wish?",Way better than duct tape!,1481328000,,"{'Size:': ' 2 Inches x 30 Yards', 'Color:': ' Black'}",,16,POSITIVE
5,True,"05 7, 2015",A3176INQ5065Z9,B00RRD3BPE,Edward C Trulson,"like these resistors for circuit work, and they hold up good!",Five Stars,1430956800,,,,11,POSITIVE
5,True,"09 9, 2015",A2EIZATFBK0UBO,B00BERGESK,James,"Exactly as Described.  Works great, just watch the amount of wort you use.",Perfect for Growing BeerYeast,1441756800,,{'Number of Items:': ' 1'},,13,POSITIVE
5,True,"05 11, 2018",A1S77FQZ4R5LOV,B013U707T8,blahblahblah,"Great little bottles at a great price. Initially, some of the lids were the wrong size. I emailed and sent photos, and the company promptly sent the correct lids. Customer service was great, very responsive.",Happy with my purchase,1525996800,,,,35,POSITIVE
5,True,"04 24, 2017",A3NDM3QITD1688,B017QSM7DQ,Reese T.,"I'm not a dentist. I purchased these for when I have a bad cold. I have a very powerful sneeze reflex. When I'm sick, the worst of it is all the sneezing. I put these in my nostrils, and they absorb the fluid draining from my sinuses, preventing the sneeze reflex from triggering. They work better, and are quicker/faster than wadding up little squares of tissue.",Suppresion of the achoo syndrome.,1492992000,,,,66,POSITIVE
5,True,"09 21, 2015",A3KABZ4OT37BVX,B0041Y97FK,Jesse &amp; Mackenzie Ellison,Tore stuff up with these,Five Stars,1442793600,,"{'Size Name:': ' 4-1/2""'}",,5,POSITIVE
5,True,"02 23, 2017",A11H5K500KNAGK,B019IZZKUC,Malgorzata Chmielewski,"Great case, nice and firm, slick, simple. My stethoscope fits perfectly in it, as well as my bandage scissors, penlight, and pens. It keeps everything together and keeps my stethoscope safe from damage. Definitely would recommend, great for the price.","Great case, would recommend",1487808000,,,,40,POSITIVE
3,True,"01 22, 2018",AWS4GQNGBT50Z,B000BZTFWS,david densmore,it is dark blue not light blue,Three Stars,1516579200,,{'Color:': ' blue'},,7,NEUTRAL
1,True,"09 12, 2010",A3FM6W63RRPG96,B000GOHE4A,mdavis,Even though I hand tightened the nut on to the bolt it seized up on me when I tightened it with a wrench and then the head of the bolt snapped off. Cheap Chinese steel is what I assume was the problem. I'm looking for an American or European made lock. Any suggestions?,broken already,1284249600,4,,,53,NEGATIVE
5,True,"11 9, 2016",A31O45AAKG6NND,B0198H8JB2,B,great measure but I hate it when companies pester me to leave reviews,Five Stars,1478649600,,{'Color:': ' new2018-2'},,13,POSITIVE
5,True,"08 28, 2017",A3721I4H2U0V7Z,B00MN5X304,Amazon Customer,love it much better then tape...,Five Stars,1503878400,,,,6,POSITIVE
5,True,"12 29, 2014",A2IIDU0HE1CAJ6,B0018CLUAI,kernsa sweet,Great gift idea,Five Stars,1419811200,,,,3,POSITIVE
5,True,"01 5, 2017",A128DSRCL7I8I5,B01GDD7XAW,kim,"Two ounce, plastic with lid... Nice, as described. Good quality",Good deal,1483574400,,,,10,POSITIVE
5,True,"06 23, 2012",A2QGAUMCK9U4BK,B0009V1WXY,Randy Lee Stiffin,This strap is well built and reasonably priced. I highly endorse this product! I am currently using this strap to secure my recumbent bike to my car trunk bike rack.,Lashing strap with staying power!,1340409600,,{'Size Name:': ' 1 Pack'},,30,POSITIVE
5,True,"10 27, 2017",A9KOLBCY4FA8W,B000FKD6JC,mal,work for the lab experiments will order again,Five Stars,1509062400,,"{'Size:': ' 10 yards', 'Length:': ' 10', 'Number of Items:': ' 1', 'Overall Length:': ' 10', 'Pattern:': ' 60 micrometer', 'Thickness:': ' 60'}",,8,POSITIVE
5,True,"11 26, 2014",A1UOGNX8CGRY1F,B00DUG0RP4,O&#039;Falahan,"Installed these several months ago and they are working just fine.

I don't notice that they operate any quieter then the rollers that they replaced.  But they were plastic rollers, too, albeit without ball bearings.

UPDATE 12/23/2017:  They are still working as well as when I installed them.",Good value,1416960000,,,,48,POSITIVE
1,False,"09 2, 2016",A2BMDREB60D3K6,B00BT2J16C,Marta Miwa,Received one pack all mangled and torn. Really? Was there suppose to be 4 of those?,One Star,1472774400,,,,16,NEGATIVE
5,True,"08 9, 2016",A10ZHDTZ82NQYS,B00SX3T2LO,DENNIS L. STANTON,"I have a pool table in my garage and I wanted to be able to move it. Sometime when it cold or too hot I can pull my car in my garage by rolling the pool table back into the corner and park my car in for repair. Work great. Dennis in Milton, Fl",Installed on Pool Table,1470700800,,,,54,POSITIVE
1,True,"03 21, 2014",A28A4DHKI8YYQ,B00DKWRJLI,Heather,Very misleading in the photo provided. The table was small square which was not what was shown in the photos.,mis represented,1395360000,,"{'Size:': ' 24"" x 24""', 'Color:': ' 1.5"" Rear Riser Top'}",,20,NEGATIVE
5,True,"12 2, 2016",A3HXC68YLCILRC,B00DRALJ28,George L. Ensor,Easy to read,Five Stars,1480636800,,,,3,POSITIVE
5,True,"01 12, 2016",A1E1GS13QPEB95,B000MMI7X8,Michael McArdle,Works great.,Five Stars,1452556800,,,,2,POSITIVE
5,True,"10 17, 2015",A3AWJBD4HB0KUJ,B005W42SW2,TED L TOTH,good good good good good good good good good good good good good good good good good good good good good good good good good good good good good good good good good good good good good good good good good good good good good good good good good good good good good good good good good good good good good good good good good good good good good good,good good good good good good good good good good ...,1445040000,,,,70,POSITIVE
5,False,"05 28, 2011",A2CBZX20LLTAEX,B00005NAVS,Thelma Meyer,"I too have used these for about 10 years. Each scrubbie lasts 4-5 months. Never gets slimy. Does not scratch glassware or china. But cleans them beautifully, getting off anything caked on.  Wonderful for scrubbing pots and pans, cleaning up the sink and stove, etc. - better than anything under the sun.

The only thing it does not do well is pick up spills - need a sponge for that. But unlike sponges - this is neat and clean and sturdy - and well just wonderful!",Marvelous durable - best dish scrubber ever,1306540800,,,,86,POSITIVE
5,True,"07 15, 2014",A22N15P3RA02F3,B003ZATW42,Justin Tong,These spray bottles work great. They can put out a very fine mist which is perfect for my use. They are also cheaper on amazon than buying directly from the manufacturer.,These spray bottles work great. They can put out a very fine mist ...,1405382400,,"{'Size:': ' 16ounce(3pack)', 'Color:': ' clear'}",,31,POSITIVE
5,False,"01 21, 2005",A3VOCAIXZ8T9PZ,B00002240R,Andrew Gleason,"I used this belt to replace the v-belt on my old Craftsman table saw.  I could not believe how little vibration the saw has now.  I was skeptical, but now I am a believer.",Very pleased,1106265600,3,,,34,POSITIVE
3,True,"05 6, 2017",A2GJGPLFOH3X3J,B000FEM392,Grandma Judy,"Kinda tight on the ear holes...have to listen very closely...maybe it's my ears! They do work, I don't think for professional use...",Omron Stethoscope,1494028800,,{'Color:': ' Black'},,22,NEUTRAL
2,True,"06 17, 2016",A2L6S9GCL0EGBF,B001PZ7FIO,Alfonso Leyson Jr.,It was not a solid piece of wood but I could see that it was a three piece wood and glued together. I don't know if it will not come apart with heat and liquid during cooking,It was not a solid piece of wood but I ...,1466121600,,{'Size:': ' 42-Inch'},,37,NEGATIVE
5,True,"07 24, 2017",A23BMXV3OUCO1E,B000EJUBBU,Terry Looft,"I now have two of these, I love them! They work great and I use the inch fraction read out all the time.",Great Value!,1500854400,,{'Size:': ' 6 inch'},,23,POSITIVE
5,True,"01 12, 2017",A33RK1XB0EO2S7,B015PXUZ0Q,John Tanner,Freestyle is the first to give people without insurance and those who do have it a very affordable means to monitor their health.  Abbott reached out and did humanity a good deed here.  Kudos on the effort and the high quality of the product.,Abbott reached out and did humanity a good deed here,1484179200,8,,,44,POSITIVE
5,True,"03 20, 2018",A2N9F53NDCNNOT,B000F09CEA,Amazon Customer,"Worked Perfectly, Thank You",Five Stars,1521504000,,{'Size:': ' 10 oz'},,4,POSITIVE
5,True,"10 11, 2017",AIKS9YY9BRV33,B01CRVL95E,Brandon Gia,Nice and long and fit into tall carrier oil bottles.,Five Stars,1507680000,,,,10,POSITIVE
5,True,"07 27, 2015",A1T426BYBNCKIW,B007FER2IW,R leary,I haven't had a chance to use them yet but it seams to be a good value.,... use them yet but it seams to be a good value.,1437955200,,,,17,POSITIVE
2,True,"02 9, 2016",AZB63DLZ9EUXC,B00QSA77NE,WALT,Does not work well.,Poor product.,1454976000,,,,4,NEGATIVE
5,True,"05 25, 2016",A1XGIC2GPDHLS8,B00GZE3UJ8,Paul Lawson,Works great!,Five Stars,1464134400,,"{'Size:': ' 2 Inches x 30 Yards', 'Color:': ' White'}",,2,POSITIVE
5,True,"05 31, 2010",A1DTVCV562VMH3,B0002EQU6C,Ron Richards,Well worth the money for the difference in CPU temperature. My CPU dropped around 5' at idol after the 10 day setting time.,Artic Silver 5,1275264000,,,,23,POSITIVE
5,True,"10 23, 2015",A1BEJWEH3UX3X5,B003LSXG5E,Niwot Bob,Worked as expected. Great.,Great.,1445558400,,,,4,POSITIVE
5,True,"03 24, 2017",A36U2O3XB3L78P,B00X7R1FZ2,Tyler Baze,"My wife loves this vacuum.  We have tile floors and it runs smoothly over them, and transitions to carpet easily..  The dust collector works great, no complaints yet..",No complaints..,1490313600,,{'Color:': ' Bordeaux'},,28,POSITIVE
5,True,"01 27, 2017",A3JZ1NA49D3UKQ,B00JL4F1SM,Jack C.,these work perfect in my Milwaukee grinder,Five Stars,1485475200,,{'Size:': ' 10PCS with Black Box'},,7,POSITIVE
4,True,"08 20, 2017",A12GNKYTCBF15B,B00004Z2ID,Jaime Barba,work good,Four Stars,1503187200,,,,2,POSITIVE
5,True,"07 25, 2016",A3A86VYI8ZGJ1S,B005O30A9Y,hugh bridgeford,Always dependable,Always dependable,1469404800,,,,2,POSITIVE
4,True,"07 16, 2016",A3NFVR3V9IAWD6,B005VDNOE0,Kimberella,It's great but nothing fancy.  Price fluctuates so keep an eye out and don't rush.,Four Stars,1468627200,,,,15,POSITIVE
2,True,"12 20, 2014",A33EKESJVQN51Q,B00AZ9SHRO,aged learner,Too lightweight for my purposes.,Two Stars,1419033600,2,{'Size:': ' Pack of 1'},,5,NEGATIVE
5,True,"10 26, 2016",A1C7KTCIDR8Q0P,B015NZE6HO,Mista Pizza Steve,Works great in a small office environment. Works great after a year of cleaning up after some of my messy employees!,Works great in a small office environment,1477440000,,,,21,POSITIVE
5,True,"10 11, 2017",A37HE43SZGIJW1,B000AV16H0,Joanie,Bottles arrived quickly and will be perfect for my homemade vanilla!,Five Stars,1507680000,,,,11,POSITIVE
1,True,"11 26, 2017",A2A5847Y371D5E,B01E7G1AU6,Charlene E Martin,"Product went on easy, works well in warm weather and no problem noted with rain. Once weather started to turn cold, not even cold yet this product started to come loose from wooden steps. Tried to keep in place with staples, but product has become very brittle and breaks at a touch. Lowest temperature about 15degrees, NOT a 4 season or winter product.  Product was applied as directed in late Sept. 2017, issues started early Nov. 2017","Product went on easy, works well in warm weather and no problem ...",1511654400,3,"{'Size:': ' 4""'}",,77,NEGATIVE
3,True,"03 4, 2018",A34B8S1FP8RCFN,B008MIRQUE,Jeffrey M. Arnold,Very little for the price.,Three Stars,1520121600,,,,5,NEUTRAL
5,True,"12 21, 2015",A2677JQOWBFRYC,B000HSUV86,Rachel W.,"Good, sturdy, and cheap. Exactly what I was looking for. Work just as well as a chiropractor's.",Work just as good as a chiropractors's blocks. And good price too.,1450656000,,,,17,POSITIVE
4,True,"05 11, 2016",A311Y9MLXPZOZ0,B00T8BJ3SM,Richie,Good for what it is,Four Stars,1462924800,,{'Size:': ' 180 Grit'},,5,POSITIVE
2,True,"06 15, 2017",AIEEJ8ZJ1VP7P,B00M87WH1I,Kristi ,The area that wasn't covered in the protective film is all scratchy and crappy. Also a bolt on the bottom of the tray was broken and the glue stuff was very sloppily applied.,... covered in the protective film is all scratchy and crappy. Also a bolt on the bottom of the ...,1497484800,,,['https://images-na.ssl-images-amazon.com/images/I/71zGlIFQQ9L._SY88.jpg'],33,NEGATIVE
4,True,"03 1, 2015",A5TLEWP9GH4I4,B004Q0JRXQ,Kindle Customer,Great vice for a small work shop. Quality craftsmanship.,Four Stars,1425168000,,,,9,POSITIVE
5,True,"09 8, 2016",A2MYOW3JFL37Q0,B00JGPAKY6,Dolley,I am enjoying my new nonstick pan.  It works beautifully. Made a fritatta in the oven and it turned out perfectly.  I found a recipe that only requires 350 degrees which is what is suggested for this pan.,Perfect nonstick pan that also goes in the oven,1473292800,,"{'Size:': ' 10.25-Inch', 'Color:': ' Gold'}",,38,POSITIVE
3,True,"09 8, 2017",A10CH6755SSFPJ,B000MIPB6S,MOOSEGRISSEL,OK,Three Stars,1504828800,,,,1,NEUTRAL
5,True,"12 16, 2017",A2XQIO84EQMN08,B00YQB85PG,Philip LeMerise,So far so good!,Five Stars,1513382400,,,,4,POSITIVE
4,True,"05 18, 2017",A26329I00IFT2C,B00K7GW03W,Heather Engle,"These are really great, but they are really sticky.",Four Stars,1495065600,,{'Color:': ' Dark Purple'},,9,POSITIVE
5,True,"08 5, 2017",A3GTECXNJXTVI3,B00837ZGRY,Kayla,I use it for checking supply and return air temps on HVAC units. And in a pinch have used to calculate superheat on HVAC units. Handy to have in my tool bag.,Helpful in HVAC work,1501891200,,{'Style Name:': ' lasergrip 774'},,32,POSITIVE
5,True,"02 20, 2015",A2LR2ESEO709JE,B0070IZQBS,Cheryl Johnney,Very good,Five Stars,1424390400,,{'Flavor:': ' Triple Action'},,2,POSITIVE
5,True,"12 31, 2016",A2RQWPODKPT00G,B019781HZW,Tricia M.,"Very Satisfied with this product.  Appears as described.  Very happy with the several categories listed in NO SOLICTING.  Thanks for creating this sign as if each category doesn't appear on my sign, i get hassled by people who don't think the sign applies to them!",Very Satisfied with this product,1483142400,,,,45,POSITIVE
4,True,"02 10, 2017",A12EGBB07FWMXH,B00GS8HE48,Peter D.,"Hooks that won't rust over time, good stuff. Kind of pricey though. I would but them again if they were priced better.",Good Hooks,1486684800,,{'Package Quantity:': ' 2'},,22,POSITIVE
5,True,"12 17, 2017",A1JKJUETIFVWQJ,B00ANYYY5U,David Windsor,"Excellent fit, just what i needed.",Five Stars,1513468800,,"{'Size:': ' XXL', 'Flavor:': ' 100/Box'}",,6,POSITIVE
5,True,"09 10, 2014",A1ASVOAN51QYES,B014W97MH8,J. Ciccarelli,Perfect replacement.  Great Price,Five Stars,1410307200,,,,4,POSITIVE
5,True,"06 1, 2014",A1MS3BM54QOCSN,B000VTQM70,Will S,"works as it should.. surprised me on how accurate it was.. also i never knew my house water was nasty, so unsafe to drink, not that i ever did but if i ever,",im impressed,1401580800,,,,33,POSITIVE
2,True,"10 10, 2014",A24RMKFU38KELI,B005ZJKH68,B.I.G.,"Disappointing.  The handles are sheet metal and riveted together .  Just using my hands, trying to get the grommet to completely form, I bent the handles and popped the rivets, rendering the pliers almost useless.  Maybe I overstressed them, but I don't think you should be able to do that with just your hand.",rendering the pliers almost useless. Maybe I overstressed them,1412899200,8,,,54,NEGATIVE
5,True,"06 27, 2015",A2B2E4SDYDTSWW,B0074II0VM,jjt,Very high quality gasket material .,Five Stars,1435363200,,"{'Size:': ' 1/8 Inch Thick', 'Style:': ' 1/8-Inch Thick'}",,6,POSITIVE
3,True,"12 15, 2016",A127P8A5QQ05KN,B0167XCHWM,Austin David,"The silver works just like PLA.  Not real sparkly, but a little shinier than grey.

Brown is a nice color, but I've had a hell of a time actually using it.  It's not sticking well, strings badly, and i've managed to discard more than has actually printed successfully.  SAD.",Fourish Stars,1481760000,,"{'Size:': ' 2.2lbs (1kg)', 'Color:': ' Silver'}",['https://images-na.ssl-images-amazon.com/images/I/71mjT7+SQrL._SY88.jpg'],49,NEUTRAL
5,True,"03 17, 2013",A17R9JZ852OUYX,B000F4OYMQ,Sara Wilson,Great stethoscope at a great price. It came as described and it was shipped fast! I don't to say anything more!,Great!,1363478400,,{'Color:': ' Black Tube'},,21,POSITIVE
5,True,"06 22, 2015",A2R3GIBZTZHOMA,B00ACBKNS6,Daniel J.,This BP cuff was purchased to replace an older cuff that was showing signs of wear and tear. The new one works perfectly doing exactly what it is supposed to. Was also a good value for the price. Would recommend it to others.,Good BP cuff for the money,1434931200,,{'Color:': ' Light Black'},,43,POSITIVE
1,True,"09 7, 2014",A1SAV0364S465L,B0006GC9I4,Claudia schmidt,Did not work with the frying pan!  Worked with griddle with difficulty!  My appliances are Faberware and the probe did not fit!  Disappointed!,Disappointed!,1410048000,,,,23,NEGATIVE
5,True,"09 28, 2014",A1POO1F5676K4C,B0084XWCZG,g in SC,"Great product, great price",Five Stars,1411862400,,"{'Size:': "" 3' x 5'"", 'Color:': ' Gray'}",,4,POSITIVE
5,False,"03 27, 2017",A1ZG2A6HXMHU5K,B004X2HWWK,UserX,Well made and works perfectly in door entrance.  Short height is perfect if you have limited clearance between the door and your floors.  Would buy again.,Well made and perfect for entrance,1490572800,,"{'Size:': "" 3' Width x 4' Length"", 'Color:': ' Charcoal'}",,26,POSITIVE
5,True,"08 10, 2013",A2SLINMZ4ZN53V,B007PFSCP8,IneedAmazonRehab,It's tape! It sticks! It's super mario bros. just as described. u will love this tape if u love tape and super mario brothers!! lol :),Tape!!!,1376092800,2,,,26,POSITIVE
4,True,"08 8, 2016",A32DCQ8ZAA48SM,B004Y960MU,John Wassef,Working good,Four Stars,1470614400,,{'Size Name:': ' Single'},,2,POSITIVE
5,True,"03 5, 2018",AWDXK5B2YPT60,B00AQKIEXY,Adan Sanchez,Just what I needed ,Five Stars,1520208000,,{'Style Name:': ' Standard'},,4,POSITIVE
5,True,"10 3, 2016",A119QFNNXNZASI,B005CRKR54,Ronald D. Upole,Very pleased with results. Easy to use.,Five Stars,1475452800,,,,7,POSITIVE
5,True,"10 4, 2016",A3HVCGZ1JHSDWW,B01FSSAPX0,Margaret C. Hart,"Just what I needed. I was able to cut it to size I needed and I will be reordering today. A great buy, price is right.","A great buy, price is right",1475539200,,,,26,POSITIVE
4,True,"10 25, 2017",A2V2ZG6IECEINW,B013S1VAM4,don perry,Nothing wrong with hydrometer except I orders the wrong one,Four Stars,1508889600,,{'Color:': ' Clear'},,10,POSITIVE
5,False,"11 24, 2010",AGSRF4XNK5UAD,B001I90NUO,Amazon Customer,This toothpaste tastes great and doesn't have an aftertaste like so many regular brands have. My teeth felt smooth and glossy after brushing similar to how they feel at the dentist's office. Love it!,Delicious!,1290556800,4,,,34,POSITIVE
1,True,"03 11, 2013",A2N650YXZ5ECPC,B008IGXSSY,LENARD D DAVIS JR,brouhgt this for my weld pack 180 didn't fit on top shelf and went across a bump in the drive way and the thing bent in half its too thin junk don't buy!!!!!!!!!!!!!!,weak and thin!!!,1362960000,,,,33,NEGATIVE
5,True,"06 22, 2015",A1Q3V1PE2WID76,B005KMDV9A,SF,"Lightweight, excellent suction and easy to maneuver.",Nice vacuum,1434931200,,,,7,POSITIVE
1,True,"12 3, 2012",A3FM2HAV42XUB5,B005CKZNSM,Dead Cow,"i wanted these cables to work, they are the perfect size for an external battery.

ii bought two sets, six cables.  two months later, five cables have now failed.

two were dead on arrival, two gradually failed, and just now as i pulled the usb cable out of my computer with normal force, the entire middle portion detached.

don't waste your money on this.

UPDATE:  the sixth/last cable has failed.  not one of them lasted more than a month.",All those who gave 5 stars should update their review after a month.,1354492800,8,,,79,NEGATIVE
5,True,"04 6, 2016",A13UV91QFETV1A,B00KV5INLW,Brian Broederdorf,Perfect size works great,Five Stars,1459900800,,,,4,POSITIVE
5,True,"04 7, 2015",A3L2X343GL956I,B008TSY934,J.Fleming,"Exactly what I need to replace missing parts from an aquarium pump.  It does not have an O-ring anywhere so you might want to consider that, I did not have an issue without one.  Yet.",Great,1428364800,,"{'Size:': ' 3/4"" NPT Male x 5/8"" Hose ID'}",,35,POSITIVE
5,True,"04 26, 2018",A3CH4KM3XR27MG,B000LDE9C6,Kenneth W.,on the money,Five Stars,1524700800,,"{'Size:': ' 2mm Tip Diameter', 'Style Name:': ' TP2'}",,3,POSITIVE
5,True,"01 6, 2015",ATZJRPSK3LBGH,B00DQH4XPW,james grant,very good,tests great,1420502400,,,,2,POSITIVE
5,False,"07 23, 2014",A2LD2TJV7E1GAA,B000OVPCX0,p,Good,Five Stars,1406073600,,"{'Size:': ' 7""'}",,1,POSITIVE
4,True,"03 12, 2013",A14VLVRPPNQE1G,B001ESE2EC,kremena tobin,"Good product,my question is could kids swallow toothpaste occasionally?
Nice smell,kids like that.***********
I like the consistency and fresh smell too.","Jason Kids Only Toothpaste, Strawberry, 4.2 Ounce",1363046400,,{'Flavor:': ' Strawberry'},,21,POSITIVE
5,True,"07 1, 2018",APNO8NS7BNYOK,B01B39S9MM,Rhino,"Looks great, it's a nice size, easy to put up.  I think it will last for many years","Looks great, well made",1530403200,,{'Material Type:': ' Plastic'},,18,POSITIVE
5,False,"03 2, 2016",A21WR3F0YUAJZY,B019NH5WDU,Adam P.,Great Colors.,Five Stars,1456876800,,{'Color:': ' Colorful'},,2,POSITIVE
5,True,"01 1, 2015",A3EHABCC1A7EOW,B00DVBG5C2,Carla Hurlbert,Used on carpet for train tracks in office decorations.  Didn't ruin carpet but didn't stay down well either.,Five Stars,1420070400,,,,18,POSITIVE
5,True,"03 24, 2016",A25UXB1MYSFX2H,B00PKKHC2Y,Ace one,We use this in our warehouse for the heavy semi liquid oils. Takes about an hour to full warm up a 5 gallon bucket. The cord could of been a bit longer. We use them daily and seems well manufactured.,Good Buy,1458777600,,"{'Size:': ' Fits 5-Gallon', 'Style:': ' Bucket/Pail'}",,40,POSITIVE
5,True,"03 11, 2017",A2Q0AZ85VNUKG7,B000KKVL6C,Ryan Kastl,Great price an fits well in the pegboard.,Works Well,1489190400,,{'Color:': ' Multi'},,8,POSITIVE
5,True,"04 1, 2018",A9FVWNCWB6P3T,B00PXNU586,Gary Gaskill,"High quality, works well.","High quality, works well. What more do I need to say?",1522540800,,,,4,POSITIVE
4,True,"01 17, 2017",A2KK40OD8UA374,B00C351GBC,Amazon Customer,"I am happy with the Shark Navigator. It is much easier to use in the book store. Although it is not as powerful as our old vacuuming,it is much easier to use and not having to mess with the cord is wonderful. My back and my employees are happy with the purchase.",Shark Navigator,1484611200,2,{'Color:': ' White'},['https://images-na.ssl-images-amazon.com/images/I/71Lu4I4HEYL._SY88.jpg'],52,POSITIVE
5,True,"07 5, 2014",ALB1VGJ1N69H4,B00DVOVGW8,MikeThinks,"Very good print quality from this ABS, Don't know what more I could want from a basic black filament :)",Good stuff,1404518400,,"{'Size:': ' 2 lb', 'Color:': ' black'}",,20,POSITIVE
5,True,"06 11, 2014",A364B2LDQTCH20,B00I8NM6JO,C. Lacey,"I am new to 3D printing and I purchased this about a month ago. It was easy to set up, and it does a great job. Soooo glad I didn't get one of the cheaper kits you have to build yourself. It's given me no trouble so far. It's definitely worth the money. I highly recommend it.",Great printer!,1402444800,,,,57,POSITIVE
1,True,"07 21, 2016",A32Y5BN9AUW1ZQ,B00OCX4CC8,JZ,"GARBAGE. Not worth burning in the fire place. Amazon NOT responsive to picking this crap up. Amazon is failing. More and more items come broken or used. They are a re-sale shop, nothing more. Too big to fail? Their slide has started. STAY AWAY. Go to E-Bay for responsible, caring and worthy products and SUPPORT.",AMAZON IS big enough to fail..........,1469059200,4,{'Color:': ' Black/Mahogany'},,55,NEGATIVE
5,True,"07 29, 2016",A2S8YGPSOMAVID,B00EZPO7LO,Mustafa Kemal BESER,It is the best replacement genuine item that I purchased within past 3 years for my AC unit,Five Stars,1469750400,,,,18,POSITIVE
4,True,"01 10, 2017",A2S12G1NB4ZMB6,B00CR8ZRCY,RFDurango,Great product,Four Stars,1484006400,,{'Size Name:': ' 1-Pack'},,2,POSITIVE
5,True,"02 23, 2016",A2OLCNLZU28CVY,B0105G3HVW,Jim S,Good quality and price.  Worked fine,Five Stars,1456185600,,"{'Style:': ' Check Valve,1 PCS'}",,6,POSITIVE
5,True,"12 23, 2013",A1KOHY2LN5PBV4,B000EJUBBU,Wilbur Ince,"Perfect for making exact measurements, in a size that fits small to medium jobs.  If you are only buying one caliper, this is the size.",Great tool,1387756800,,{'Size:': ' 12 inch'},,25,POSITIVE
5,True,"07 13, 2017",A10FXUYJA86DD,B00KHTPBVM,perfectionist,Wonderful pan!,Wonderful pan!,1499904000,,"{'Size:': ' 10.25-Inch', 'Color:': ' Gold'}",,2,POSITIVE
5,True,"10 22, 2016",ABRAW7BF00UOI,B01GJL08LE,Sam Fisher,"Very bright and pretty long battery life. Only downfall is that the clicking of the on/off button is pretty loud so this can get annoying when you are turning the pen on/off a lot. Other than that, its great.",Great and bright,1477094400,,,,39,POSITIVE
4,True,"04 30, 2018",A2UUEV4MYOJY66,B0071NBPE4,Fix-it Man,Makes it easier to hook up 120 volt hour meters to household appliances without chopping into the factory wiring.,Piggyback Quarter Inch Connectors,1525046400,,"{'Size:': ' 16-14 Gauge, 1/4"" Male/Female Piggy-Back Tabs (Pack of 10)'}",,19,POSITIVE
5,True,"12 28, 2014",A2O3GI72WWYQPJ,B003BZRIBK,Detail Guy,Works well.  Applies and releases well.,Works well. Applies and releases well.,1419724800,,"{'Size:': ' 2"" X 165\'', 'Color:': ' Black'}",,6,POSITIVE
5,True,"02 28, 2014",ADU3EKZY9RQTR,B000BLIC5S,CatDickel,"that is always my problem when i go to lowes, home depot or where ever.... i forget to get a couple of cans; so, buy online and don't forget. Plus the price is better.",Don't Forget Buy Online,1393545600,2,"{'Color:': ' Clear', 'Size Name:': ' 4-Ounce'}",,34,POSITIVE
5,True,"07 26, 2014",A2QVY7TD3FQFW3,B000KIEPSA,l. child,works perfect,Five Stars,1406332800,,{'Size:': ' #2 Morse Taper'},,2,POSITIVE
5,True,"04 2, 2015",A1R8L27Y5H8UNM,B000FN3KXG,Ed Price,Shipped quickly and arrived as described.,Five Stars,1427932800,,"{'Size:': ' #4-40', 'Length:': ' 3/8', 'Number of Items:': ' 100', 'Overall Length:': ' 3/8'}",,6,POSITIVE
2,False,"05 25, 2015",A15Y2HXRNTQCKY,B0099YRY8O,lx,"Decent scope for the money, but the screen update rate is painfully slow.
I'm trying to track some PWM signals and their integrated reference voltages, but the SDS5032E updates the screen much slower than the signals change, so it's useless for measuring the lag from power change command to PWM and reference voltage change.",Screen refresh is way too slow,1432512000,,,,54,NEGATIVE
1,True,"08 4, 2014",A1IIXZX22F76FS,B006WMRVS4,InterEx,"Per the  review, it was top in the same category product and purchased without hesitation and it made me  return it at the end.
Even no chance to use it due to too much tight screw at the battery box.
To unscrew I bought the micro driver but it was just another waste of money!
I purchased the other item from iGaging instead.
Very disappointed....",To unscrew I bought the micro driver but it was just another waste of money,1407110400,3,,,65,NEGATIVE
5,True,"02 16, 2015",A1EK1O0CRP5XC9,B009B0VASG,e rich,"great quality, size could be bigger was as described very happy",Five Stars,1424044800,,"{'Size:': ' 10"" x 7""', 'Material:': ' Durable Non-Reflective Aluminum'}",,11,POSITIVE
1,True,"05 24, 2016",A2WYD03JUA42AL,B009VSFZDO,michelle chavez,They look bigger in reality they are to small,One Star,1464048000,,"{'Size:': ' 4 OUNCE', 'Color:': ' Translucent'}",,9,NEGATIVE
4,True,"06 12, 2017",A37OOQ7HAT0VPA,B00DMI632G,Amazon Customer,"Love the product. That said, it came with a dead battery.",Four Stars,1497225600,,{'Style Name:': ' lasergrip 1080'},,11,POSITIVE
5,True,"03 16, 2016",A1GBWLV6KZOBS,B0057PUEZO,Tracy Moore,Just right.,Five Stars,1458086400,,,,2,POSITIVE
5,True,"06 3, 2016",A2RPYZT8AOMZ9P,B000087KUA,Joseph T.,"We use this tape routinely for our commercial shipping carton sealing needs.  No problems, great 3M product.",Great tape,1464912000,,"{'Size:': ' 6 Rolls', 'Style:': ' Without Dispenser'}",,17,POSITIVE
5,True,"02 10, 2018",A3CBNEU7LDWQLQ,B011MIAL2K,Bethany Jentzsch,"Got this for my hyper-sensitive, picky, supertaster daughter.  I wanted to get my kids off of Fluoride toothpaste and the problem is she doesnt like anything minty, cinnamon-y, and the fruity/strawberry flavors that other brands offer she said were gross.
So this one is our compromise.","Daughter likes it, I love that there is no fluoride...",1518220800,,,,46,POSITIVE
5,False,"08 13, 2014",A2C7XOKOP8BE3I,B004N9E30C,Eddie S.,it is good.,Five Stars,1407888000,,,,3,POSITIVE
1,True,"03 21, 2016",A2HECLG5LJSDGS,B017L174P4,Richard Terry Jr.,"Sorry, but if you are looking to get this for coil builds on a temperature control vape device, then don't get this size. Useless in any RDA or RTA. you'd need to build a coil with like 20 wraps on a 3mm to get the right ohms. Do yourself a favor and get a much smaller gauge. Lke a maybe a 28- 32.",Too big for vaping builds,1458518400,2,,,63,NEGATIVE
5,True,"05 17, 2017",AGTHU8TU729M3,B001OPHG6Q,Chris Glenday,Exactly what I needed!,Five Stars,1494979200,,"{'Size:': ' 1-Pint/1-Quart', 'Color:': ' Blue'}",,4,POSITIVE
5,True,"01 21, 2017",A1UKAM3DUNIJC3,B012938E76,offgridsid,"Tough, reliable and pretty much just Excellent.",reliable and pretty much just Excellent,1484956800,,,,7,POSITIVE
1,True,"12 11, 2017",A3TVMZ3EUPPGEM,B00DRALJ28,mike,The magnet on the back came unglued after a week and it fell of the side of my refrigerator and broke... quality.,The magnet on the back came unglued after a week ...,1512950400,,,,22,NEGATIVE
5,True,"03 22, 2017",A1BSUKXTP8S2V,B01H5QKVJG,Amazon Customer,excellent,Five Stars,1490140800,,"{'Size:': ' 4 Pack', 'Color:': ' Black'}",,1,POSITIVE
5,True,"06 18, 2016",A5FBAPH4T2P4N,B018WRJYUE,Robert Anderson,Just what I needed,Great item,1466208000,,"{'Pattern:': ' 12V DC 1/2"" NPT'}",,4,POSITIVE
5,True,"11 15, 2017",A3EQH1SVZXOI6J,B00XH8RQVS,Tom G.,My old armband was past its usefulness.,Great Product,1510704000,,{'Color:': ' Black'},,7,POSITIVE
4,True,"11 20, 2014",A3HP48CWFLJSOQ,B006NXIH26,AG mommy,Works great.,Four Stars,1416441600,,,,2,POSITIVE
1,True,"08 12, 2014",A2OZEAHS3KX0P7,B000P49BX8,Joell Iskander,many of the bits I recived were bend/unusable,Disappointment,1407801600,8,"{'Size:': ' 120-150 Grit', 'Style:': ' Titanium-Coated'}",,8,NEGATIVE
5,True,"03 23, 2015",A122DWQ6NA7459,B002WJHE7E,Rae Nunley,"Using them in a busy hospital environment, and they work great. Very study and large enough to cut sizable dressings. Carey them every day as they can also be used to cut apart meds and open all kinds of packages. Highly recommendable to others!",and they work great. Very study and large enough to cut sizable ...,1427068800,,{'Color:': ' Black'},,44,POSITIVE
5,True,"03 12, 2018",A2NWVEA8HOXO3D,B003ICY2H4,stephen downs,great product,Five Stars,1520812800,,,,2,POSITIVE
5,True,"10 25, 2017",A2XHXH0P7VT4IL,B004LS711I,salvatore de sieno,well made,Five Stars,1508889600,,{'Color:': ' Orange Glo'},,2,POSITIVE
5,True,"10 9, 2017",A23WWY1TDEGG2H,B01CS2OFBW,cesar aviles,Works great as expected. Timely delivery,Five Stars,1507507200,,"{'Color:': ' Plum Tube, Stainless Stem', 'Style:': ' Stainless Chestpiece'}",,6,POSITIVE
5,True,"11 26, 2016",A145LD3NA10YQK,B00AZBIZTW,Monica Guza,"forget spending big money on pet vacuums, this one works great. We have 2 big dogs, a lab and a husky, plus a cat in a tiny 2 bedroom house. This vacuum sucks up the hair amazingly well. I toss a box of baking soda down and up comes all the smelly hair. The only struggle I have is the canister is clumsy when you pull the filter out to clean. I'm so happy with how well it cleans, I can deal.",this one works great. We have 2 big dogs,1480118400,,"{'Color:': ' Purple', 'Style Name:': ' Vacuum Only'}",,82,POSITIVE
4,True,"12 19, 2015",A1NY8MREXJ4JL4,B005MKGQGA,M Molina,Easy to install,Four Stars,1450483200,,{'Color:': ' N/A'},,3,POSITIVE
5,True,"01 29, 2016",A2PXT6J0FLN09H,B018QNM7V2,Sting J,It is what it is.  Nice pads for myth vice,Just as expected.,1454025600,,{'Size:': ' Medium'},,10,POSITIVE
5,True,"10 13, 2014",APWZOS021CTUX,B001E5XR4Q,lois king,this works great on my sewing threads,Five Stars,1413158400,,{'Size:': ' 1 Inch x 50 Feet'},,7,POSITIVE
5,True,"06 3, 2015",A2889DJIMHM7OM,B000OAMYJG,mahlon wray,Perfect,Five Stars,1433289600,,,,1,POSITIVE
